tourney_name,tourney_level,tourney_date,surface,round,best_of,winner_name,loser_name,score,winner_rank,loser_rank,winner_rank_points,loser_rank_points
Brisbane,ATP250,2026/1/4,Hard,R32,3,Frances Tiafoe,Aleksandar Vukic,6-2 6-2,30,87,1485,693
Brisbane,ATP250,2026/1/4,Hard,R32,3,Learner Tien,Camilo Ugo Carabelli,7-6 6-3,26,48,1540,1028
Brisbane,ATP250,2026/1/5,Hard,R32,3,Sebastian Korda,Valentin Vacherot,7-6 6-3,46,31,1090,1469
Brisbane,ATP250,2026/1/5,Hard,R32,3,Alex Michelsen,James Duckworth,6-7 7-6 6-3,37,86,1300,694
Brisbane,ATP250,2026/1/5,Hard,R32,3,Jiri Lehecka,Tomas Machac,6-4 6-7 6-2,19,35,2075,1360
Brisbane,ATP250,2026/1/5,Hard,R32,3,Kamil Majchrzak,Daniel Altmaier,7-6 6-0,59,44,861,1123
Brisbane,ATP250,2026/1/5,Hard,R32,3,Quentin Halys,Alexei Popyrin,5-7 6-3 6-4,91,50,669,1000
Brisbane,ATP250,2026/1/5,Hard,R32,3,Reilly Opelka,Dane Sweeny,6-3 7-5,60,183,861,315
Brisbane,ATP250,2026/1/5,Hard,R32,3,Daniil Medvedev,Marton Fucsovics,6-2 6-3,13,54,2710,949
Brisbane,ATP250,2026/1/6,Hard,R32,3,Raphael Collignon,Denis Shapovalov,6-4 6-2,84,23,704,1665
Brisbane,ATP250,2026/1/6,Hard,R32,3,Brandon Nakashima,Alejandro Davidovich Fokina,7-6 6-4,33,14,1380,2585
Brisbane,ATP250,2026/1/6,Hard,R32,3,Giovanni Mpetshi Perricard,Tommy Paul,7-6 3-6 7-6,67,20,825,2050
Brisbane,ATP250,2026/1/6,Hard,R32,3,Aleksandar Kovacevic,Nick Kyrgios,6-3 6-4,58,670,877,50
Brisbane,ATP250,2026/1/6,Hard,R32,3,Cameron Norrie,Ugo Humbert,1-6 7-6 7-5,28,36,1523,1355
Brisbane,ATP250,2026/1/6,Hard,R32,3,Rinky Hijikata,Adam Walton,6-3 6-2,111,77,546,732
Brisbane,ATP250,2026/1/6,Hard,R32,3,Grigor Dimitrov,Pablo Carreno Busta,6-3 6-2,47,92,1080,656
Brisbane,ATP250,2026/1/7,Hard,R16,3,Alex Michelsen,Learner Tien,6-4 6-2,37,26,1300,1540
Brisbane,ATP250,2026/1/7,Hard,R16,3,Daniil Medvedev,Frances Tiafoe,6-3 6-2,13,30,2710,1485
Brisbane,ATP250,2026/1/7,Hard,R16,3,Sebastian Korda,Jiri Lehecka,6-3 1-2 RET,46,19,1090,2075
Brisbane,ATP250,2026/1/7,Hard,R16,3,Kamil Majchrzak,Reilly Opelka,6-7 7-6 7-6,59,60,861,861
Brisbane,ATP250,2026/1/8,Hard,R16,3,Aleksandar Kovacevic,Cameron Norrie,7-6 4-6 6-4,58,28,877,1523
Brisbane,ATP250,2026/1/8,Hard,R16,3,Brandon Nakashima,Quentin Halys,6-2 6-4,33,91,1380,669
Brisbane,ATP250,2026/1/8,Hard,R16,3,Giovanni Mpetshi Perricard,Rinky Hijikata,4-6 7-6 7-6,67,111,825,546
Brisbane,ATP250,2026/1/8,Hard,R16,3,Raphael Collignon,Grigor Dimitrov,7-6 6-3,84,47,704,1080
Brisbane,ATP250,2026/1/9,Hard,QF,3,Aleksandar Kovacevic,Giovanni Mpetshi Perricard,7-6 4-6 6-3,58,67,877,825
Brisbane,ATP250,2026/1/9,Hard,QF,3,Brandon Nakashima,Raphael Collignon,6-3 6-3,33,84,1380,704
Brisbane,ATP250,2026/1/9,Hard,QF,3,Alex Michelsen,Sebastian Korda,6-3 7-6,37,46,1300,1090
Brisbane,ATP250,2026/1/9,Hard,QF,3,Daniil Medvedev,Kamil Majchrzak,6-7 6-3 6-2,13,59,2710,861
Brisbane,ATP250,2026/1/10,Hard,SF,3,Brandon Nakashima,Aleksandar Kovacevic,7-6 6-4,33,58,1380,877
Brisbane,ATP250,2026/1/10,Hard,SF,3,Daniil Medvedev,Alex Michelsen,6-4 6-2,13,37,2710,1300
Brisbane,ATP250,2026/1/11,Hard,F,3,Daniil Medvedev,Brandon Nakashima,6-2 7-6,13,33,2710,1380
Hong Kong,ATP250,2026/1/5,Hard,R32,3,Nuno Borges,Damir Dzumhur,6-4 6-3,45,65,1120,837
Hong Kong,ATP250,2026/1/5,Hard,R32,3,Marin Cilic,Adrian Mannarino,6-3 6-2,70,68,765,817
Hong Kong,ATP250,2026/1/5,Hard,R32,3,Yibing Wu,Fabian Marozsan,6-4 6-2,179,53,322,975
Hong Kong,ATP250,2026/1/6,Hard,R32,3,Tomas Martin Etcheverry,Valentin Royer,6-4 7-5,57,56,895,924
Hong Kong,ATP250,2026/1/6,Hard,R32,3,Lorenzo Sonego,Rei Sakamoto,6-2 7-6,39,200,1240,292
Hong Kong,ATP250,2026/1/6,Hard,R32,3,Alexandre Muller,Miomir Kecmanovic,7-5 6-4,52,51,980,1000
Hong Kong,ATP250,2026/1/6,Hard,R32,3,Coleman Wong,Mariano Navone,6-3 7-5,150,72,406,760
Hong Kong,ATP250,2026/1/6,Hard,R32,3,Gabriel Diallo,Jesper De Jong,6-4 7-6,40,71,1215,763
Hong Kong,ATP250,2026/1/6,Hard,R32,3,Michael Mmoh,Alejandro Tabilo,7-5 6-4,285,81,184,717
Hong Kong,ATP250,2026/1/6,Hard,R32,3,Botic Van De Zandschulp,Jan Lennard Struff,6-3 1-6 6-1,75,82,746,711
Hong Kong,ATP250,2026/1/6,Hard,R32,3,Marcos Giron,Laslo Djere,6-2 6-0,64,95,845,652
Hong Kong,ATP250,2026/1/6,Hard,R32,3,Juncheng Shang,Francisco Comesana,6-4 6-4,406,66,115,829
Hong Kong,ATP250,2026/1/7,Hard,R16,3,Lorenzo Musetti,Tomas Martin Etcheverry,6-7 6-2 6-4,7,57,3990,895
Hong Kong,ATP250,2026/1/7,Hard,R16,3,Nuno Borges,Marin Cilic,7-5 6-3,45,70,1120,765
Hong Kong,ATP250,2026/1/7,Hard,R16,3,Coleman Wong,Gabriel Diallo,1-6 7-5 7-5,150,40,406,1215
Hong Kong,ATP250,2026/1/7,Hard,R16,3,Andrey Rublev,Yibing Wu,3-6 6-2 6-1,16,179,2510,322
Hong Kong,ATP250,2026/1/8,Hard,R16,3,Juncheng Shang,Lorenzo Sonego,6-3 6-4,406,39,115,1240
Hong Kong,ATP250,2026/1/8,Hard,R16,3,Marcos Giron,Alexandre Muller,6-4 7-6,64,52,845,980
Hong Kong,ATP250,2026/1/8,Hard,R16,3,Michael Mmoh,Karen Khachanov,7-6 7-6,285,17,184,2320
Hong Kong,ATP250,2026/1/8,Hard,R16,3,Alexander Bublik,Botic Van De Zandschulp,6-3 6-3,11,75,2845,746
Hong Kong,ATP250,2026/1/9,Hard,QF,3,Lorenzo Musetti,Coleman Wong,6-4 6-4,7,150,3990,406
Hong Kong,ATP250,2026/1/9,Hard,QF,3,Andrey Rublev,Nuno Borges,6-3 6-4,16,45,2510,1120
Hong Kong,ATP250,2026/1/9,Hard,QF,3,Alexander Bublik,Juncheng Shang,6-1 7-6,11,406,2845,115
Hong Kong,ATP250,2026/1/9,Hard,QF,3,Marcos Giron,Michael Mmoh,6-3 1-0 RET,64,285,845,184
Hong Kong,ATP250,2026/1/10,Hard,SF,3,Lorenzo Musetti,Andrey Rublev,6-7 7-5 6-4,7,16,3990,2510
Hong Kong,ATP250,2026/1/10,Hard,SF,3,Alexander Bublik,Marcos Giron,3-6 6-4 6-2,11,64,2845,845
Hong Kong,ATP250,2026/1/11,Hard,F,3,Alexander Bublik,Lorenzo Musetti,7-6 6-3,11,7,2845,3990
Adelaide,ATP250,2026/1/12,Hard,R32,3,Reilly Opelka,Alexei Popyrin,6-3 7-6,62,49,873,1000
Adelaide,ATP250,2026/1/12,Hard,R32,3,Jaume Munar,Daniel Altmaier,6-3 6-0,38,44,1295,1123
Adelaide,ATP250,2026/1/12,Hard,R32,3,Valentin Vacherot,Miomir Kecmanovic,7-6 6-4,32,59,1469,910
Adelaide,ATP250,2026/1/12,Hard,R32,3,Ugo Humbert,Terence Atmane,6-3 7-6,36,64,1355,862
Adelaide,ATP250,2026/1/12,Hard,R32,3,Thanasi Kokkinakis,Sebastian Korda,3-6 6-3 7-6,670,51,50,975
Adelaide,ATP250,2026/1/13,Hard,R32,3,Tomas Machac,James Duckworth,6-3 6-3,35,86,1360,694
Adelaide,ATP250,2026/1/13,Hard,R32,3,Rinky Hijikata,Tristan Schoolkate,6-4 6-4,115,97,527,641
Adelaide,ATP250,2026/1/13,Hard,R32,3,Quentin Halys,Jacob Fearnley,6-3 6-4,85,77,697,752
Adelaide,ATP250,2026/1/13,Hard,R32,3,Alexander Shevchenko,Damir Dzumhur,4-6 6-4 7-5,104,66,597,837
Adelaide,ATP250,2026/1/13,Hard,R32,3,Andrea Vavassori,Gabriel Diallo,6-3 7-6,336,41,147,1215
Adelaide,ATP250,2026/1/13,Hard,R32,3,Marton Fucsovics,Ethan Quinn,6-4 6-4,55,78,949,733
Adelaide,ATP250,2026/1/13,Hard,R32,3,Aleksandar Vukic,Stefanos Tsitsipas,7-6 7-6,87,33,693,1455
Adelaide,ATP250,2026/1/14,Hard,R16,3,Jaume Munar,Francisco Cerundolo,3-6 7-5 6-4,38,20,1295,2035
Adelaide,ATP250,2026/1/14,Hard,R16,3,Ugo Humbert,Tallon Griekspoor,6-4 6-1,36,25,1355,1565
Adelaide,ATP250,2026/1/14,Hard,R16,3,Tomas Machac,Quentin Halys,6-4 6-2,35,85,1360,697
Adelaide,ATP250,2026/1/14,Hard,R16,3,Tommy Paul,Reilly Opelka,6-4 6-4,21,62,2000,873
Adelaide,ATP250,2026/1/14,Hard,R16,3,Alexander Shevchenko,Marton Fucsovics,6-3 7-6,104,55,597,949
Adelaide,ATP250,2026/1/14,Hard,R16,3,Aleksandar Vukic,Andrea Vavassori,6-2 7-6,87,336,693,147
Adelaide,ATP250,2026/1/14,Hard,R16,3,Valentin Vacherot,Thanasi Kokkinakis,W/O,32,670,1469,50
Adelaide,ATP250,2026/1/14,Hard,R16,3,Alejandro Davidovich Fokina,Rinky Hijikata,6-3 6-2,15,115,2585,527
Adelaide,ATP250,2026/1/15,Hard,QF,3,Tomas Machac,Jaume Munar,6-4 6-4,35,38,1360,1295
Adelaide,ATP250,2026/1/15,Hard,QF,3,Tommy Paul,Aleksandar Vukic,6-3 6-2,21,87,2000,693
Adelaide,ATP250,2026/1/15,Hard,QF,3,Ugo Humbert,Alexander Shevchenko,6-0 6-3,36,104,1355,597
Adelaide,ATP250,2026/1/15,Hard,QF,3,Alejandro Davidovich Fokina,Valentin Vacherot,7-6 6-2,15,32,2585,1469
Adelaide,ATP250,2026/1/16,Hard,SF,3,Tomas Machac,Tommy Paul,2-6 6-3 6-3,35,21,1360,2000
Adelaide,ATP250,2026/1/16,Hard,SF,3,Ugo Humbert,Alejandro Davidovich Fokina,6-3 5-7 7-6,36,15,1355,2585
Adelaide,ATP250,2026/1/17,Hard,F,3,Tomas Machac,Ugo Humbert,6-4 6-7 6-2,35,36,1360,1355
Auckland,ATP250,2026/1/11,Hard,R32,3,Eliot Spizzirri,Adrian Mannarino,6-4 6-3,89,69,672,810
Auckland,ATP250,2026/1/12,Hard,R32,3,Jenson Brooksby,James Watt,6-4 6-3,48,643,1017,55
Auckland,ATP250,2026/1/12,Hard,R32,3,Francisco Comesana,Valentin Royer,6-4 6-4,68,57,829,924
Auckland,ATP250,2026/1/12,Hard,R32,3,Cameron Norrie,Hugo Gaston,6-3 6-4,28,94,1538,653
Auckland,ATP250,2026/1/12,Hard,R32,3,Sebastian Baez,Emilio Nava,4-6 7-5 6-3,39,88,1250,677
Auckland,ATP250,2026/1/12,Hard,R32,3,Alejandro Tabilo,Camilo Ugo Carabelli,6-4 6-2,81,47,722,1028
Auckland,ATP250,2026/1/12,Hard,R32,3,Alex Michelsen,Mariano Navone,2-6 6-2 7-5,37,74,1350,760
Auckland,ATP250,2026/1/13,Hard,R32,3,Giovanni Mpetshi Perricard,Roberto Bautista Agut,6-3 7-6,63,90,865,670
Auckland,ATP250,2026/1/13,Hard,R32,3,Marcos Giron,Alexandre Muller,6-2 6-2,60,50,895,980
Auckland,ATP250,2026/1/13,Hard,R32,3,Hamad Medjedovic,Aleksandar Kovacevic,6-4 3-6 7-6,96,54,643,964
Auckland,ATP250,2026/1/13,Hard,R32,3,Fabian Marozsan,Gael Monfils,5-7 6-3 6-4,52,110,975,550
Auckland,ATP250,2026/1/13,Hard,R32,3,Nuno Borges,Tomas Martin Etcheverry,7-5 3-6 7-6,46,61,1070,895
Auckland,ATP250,2026/1/13,Hard,R16,3,Marcos Giron,Alex Michelsen,6-4 6-4,60,37,895,1350
Auckland,ATP250,2026/1/13,Hard,R16,3,Ben Shelton,Francisco Comesana,7-5 6-4,8,68,3960,829
Auckland,ATP250,2026/1/14,Hard,R16,3,Sebastian Baez,Jenson Brooksby,7-5 6-0,39,48,1250,1017
Auckland,ATP250,2026/1/14,Hard,R16,3,Luciano Darderi,Alejandro Tabilo,1-6 7-5 6-3,24,81,1579,722
Auckland,ATP250,2026/1/14,Hard,R16,3,Eliot Spizzirri,Nuno Borges,7-6 6-4,89,46,672,1070
Auckland,ATP250,2026/1/14,Hard,R16,3,Giovanni Mpetshi Perricard,Cameron Norrie,4-6 6-3 7-6,63,28,865,1538
Auckland,ATP250,2026/1/14,Hard,R16,3,Fabian Marozsan,Casper Ruud,6-4 6-4,52,13,975,2795
Auckland,ATP250,2026/1/14,Hard,R16,3,Jakub Mensik,Hamad Medjedovic,6-1 3-6 6-3,18,96,2125,643
Auckland,ATP250,2026/1/14,Hard,QF,3,Marcos Giron,Luciano Darderi,1-6 7-5 6-4,60,24,895,1579
Auckland,ATP250,2026/1/15,Hard,QF,3,Jakub Mensik,Giovanni Mpetshi Perricard,6-4 6-2,18,63,2125,865
Auckland,ATP250,2026/1/15,Hard,QF,3,Fabian Marozsan,Eliot Spizzirri,6-4 2-6 6-2,52,89,975,672
Auckland,ATP250,2026/1/15,Hard,QF,3,Sebastian Baez,Ben Shelton,7-5 6-3,39,8,1250,3960
Auckland,ATP250,2026/1/16,Hard,SF,3,Jakub Mensik,Fabian Marozsan,7-6 4-6 6-1,18,52,2125,975
Auckland,ATP250,2026/1/16,Hard,SF,3,Sebastian Baez,Marcos Giron,6-1 6-4,39,60,1250,895
Auckland,ATP250,2026/1/17,Hard,F,3,Jakub Mensik,Sebastian Baez,6-3 7-6,18,39,2125,1250
Australian Open,Grand Slam,2026/1/18,Hard,R128,5,Tomas Martin Etcheverry,Miomir Kecmanovic,6-2 3-6 4-6 6-3 6-4,62,60,895,910
Australian Open,Grand Slam,2026/1/18,Hard,R128,5,Arthur Fery,Flavio Cobolli,7-6 6-4 6-1,186,22,316,1955
Australian Open,Grand Slam,2026/1/18,Hard,R128,5,Corentin Moutet,Tristan Schoolkate,6-4 7-6 6-3,37,98,1383,641
Australian Open,Grand Slam,2026/1/18,Hard,R128,5,Alexander Zverev,Gabriel Diallo,6-7 6-1 6-4 6-2,3,41,5105,1215
Australian Open,Grand Slam,2026/1/18,Hard,R128,5,Francisco Cerundolo,Zhizhen Zhang,6-3 7-6 6-3,21,368,2035,130
Australian Open,Grand Slam,2026/1/18,Hard,R128,5,Francisco Comesana,Patrick Kypson,6-2 6-3 3-6 6-3,68,116,829,527
Australian Open,Grand Slam,2026/1/18,Hard,R128,5,Emilio Nava,Kyrian Jacquet,6-2 7-5 6-7 4-6 7-6,89,128,683,477
Australian Open,Grand Slam,2026/1/18,Hard,R128,5,Damir Dzumhur,Liam Draxl,7-5 6-0 6-4,66,145,837,429
Australian Open,Grand Slam,2026/1/18,Hard,R128,5,Michael Zheng,Sebastian Korda,6-4 6-4 3-6 6-7 6-3,174,53,337,975
Australian Open,Grand Slam,2026/1/18,Hard,R128,5,Jaime Faria,Alexander Blockx,6-3 3-6 6-3 6-4,151,96,413,653
Australian Open,Grand Slam,2026/1/18,Hard,R128,5,Marton Fucsovics,Camilo Ugo Carabelli,7-6 6-1 6-2,54,49,967,1028
Australian Open,Grand Slam,2026/1/18,Hard,R128,5,Frances Tiafoe,Jason Kubler,7-6 6-3 6-2,34,194,1500,305
Australian Open,Grand Slam,2026/1/18,Hard,R128,5,Yannick Hanfmann,Zachary Svajda,7-5 4-6 6-4 7-6,102,143,611,431
Australian Open,Grand Slam,2026/1/18,Hard,R128,5,Cameron Norrie,Benjamin Bonzi,6-0 6-7 4-6 6-3 6-4,27,106,1553,566
Australian Open,Grand Slam,2026/1/18,Hard,R128,5,Alexander Bublik,Jenson Brooksby,6-4 6-4 6-4,10,48,3065,1042
Australian Open,Grand Slam,2026/1/18,Hard,R128,5,Carlos Alcaraz,Adam Walton,6-3 7-6 6-2,1,81,12050,727
Australian Open,Grand Slam,2026/1/19,Hard,R128,5,Hamad Medjedovic,Mariano Navone,6-2 6-7 6-4 6-2,90,74,681,760
Australian Open,Grand Slam,2026/1/19,Hard,R128,5,Alexander Shevchenko,Elias Ymer,3-6 7-5 6-4 6-1,97,175,650,337
Australian Open,Grand Slam,2026/1/19,Hard,R128,5,Nuno Borges,Felix Auger Aliassime,3-6 6-4 6-4 0-0 RET,46,8,1070,3990
Australian Open,Grand Slam,2026/1/19,Hard,R128,5,Quentin Halys,Alejandro Tabilo,6-2 6-2 7-6,83,79,725,737
Australian Open,Grand Slam,2026/1/19,Hard,R128,5,Daniil Medvedev,Jesper De Jong,7-5 6-2 7-6,12,73,2910,763
Australian Open,Grand Slam,2026/1/19,Hard,R128,5,Fabian Marozsan,Arthur Rinderknech,6-3 6-4 6-7 6-4,47,28,1065,1551
Australian Open,Grand Slam,2026/1/19,Hard,R128,5,Tommy Paul,Aleksandar Kovacevic,6-4 6-3 6-3,20,56,2050,964
Australian Open,Grand Slam,2026/1/19,Hard,R128,5,Juncheng Shang,Roberto Bautista Agut,6-4 6-7 6-4 6-0,318,91,165,670
Australian Open,Grand Slam,2026/1/19,Hard,R128,5,Reilly Opelka,Nicolai Budkov Kjaer,6-4 6-3 6-4,63,135,873,446
Australian Open,Grand Slam,2026/1/19,Hard,R128,5,Andrey Rublev,Matteo Arnaldi,6-4 6-2 6-3,15,65,2600,858
Australian Open,Grand Slam,2026/1/19,Hard,R128,5,Jordan Thompson,Juan Manuel Cerundolo,6-7 7-5 6-1 6-1,111,87,548,700
Australian Open,Grand Slam,2026/1/19,Hard,R128,5,Alex De Minaur,Mackenzie Mcdonald,6-2 6-2 6-3,6,113,4080,546
Australian Open,Grand Slam,2026/1/19,Hard,R128,5,Learner Tien,Marcos Giron,7-6 4-6 3-6 7-6 6-2,29,51,1540,985
Australian Open,Grand Slam,2026/1/19,Hard,R128,5,Alejandro Davidovich Fokina,Filip Misolic,6-2 6-3 6-3,14,84,2635,725
Australian Open,Grand Slam,2026/1/19,Hard,R128,5,Thiago Agustin Tirante,Aleksandar Vukic,7-5 6-2 6-2,103,78,605,746
Australian Open,Grand Slam,2026/1/19,Hard,R128,5,Stan Wawrinka,Laslo Djere,5-7 6-3 6-4 7-6,139,92,437,659
Australian Open,Grand Slam,2026/1/19,Hard,R128,5,Kamil Majchrzak,Jacob Fearnley,7-6 7-5 3-6 7-6,59,77,918,752
Australian Open,Grand Slam,2026/1/19,Hard,R128,5,Marin Cilic,Daniel Altmaier,6-0 6-0 7-6,70,44,790,1123
Australian Open,Grand Slam,2026/1/19,Hard,R128,5,Botic Van De Zandschulp,Brandon Nakashima,6-3 4-6 7-6 7-6,75,30,759,1535
Australian Open,Grand Slam,2026/1/19,Hard,R128,5,Francesco Maestrelli,Terence Atmane,6-4 3-6 6-7 6-1 6-1,141,64,436,862
Australian Open,Grand Slam,2026/1/19,Hard,R128,5,Jaume Munar,Dalibor Svrcina,3-6 6-2 6-7 7-5 6-3,39,95,1335,655
Australian Open,Grand Slam,2026/1/19,Hard,R128,5,Denis Shapovalov,Bu Yunchaokete,6-3 7-6 6-1,23,120,1650,499
Australian Open,Grand Slam,2026/1/19,Hard,R128,5,Rinky Hijikata,Adrian Mannarino,6-3 6-3 6-1,114,69,542,810
Australian Open,Grand Slam,2026/1/19,Hard,R128,5,Arthur Gea,Jiri Lehecka,7-5 7-6 7-5,198,19,300,2090
Australian Open,Grand Slam,2026/1/19,Hard,R128,5,Valentin Vacherot,Martin Damm,6-4 6-4 6-4,31,177,1519,333
Australian Open,Grand Slam,2026/1/19,Hard,R128,5,Alexandre Muller,Alexei Popyrin,2-6 6-3 3-6 7-6 7-6,52,50,980,1000
Australian Open,Grand Slam,2026/1/19,Hard,R128,5,Casper Ruud,Mattia Bellucci,6-1 6-2 6-4,13,76,2795,758
Australian Open,Grand Slam,2026/1/19,Hard,R128,5,Novak Djokovic,Pedro Martinez,6-3 6-2 6-2,4,71,4780,768
Australian Open,Grand Slam,2026/1/20,Hard,R128,5,Lorenzo Sonego,Carlos Taberner,6-4 6-0 6-3,40,99,1240,630
Australian Open,Grand Slam,2026/1/20,Hard,R128,5,Luciano Darderi,Cristian Garin,7-6 7-5 7-6,25,82,1599,726
Australian Open,Grand Slam,2026/1/20,Hard,R128,5,Lorenzo Musetti,Raphael Collignon,4-6 7-6 7-5 3-2 RET,5,72,4105,767
Australian Open,Grand Slam,2026/1/20,Hard,R128,5,Ethan Quinn,Tallon Griekspoor,6-2 6-3 6-2,80,26,733,1565
Australian Open,Grand Slam,2026/1/20,Hard,R128,5,Sebastian Baez,Giovanni Mpetshi Perricard,6-4 6-4 3-6 5-7 6-3,36,61,1390,905
Australian Open,Grand Slam,2026/1/20,Hard,R128,5,Karen Khachanov,Alex Michelsen,4-6 6-4 6-3 5-7 6-3,18,38,2320,1350
Australian Open,Grand Slam,2026/1/20,Hard,R128,5,Nishesh Basavareddy,Christopher Oconnell,4-6 7-6 6-7 6-2 6-3,242,118,230,521
Australian Open,Grand Slam,2026/1/20,Hard,R128,5,Jakub Mensik,Pablo Carreno Busta,7-5 4-6 2-6 7-6 6-3,17,94,2345,656
Australian Open,Grand Slam,2026/1/20,Hard,R128,5,Ben Shelton,Ugo Humbert,6-3 7-6 7-6,7,33,4000,1510
Australian Open,Grand Slam,2026/1/20,Hard,R128,5,Eliot Spizzirri,Joao Fonseca,6-4 2-6 6-1 6-2,85,32,725,1510
Australian Open,Grand Slam,2026/1/20,Hard,R128,5,Yibing Wu,Luca Nardi,7-5 4-6 6-4 6-2,168,108,347,561
Australian Open,Grand Slam,2026/1/20,Hard,R128,5,Dane Sweeny,Gael Monfils,6-7 7-5 6-4 7-5,182,110,325,550
Australian Open,Grand Slam,2026/1/20,Hard,R128,5,Rafael Jodar,Rei Sakamoto,7-6 6-1 5-7 4-6 6-3,150,203,418,292
Australian Open,Grand Slam,2026/1/20,Hard,R128,5,Hubert Hurkacz,Zizou Bergs,6-7 7-6 6-3 6-3,55,43,965,1170
Australian Open,Grand Slam,2026/1/20,Hard,R128,5,James Duckworth,Dino Prizmic,7-6 3-6 1-6 7-5 6-3,88,127,694,481
Australian Open,Grand Slam,2026/1/20,Hard,R128,5,Taylor Fritz,Valentin Royer,7-6 5-7 6-1 6-3,9,58,3840,924
Australian Open,Grand Slam,2026/1/20,Hard,R128,5,Vit Kopriva,Jan Lennard Struff,4-6 6-2 2-6 6-3 6-1,101,86,626,706
Australian Open,Grand Slam,2026/1/20,Hard,R128,5,Jannik Sinner,Hugo Gaston,6-2 6-1 RET,2,93,11500,656
Australian Open,Grand Slam,2026/1/20,Hard,R128,5,Tomas Machac,Grigor Dimitrov,6-4 6-4 6-3,24,45,1610,1105
Australian Open,Grand Slam,2026/1/20,Hard,R128,5,Stefanos Tsitsipas,Shintaro Mochizuki,4-6 6-3 6-2 6-2,35,112,1455,547
Australian Open,Grand Slam,2026/1/21,Hard,R64,5,Fabian Marozsan,Kamil Majchrzak,6-3 6-4 7-6,47,59,1065,918
Australian Open,Grand Slam,2026/1/21,Hard,R64,5,Francisco Cerundolo,Damir Dzumhur,6-3 6-2 6-1,21,66,2035,837
Australian Open,Grand Slam,2026/1/21,Hard,R64,5,Tommy Paul,Thiago Agustin Tirante,6-3 6-4 6-2,20,103,2050,605
Australian Open,Grand Slam,2026/1/21,Hard,R64,5,Andrey Rublev,Jaime Faria,6-4 6-3 4-6 7-5,15,151,2600,413
Australian Open,Grand Slam,2026/1/21,Hard,R64,5,Daniil Medvedev,Quentin Halys,6-7 6-3 6-4 6-2,12,83,2910,725
Australian Open,Grand Slam,2026/1/21,Hard,R64,5,Tomas Martin Etcheverry,Arthur Fery,7-6 6-1 6-3,62,186,895,316
Australian Open,Grand Slam,2026/1/21,Hard,R64,5,Alejandro Davidovich Fokina,Reilly Opelka,6-3 7-6 5-7 4-6 6-4,14,63,2635,873
Australian Open,Grand Slam,2026/1/21,Hard,R64,5,Carlos Alcaraz,Yannick Hanfmann,7-6 6-3 6-2,1,102,12050,611
Australian Open,Grand Slam,2026/1/21,Hard,R64,5,Nuno Borges,Jordan Thompson,6-7 6-3 6-2 6-4,46,111,1070,548
Australian Open,Grand Slam,2026/1/21,Hard,R64,5,Corentin Moutet,Michael Zheng,3-6 6-1 6-3 2-0 RET,37,174,1383,337
Australian Open,Grand Slam,2026/1/21,Hard,R64,5,Learner Tien,Alexander Shevchenko,6-2 5-7 6-1 6-0,29,97,1540,650
Australian Open,Grand Slam,2026/1/21,Hard,R64,5,Cameron Norrie,Emilio Nava,6-1 7-6 4-6 7-6,27,89,1553,683
Australian Open,Grand Slam,2026/1/21,Hard,R64,5,Alexander Bublik,Marton Fucsovics,7-5 6-4 7-5,10,54,3065,967
Australian Open,Grand Slam,2026/1/21,Hard,R64,5,Alexander Zverev,Alexandre Muller,6-3 4-6 6-3 6-4,3,52,5105,980
Australian Open,Grand Slam,2026/1/21,Hard,R64,5,Alex De Minaur,Hamad Medjedovic,6-7 6-2 6-2 6-1,6,90,4080,681
Australian Open,Grand Slam,2026/1/21,Hard,R64,5,Frances Tiafoe,Francisco Comesana,6-4 6-3 4-6 6-2,34,68,1500,829
Australian Open,Grand Slam,2026/1/22,Hard,R64,5,Valentin Vacherot,Rinky Hijikata,6-1 6-3 4-6 6-2,31,114,1519,542
Australian Open,Grand Slam,2026/1/22,Hard,R64,5,Jakub Mensik,Rafael Jodar,6-2 6-4 6-4,17,150,2345,418
Australian Open,Grand Slam,2026/1/22,Hard,R64,5,Luciano Darderi,Sebastian Baez,6-3 1-6 6-4 6-3,25,36,1599,1390
Australian Open,Grand Slam,2026/1/22,Hard,R64,5,Karen Khachanov,Nishesh Basavareddy,6-1 6-4 6-3,18,242,2320,230
Australian Open,Grand Slam,2026/1/22,Hard,R64,5,Lorenzo Musetti,Lorenzo Sonego,6-3 6-3 6-4,5,40,4105,1240
Australian Open,Grand Slam,2026/1/22,Hard,R64,5,Ben Shelton,Dane Sweeny,6-3 6-2 6-2,7,182,4000,325
Australian Open,Grand Slam,2026/1/22,Hard,R64,5,Ethan Quinn,Hubert Hurkacz,6-4 7-6 6-1,80,55,733,965
Australian Open,Grand Slam,2026/1/22,Hard,R64,5,Novak Djokovic,Francesco Maestrelli,6-3 6-2 6-2,4,141,4780,436
Australian Open,Grand Slam,2026/1/22,Hard,R64,5,Botic Van De Zandschulp,Juncheng Shang,7-6 6-2 6-3,75,318,759,165
Australian Open,Grand Slam,2026/1/22,Hard,R64,5,Eliot Spizzirri,Yibing Wu,6-2 6-4 6-7 4-6 6-3,85,168,725,347
Australian Open,Grand Slam,2026/1/22,Hard,R64,5,Stan Wawrinka,Arthur Gea,4-6 6-3 3-6 7-5 7-6,139,198,437,300
Australian Open,Grand Slam,2026/1/22,Hard,R64,5,Tomas Machac,Stefanos Tsitsipas,6-4 3-6 7-6 7-6,24,35,1610,1455
Australian Open,Grand Slam,2026/1/22,Hard,R64,5,Marin Cilic,Denis Shapovalov,6-4 6-3 6-2,70,23,790,1650
Australian Open,Grand Slam,2026/1/22,Hard,R64,5,Taylor Fritz,Vit Kopriva,6-1 6-4 7-6,9,101,3840,626
Australian Open,Grand Slam,2026/1/22,Hard,R64,5,Jannik Sinner,James Duckworth,6-1 6-4 6-2,2,88,11500,694
Australian Open,Grand Slam,2026/1/22,Hard,R64,5,Casper Ruud,Jaume Munar,6-3 7-5 6-4,13,39,2795,1335
Australian Open,Grand Slam,2026/1/23,Hard,R32,5,Learner Tien,Nuno Borges,7-6 6-4 6-2,29,46,1540,1070
Australian Open,Grand Slam,2026/1/23,Hard,R32,5,Daniil Medvedev,Fabian Marozsan,6-7 4-6 7-5 6-0 6-3,12,47,2910,1065
Australian Open,Grand Slam,2026/1/23,Hard,R32,5,Tommy Paul,Alejandro Davidovich Fokina,6-1 6-1 RET,20,14,2050,2635
Australian Open,Grand Slam,2026/1/23,Hard,R32,5,Carlos Alcaraz,Corentin Moutet,6-2 6-4 6-1,1,37,12050,1383
Australian Open,Grand Slam,2026/1/23,Hard,R32,5,Francisco Cerundolo,Andrey Rublev,6-3 7-6 6-3,21,15,2035,2600
Australian Open,Grand Slam,2026/1/23,Hard,R32,5,Alex De Minaur,Frances Tiafoe,6-3 6-4 7-5,6,34,4080,1500
Australian Open,Grand Slam,2026/1/23,Hard,R32,5,Alexander Zverev,Cameron Norrie,7-5 4-6 6-3 6-1,3,27,5105,1553
Australian Open,Grand Slam,2026/1/23,Hard,R32,5,Alexander Bublik,Tomas Martin Etcheverry,7-6 7-6 6-4,10,62,3065,895
Australian Open,Grand Slam,2026/1/23,Hard,R32,5,Lorenzo Musetti,Tomas Machac,5-7 6-4 6-2 5-7 6-2,5,24,4105,1610
Australian Open,Grand Slam,2026/1/23,Hard,R32,5,Luciano Darderi,Karen Khachanov,7-6 3-6 6-3 6-4,25,18,1599,2320
Australian Open,Grand Slam,2026/1/24,Hard,R32,5,Jannik Sinner,Eliot Spizzirri,4-6 6-3 6-4 6-4,2,85,11500,725
Australian Open,Grand Slam,2026/1/24,Hard,R32,5,Ben Shelton,Valentin Vacherot,6-4 6-4 7-6,7,31,4000,1519
Australian Open,Grand Slam,2026/1/24,Hard,R32,5,Taylor Fritz,Stan Wawrinka,7-6 2-6 6-4 6-4,9,139,3840,437
Australian Open,Grand Slam,2026/1/24,Hard,R32,5,Novak Djokovic,Botic Van De Zandschulp,6-3 6-4 7-6,4,75,4780,759
Australian Open,Grand Slam,2026/1/24,Hard,R32,5,Jakub Mensik,Ethan Quinn,6-2 7-6 7-6,17,80,2345,733
Australian Open,Grand Slam,2026/1/24,Hard,R32,5,Casper Ruud,Marin Cilic,6-4 6-4 3-6 7-5,13,70,2795,790
Australian Open,Grand Slam,2026/1/25,Hard,R16,5,Carlos Alcaraz,Tommy Paul,7-6 6-4 7-5,1,20,12050,2050
Australian Open,Grand Slam,2026/1/25,Hard,R16,5,Alexander Zverev,Francisco Cerundolo,6-2 6-4 6-4,3,21,5105,2035
Australian Open,Grand Slam,2026/1/25,Hard,R16,5,Learner Tien,Daniil Medvedev,6-4 6-0 6-3,29,12,1540,2910
Australian Open,Grand Slam,2026/1/25,Hard,R16,5,Alex De Minaur,Alexander Bublik,6-4 6-1 6-1,6,10,4080,3065
Australian Open,Grand Slam,2026/1/26,Hard,R16,5,Lorenzo Musetti,Taylor Fritz,6-2 7-5 6-4,5,9,4105,3840
Australian Open,Grand Slam,2026/1/26,Hard,R16,5,Jannik Sinner,Luciano Darderi,6-1 6-3 7-6,2,25,11500,1599
Australian Open,Grand Slam,2026/1/26,Hard,R16,5,Novak Djokovic,Jakub Mensik,W/O,4,17,4780,2345
Australian Open,Grand Slam,2026/1/26,Hard,R16,5,Ben Shelton,Casper Ruud,3-6 6-4 6-3 6-4,7,13,4000,2795
Australian Open,Grand Slam,2026/1/27,Hard,QF,5,Alexander Zverev,Learner Tien,6-3 6-7 6-1 7-6,3,29,5105,1540
Australian Open,Grand Slam,2026/1/27,Hard,QF,5,Carlos Alcaraz,Alex De Minaur,7-5 6-2 6-1,1,6,12050,4080
Australian Open,Grand Slam,2026/1/28,Hard,QF,5,Novak Djokovic,Lorenzo Musetti,4-6 3-6 3-1 RET,4,5,4780,4105
Australian Open,Grand Slam,2026/1/28,Hard,QF,5,Jannik Sinner,Ben Shelton,6-3 6-4 6-4,2,7,11500,4000
Australian Open,Grand Slam,2026/1/30,Hard,SF,5,Carlos Alcaraz,Alexander Zverev,6-4 7-6 6-7 6-7 7-5,1,3,12050,5105
Australian Open,Grand Slam,2026/1/30,Hard,SF,5,Novak Djokovic,Jannik Sinner,3-6 6-3 4-6 6-4 6-4,4,2,4780,11500
Australian Open,Grand Slam,2026/2/1,Hard,F,5,Carlos Alcaraz,Novak Djokovic,2-6 6-2 6-3 7-5,1,4,12050,4780
Montpellier,ATP250,2026/2/2,Hard,R32,3,Adrian Mannarino,Pedro Martinez,7-6 6-1,70,77,810,728
Montpellier,ATP250,2026/2/2,Hard,R32,3,Arthur Gea,Giovanni Mpetshi Perricard,6-3 0-0 RET,168,57,353,905
Montpellier,ATP250,2026/2/2,Hard,R32,3,Roberto Bautista Agut,Christopher Oconnell,5-7 6-3 7-5,89,119,670,511
Montpellier,ATP250,2026/2/3,Hard,R32,3,Pablo Carreno Busta,Miomir Kecmanovic,4-6 6-3 7-6,100,69,616,820
Montpellier,ATP250,2026/2/3,Hard,R32,3,Martin Damm,Hubert Hurkacz,7-6 6-4,160,52,373,965
Montpellier,ATP250,2026/2/3,Hard,R32,3,Titouan Droguet,Jan Choinski,6-2 7-6,150,125,403,498
Montpellier,ATP250,2026/2/3,Hard,R32,3,Ugo Humbert,Botic Van De Zandschulp,6-3 6-4,38,67,1320,849
Montpellier,ATP250,2026/2/3,Hard,R32,3,Arthur Fils,Valentin Royer,7-6 6-7 6-2,42,56,1110,920
Montpellier,ATP250,2026/2/3,Hard,R32,3,Ugo Blanchet,Andrea Vavassori,6-4 6-3,174,282,343,185
Montpellier,ATP250,2026/2/4,Hard,R32,3,Luca Nardi,Nikoloz Basilashvili,6-3 6-3,106,137,571,464
Montpellier,ATP250,2026/2/4,Hard,R32,3,Aleksandar Kovacevic,Moise Kouame,6-7 6-2 6-2,83,551,709,70
Montpellier,ATP250,2026/2/4,Hard,R32,3,Stan Wawrinka,Hamad Medjedovic,7-6 6-4,113,80,537,717
Montpellier,ATP250,2026/2/4,Hard,R16,3,Martin Damm,Roberto Bautista Agut,6-1 6-3,160,89,373,670
Montpellier,ATP250,2026/2/4,Hard,R16,3,Adrian Mannarino,Ugo Humbert,6-7 6-3 7-6,70,38,810,1320
Montpellier,ATP250,2026/2/4,Hard,R16,3,Arthur Gea,Tomas Machac,6-3 4-5 RET,168,28,353,1610
Montpellier,ATP250,2026/2/5,Hard,R16,3,Titouan Droguet,Aleksandar Kovacevic,4-6 7-6 6-4,150,83,403,709
Montpellier,ATP250,2026/2/5,Hard,R16,3,Tallon Griekspoor,Pablo Carreno Busta,6-4 6-4,29,100,1565,616
Montpellier,ATP250,2026/2/5,Hard,R16,3,Luca Nardi,Flavio Cobolli,6-2 6-3,106,20,571,1955
Montpellier,ATP250,2026/2/5,Hard,R16,3,Felix Auger Aliassime,Stan Wawrinka,6-4 7-6,8,113,3725,537
Montpellier,ATP250,2026/2/5,Hard,R16,3,Arthur Fils,Ugo Blanchet,7-6 7-5,42,174,1110,343
Montpellier,ATP250,2026/2/6,Hard,QF,3,Adrian Mannarino,Arthur Gea,5-7 6-4 6-4,70,168,810,353
Montpellier,ATP250,2026/2/6,Hard,QF,3,Martin Damm,Luca Nardi,6-3 7-6,160,106,373,571
Montpellier,ATP250,2026/2/6,Hard,QF,3,Felix Auger Aliassime,Arthur Fils,6-4 6-2,8,42,3725,1110
Montpellier,ATP250,2026/2/6,Hard,QF,3,Titouan Droguet,Tallon Griekspoor,7-6 7-6,150,29,403,1565
Montpellier,ATP250,2026/2/7,Hard,SF,3,Adrian Mannarino,Martin Damm,1-6 6-3 6-4,70,160,810,373
Montpellier,ATP250,2026/2/7,Hard,SF,3,Felix Auger Aliassime,Titouan Droguet,6-4 6-7 6-1,8,150,3725,403
Montpellier,ATP250,2026/2/8,Hard,F,3,Felix Auger Aliassime,Adrian Mannarino,6-3 7-6,8,70,3725,810
Buenos Aires,ATP250,2026/2/9,Clay,R32,3,Hugo Dellien,Damir Dzumhur,6-4 6-1,167,62,355,877
Buenos Aires,ATP250,2026/2/9,Clay,R32,3,Pedro Martinez,Lautaro Midon,6-4 6-1,94,229,636,245
Buenos Aires,ATP250,2026/2/9,Clay,R32,3,Tomas Martin Etcheverry,Andrea Pellegrino,6-3 6-4,54,145,945,434
Buenos Aires,ATP250,2026/2/9,Clay,R32,3,Vit Kopriva,Alex Barrena,6-4 3-6 6-4,95,180,632,336
Buenos Aires,ATP250,2026/2/10,Clay,R32,3,Juan Manuel Cerundolo,Daniel Altmaier,6-2 6-2,80,51,717,995
Buenos Aires,ATP250,2026/2/10,Clay,R32,3,Tomas Barrios Vera,Thiago Seyboth Wild,4-6 6-5 RET,114,197,546,305
Buenos Aires,ATP250,2026/2/10,Clay,R32,3,Alejandro Tabilo,Facundo Diaz Acosta,7-6 6-3,71,285,774,182
Buenos Aires,ATP250,2026/2/10,Clay,R32,3,Roman Andres Burruchaga,Laslo Djere,6-2 6-4,104,91,568,651
Buenos Aires,ATP250,2026/2/10,Clay,R32,3,Ignacio Buse,Francesco Passaro,5-7 7-5 6-4,96,159,623,376
Buenos Aires,ATP250,2026/2/10,Clay,R32,3,Matteo Berrettini,Federico Coria,7-5 7-5,58,322,895,156
Buenos Aires,ATP250,2026/2/11,Clay,R32,3,Camilo Ugo Carabelli,Francisco Comesana,6-4 7-6,47,63,1028,869
Buenos Aires,ATP250,2026/2/11,Clay,R32,3,Mariano Navone,Emilio Nava,6-2 6-1,73,81,760,710
Buenos Aires,ATP250,2026/2/11,Clay,R16,3,Tomas Martin Etcheverry,Roman Andres Burruchaga,7-6 6-7 6-4,54,104,945,568
Buenos Aires,ATP250,2026/2/11,Clay,R16,3,Vit Kopriva,Matteo Berrettini,6-4 6-3,95,58,632,895
Buenos Aires,ATP250,2026/2/11,Clay,R16,3,Alejandro Tabilo,Joao Fonseca,6-3 3-6 7-5,71,33,774,1440
Buenos Aires,ATP250,2026/2/12,Clay,R16,3,Francisco Cerundolo,Hugo Dellien,6-0 7-6,19,167,2135,355
Buenos Aires,ATP250,2026/2/12,Clay,R16,3,Luciano Darderi,Tomas Barrios Vera,6-1 6-3,22,114,1789,546
Buenos Aires,ATP250,2026/2/12,Clay,R16,3,Pedro Martinez,Juan Manuel Cerundolo,7-6 6-4,94,80,636,717
Buenos Aires,ATP250,2026/2/12,Clay,R16,3,Sebastian Baez,Ignacio Buse,6-4 6-3,34,96,1420,623
Buenos Aires,ATP250,2026/2/12,Clay,R16,3,Camilo Ugo Carabelli,Mariano Navone,6-2 7-5,47,73,1028,760
Buenos Aires,ATP250,2026/2/13,Clay,QF,3,Tomas Martin Etcheverry,Alejandro Tabilo,1-6 6-3 6-4,54,71,945,774
Buenos Aires,ATP250,2026/2/13,Clay,QF,3,Francisco Cerundolo,Vit Kopriva,6-4 6-3,19,95,2135,632
Buenos Aires,ATP250,2026/2/13,Clay,QF,3,Sebastian Baez,Camilo Ugo Carabelli,7-6 6-2,34,47,1420,1028
Buenos Aires,ATP250,2026/2/14,Clay,QF,3,Luciano Darderi,Pedro Martinez,7-5 6-1,22,94,1789,636
Buenos Aires,ATP250,2026/2/14,Clay,SF,3,Francisco Cerundolo,Tomas Martin Etcheverry,6-3 7-5,19,54,2135,945
Buenos Aires,ATP250,2026/2/14,Clay,SF,3,Luciano Darderi,Sebastian Baez,7-6 6-1,22,34,1789,1420
Buenos Aires,ATP250,2026/2/15,Clay,F,3,Francisco Cerundolo,Luciano Darderi,6-4 6-2,19,22,2135,1789
Dallas,ATP500,2026/2/9,Hard,R32,3,Brandon Nakashima,Mattia Bellucci,6-3 6-4,29,107,1535,553
Dallas,ATP500,2026/2/9,Hard,R32,3,Alejandro Davidovich Fokina,Zachary Svajda,6-4 7-6,14,110,2535,551
Dallas,ATP500,2026/2/10,Hard,R32,3,Frances Tiafoe,Terence Atmane,4-6 6-2 6-2,30,64,1510,849
Dallas,ATP500,2026/2/10,Hard,R32,3,Sebastian Korda,Michael Zheng,6-3 6-4,53,151,960,414
Dallas,ATP500,2026/2/10,Hard,R32,3,Marin Cilic,Learner Tien,7-5 7-6,61,23,890,1710
Dallas,ATP500,2026/2/10,Hard,R32,3,Miomir Kecmanovic,Sho Shimabukuro,6-7 6-3 7-6,66,144,820,441
Dallas,ATP500,2026/2/10,Hard,R32,3,Alex Michelsen,Grigor Dimitrov,5-7 6-4 6-4,41,43,1160,1105
Dallas,ATP500,2026/2/10,Hard,R32,3,Jack Pinnington Jones,Flavio Cobolli,6-2 6-2,181,20,331,1955
Dallas,ATP500,2026/2/10,Hard,R32,3,Ben Shelton,Gabriel Diallo,6-4 6-4,9,38,3560,1175
Dallas,ATP500,2026/2/11,Hard,R32,3,Taylor Fritz,Marcos Giron,6-4 5-7 7-6,7,59,3940,895
Dallas,ATP500,2026/2/11,Hard,R32,3,Aleksandar Kovacevic,Patrick Kypson,6-4 7-6,78,109,721,552
Dallas,ATP500,2026/2/11,Hard,R32,3,Denis Shapovalov,Rafael Jodar,6-1 6-2,40,124,1160,498
Dallas,ATP500,2026/2/11,Hard,R32,3,Tommy Paul,Jenson Brooksby,4-6 6-4 7-6,24,45,1700,1042
Dallas,ATP500,2026/2/11,Hard,R32,3,Ethan Quinn,Trevor Svajda,7-6 7-5,74,363,758,131
Dallas,ATP500,2026/2/11,Hard,R32,3,Eliot Spizzirri,James Duckworth,6-2 6-4,68,83,781,691
Dallas,ATP500,2026/2/11,Hard,R32,3,Adrian Mannarino,Adam Walton,6-4 6-2,52,93,975,643
Dallas,ATP500,2026/2/11,Hard,R16,3,Alejandro Davidovich Fokina,Alex Michelsen,6-4 6-4,14,41,2535,1160
Dallas,ATP500,2026/2/12,Hard,R16,3,Taylor Fritz,Brandon Nakashima,6-3 6-4,7,29,3940,1535
Dallas,ATP500,2026/2/12,Hard,R16,3,Sebastian Korda,Frances Tiafoe,7-5 6-1,53,30,960,1510
Dallas,ATP500,2026/2/12,Hard,R16,3,Marin Cilic,Ethan Quinn,7-6 6-3,61,74,890,758
Dallas,ATP500,2026/2/12,Hard,R16,3,Jack Pinnington Jones,Eliot Spizzirri,7-6 4-6 7-6,181,68,331,781
Dallas,ATP500,2026/2/12,Hard,R16,3,Denis Shapovalov,Aleksandar Kovacevic,6-4 6-4,40,78,1160,721
Dallas,ATP500,2026/2/13,Hard,R16,3,Ben Shelton,Adrian Mannarino,7-6 6-7 6-3,9,52,3560,975
Dallas,ATP500,2026/2/13,Hard,R16,3,Miomir Kecmanovic,Tommy Paul,5-7 6-4 6-4,66,24,820,1700
Dallas,ATP500,2026/2/13,Hard,QF,3,Marin Cilic,Jack Pinnington Jones,6-1 6-4,61,181,890,331
Dallas,ATP500,2026/2/13,Hard,QF,3,Taylor Fritz,Sebastian Korda,6-7 6-4 7-6,7,53,3940,960
Dallas,ATP500,2026/2/14,Hard,QF,3,Ben Shelton,Miomir Kecmanovic,5-7 6-3 6-4,9,66,3560,820
Dallas,ATP500,2026/2/14,Hard,QF,3,Denis Shapovalov,Alejandro Davidovich Fokina,5-7 6-4 6-3,40,14,1160,2535
Dallas,ATP500,2026/2/14,Hard,SF,3,Taylor Fritz,Marin Cilic,7-6 7-6,7,61,3940,890
Dallas,ATP500,2026/2/14,Hard,SF,3,Ben Shelton,Denis Shapovalov,4-6 6-4 7-6,9,40,3560,1160
Dallas,ATP500,2026/2/15,Hard,F,3,Ben Shelton,Taylor Fritz,3-6 6-3 7-5,9,7,3560,3940
Rotterdam,ATP500,2026/2/9,Hard,R32,3,Cameron Norrie,Roberto Bautista Agut,7-6 6-1,26,85,1603,685
Rotterdam,ATP500,2026/2/9,Hard,R32,3,Ugo Humbert,Daniil Medvedev,7-6 3-6 6-3,36,11,1335,3060
Rotterdam,ATP500,2026/2/9,Hard,R32,3,Christopher Oconnell,Valentin Royer,6-4 4-6 7-6,119,57,511,897
Rotterdam,ATP500,2026/2/9,Hard,R32,3,Botic Van De Zandschulp,Luka Pavlovic,7-6 6-3,65,219,849,262
Rotterdam,ATP500,2026/2/9,Hard,R32,3,Jaume Munar,Nicolai Budkov Kjaer,6-1 6-3,37,132,1185,476
Rotterdam,ATP500,2026/2/10,Hard,R32,3,Quentin Halys,Mees Rottgering,3-6 6-1 6-1,77,614,725,59
Rotterdam,ATP500,2026/2/10,Hard,R32,3,Tallon Griekspoor,Giovanni Mpetshi Perricard,6-4 6-4,27,56,1585,905
Rotterdam,ATP500,2026/2/10,Hard,R32,3,Jan Lennard Struff,Hugo Grenier,6-0 6-4,82,188,706,323
Rotterdam,ATP500,2026/2/10,Hard,R32,3,Alex De Minaur,Arthur Fils,7-6 6-2,8,42,3835,1110
Rotterdam,ATP500,2026/2/10,Hard,R32,3,Zizou Bergs,Hamad Medjedovic,6-7 6-7,39,79,1170,717
Rotterdam,ATP500,2026/2/11,Hard,R32,3,Stan Wawrinka,Thijs Boogaard,6-3 6-4,106,1048,562,14
Rotterdam,ATP500,2026/2/11,Hard,R32,3,Guy Den Ouden,Marton Fucsovics,7-6 6-1,169,49,355,1009
Rotterdam,ATP500,2026/2/11,Hard,R32,3,Stefanos Tsitsipas,Arthur Rinderknech,7-5 6-3,32,28,1445,1542
Rotterdam,ATP500,2026/2/11,Hard,R32,3,Karen Khachanov,Jesper De Jong,3-6 6-4 7-5,18,86,2320,673
Rotterdam,ATP500,2026/2/11,Hard,R32,3,Alexander Bublik,Hubert Hurkacz,6-7 7-6 7-5,10,70,3235,775
Rotterdam,ATP500,2026/2/11,Hard,R32,3,Felix Auger Aliassime,Alexei Popyrin,7-5 6-3,6,50,3950,1000
Rotterdam,ATP500,2026/2/11,Hard,R16,3,Christopher Oconnell,Cameron Norrie,7-6 6-4,119,26,511,1603
Rotterdam,ATP500,2026/2/11,Hard,R16,3,Tallon Griekspoor,Quentin Halys,7-5 7-6,27,77,1585,725
Rotterdam,ATP500,2026/2/12,Hard,R16,3,Ugo Humbert,Guy Den Ouden,6-4 6-3,36,169,1335,355
Rotterdam,ATP500,2026/2/12,Hard,R16,3,Jaume Munar,Karen Khachanov,7-6 3-6 6-3,37,18,1185,2320
Rotterdam,ATP500,2026/2/12,Hard,R16,3,Botic Van De Zandschulp,Stefanos Tsitsipas,6-4 7-6,65,32,849,1445
Rotterdam,ATP500,2026/2/12,Hard,R16,3,Alex De Minaur,Stan Wawrinka,6-4 6-2,8,106,3835,562
Rotterdam,ATP500,2026/2/12,Hard,R16,3,Felix Auger Aliassime,Hamad Medjedovic,6-4 6-4,6,79,3950,717
Rotterdam,ATP500,2026/2/12,Hard,R16,3,Alexander Bublik,Jan Lennard Struff,7-6 4-6 6-3,10,82,3235,706
Rotterdam,ATP500,2026/2/13,Hard,QF,3,Ugo Humbert,Christopher Oconnell,6-4 6-1,36,119,1335,511
Rotterdam,ATP500,2026/2/13,Hard,QF,3,Alex De Minaur,Botic Van De Zandschulp,3-6 7-6 7-5,8,65,3835,849
Rotterdam,ATP500,2026/2/13,Hard,QF,3,Felix Auger Aliassime,Tallon Griekspoor,7-6 6-2,6,27,3950,1585
Rotterdam,ATP500,2026/2/13,Hard,QF,3,Alexander Bublik,Jaume Munar,6-4 6-7 7-6,10,37,3235,1185
Rotterdam,ATP500,2026/2/14,Hard,SF,3,Alex De Minaur,Ugo Humbert,6-4 6-3,8,36,3835,1335
Rotterdam,ATP500,2026/2/14,Hard,SF,3,Felix Auger Aliassime,Alexander Bublik,6-1 6-2,6,10,3950,3235
Rotterdam,ATP500,2026/2/15,Hard,F,3,Alex De Minaur,Felix Auger Aliassime,6-3 6-2,8,6,3835,3950
Delray Beach,ATP250,2026/2/16,Hard,R32,3,Terence Atmane,Patrick Kypson,6-3 2-6 6-4,66,105,833,565
Delray Beach,ATP250,2026/2/16,Hard,R32,3,Coleman Wong,Nuno Borges,7-6 4-6 6-3,137,45,458,1070
Delray Beach,ATP250,2026/2/16,Hard,R32,3,Alex Michelsen,Valentin Vacherot,7-6 6-4,41,26,1110,1605
Delray Beach,ATP250,2026/2/16,Hard,R32,3,Marcos Giron,Sho Shimabukuro,6-3 7-5,64,135,855,466
Delray Beach,ATP250,2026/2/17,Hard,R32,3,Frances Tiafoe,Rinky Hijikata,6-4 6-4,28,113,1550,546
Delray Beach,ATP250,2026/2/17,Hard,R32,3,Zachary Svajda,Aleksandar Kovacevic,7-6 6-3,106,75,563,746
Delray Beach,ATP250,2026/2/17,Hard,R32,3,Sebastian Korda,Mackenzie Mcdonald,6-4 7-5,50,116,1020,535
Delray Beach,ATP250,2026/2/17,Hard,R32,3,Brandon Nakashima,Marin Cilic,7-6 7-6,29,43,1535,1090
Delray Beach,ATP250,2026/2/17,Hard,R32,3,Rafael Jodar,Ethan Quinn,6-2 6-3,118,70,523,776
Delray Beach,ATP250,2026/2/17,Hard,R32,3,Adam Walton,Gabriel Diallo,7-6 6-3,93,39,643,1175
Delray Beach,ATP250,2026/2/17,Hard,R32,3,Miomir Kecmanovic,Mattia Bellucci,6-1 6-4,83,109,670,553
Delray Beach,ATP250,2026/2/18,Hard,R32,3,Tommy Paul,Corentin Moutet,4-6 6-3 6-4,24,34,1700,1383
Delray Beach,ATP250,2026/2/18,Hard,R16,3,Flavio Cobolli,Terence Atmane,7-5 6-4,20,66,1955,833
Delray Beach,ATP250,2026/2/18,Hard,R16,3,Coleman Wong,Brandon Nakashima,6-4 7-6,137,29,458,1535
Delray Beach,ATP250,2026/2/18,Hard,R16,3,Sebastian Korda,Alex Michelsen,6-3 7-6,50,41,1020,1110
Delray Beach,ATP250,2026/2/19,Hard,R16,3,Casper Ruud,Marcos Giron,4-6 7-6 6-4,13,64,2625,855
Delray Beach,ATP250,2026/2/19,Hard,R16,3,Learner Tien,Miomir Kecmanovic,6-4 6-7 7-6,23,83,1710,670
Delray Beach,ATP250,2026/2/19,Hard,R16,3,Frances Tiafoe,Zachary Svajda,6-4 3-6 7-5,28,106,1550,563
Delray Beach,ATP250,2026/2/19,Hard,R16,3,Tommy Paul,Adam Walton,7-6 6-3,24,93,1700,643
Delray Beach,ATP250,2026/2/20,Hard,R16,3,Taylor Fritz,Rafael Jodar,7-6 6-4,8,118,4220,523
Delray Beach,ATP250,2026/2/20,Hard,QF,3,Flavio Cobolli,Coleman Wong,7-5 6-7 6-2,20,137,1955,458
Delray Beach,ATP250,2026/2/20,Hard,QF,3,Sebastian Korda,Casper Ruud,4-6 6-2 6-2,50,13,1020,2625
Delray Beach,ATP250,2026/2/20,Hard,QF,3,Learner Tien,Frances Tiafoe,7-6 3-6 7-5,23,28,1710,1550
Delray Beach,ATP250,2026/2/21,Hard,QF,3,Tommy Paul,Taylor Fritz,6-4 6-3,24,8,1700,4220
Delray Beach,ATP250,2026/2/21,Hard,SF,3,Sebastian Korda,Flavio Cobolli,7-6 6-1,50,20,1020,1955
Delray Beach,ATP250,2026/2/22,Hard,SF,3,Tommy Paul,Learner Tien,4-6 6-4 6-3,24,23,1700,1710
Delray Beach,ATP250,2026/2/22,Hard,F,3,Sebastian Korda,Tommy Paul,6-4 6-3,50,24,1020,1700
Doha,ATP500,2026/2/16,Hard,R32,3,Alexei Popyrin,Mubarak Shannan Zayid,6-0 6-2,53,,1000,
Doha,ATP500,2026/2/16,Hard,R32,3,Valentin Royer,Pierre Hugues Herbert,6-0 6-3,60,190,897,313
Doha,ATP500,2026/2/16,Hard,R32,3,Jakub Mensik,Jan Choinski,6-7 6-2 6-4,16,124,2425,498
Doha,ATP500,2026/2/16,Hard,R32,3,Arthur Fils,Kamil Majchrzak,6-7 6-3 6-4,40,56,1110,920
Doha,ATP500,2026/2/16,Hard,R32,3,Jannik Sinner,Tomas Machac,6-1 6-4,2,31,10300,1510
Doha,ATP500,2026/2/16,Hard,R32,3,Daniil Medvedev,Juncheng Shang,6-4 6-2,11,261,3010,205
Doha,ATP500,2026/2/17,Hard,R32,3,Stefanos Tsitsipas,Moez Echargui,6-4 6-4,33,139,1485,449
Doha,ATP500,2026/2/17,Hard,R32,3,Quentin Halys,Pablo Carreno Busta,4-6 7-5 6-3,72,123,762,504
Doha,ATP500,2026/2/17,Hard,R32,3,Marton Fucsovics,Hady Habib,6-3 6-3,61,334,891,143
Doha,ATP500,2026/2/17,Hard,R32,3,Jiri Lehecka,Jenson Brooksby,6-3 6-3,22,47,1860,1042
Doha,ATP500,2026/2/17,Hard,R32,3,Karen Khachanov,Shintaro Mochizuki,6-1 3-6 6-4,17,117,2360,525
Doha,ATP500,2026/2/17,Hard,R32,3,Zhizhen Zhang,Roberto Carballes Baena,6-4 6-4,319,175,155,350
Doha,ATP500,2026/2/17,Hard,R32,3,Fabian Marozsan,Ugo Humbert,6-3 6-1,48,36,1040,1285
Doha,ATP500,2026/2/17,Hard,R32,3,Zizou Bergs,Giovanni Mpetshi Perricard,6-3 6-7 6-4,44,58,1080,905
Doha,ATP500,2026/2/17,Hard,R32,3,Carlos Alcaraz,Arthur Rinderknech,6-4 7-6,1,30,13150,1530
Doha,ATP500,2026/2/17,Hard,R32,3,Andrey Rublev,Jesper De Jong,6-4 6-3,14,86,2510,665
Doha,ATP500,2026/2/18,Hard,R16,3,Karen Khachanov,Marton Fucsovics,6-2 4-6 6-4,17,61,2360,891
Doha,ATP500,2026/2/18,Hard,R16,3,Arthur Fils,Quentin Halys,6-1 7-6,40,72,1110,762
Doha,ATP500,2026/2/18,Hard,R16,3,Jiri Lehecka,Zizou Bergs,6-2 6-1,22,44,1860,1080
Doha,ATP500,2026/2/18,Hard,R16,3,Stefanos Tsitsipas,Daniil Medvedev,6-3 6-4,33,11,1485,3010
Doha,ATP500,2026/2/18,Hard,R16,3,Andrey Rublev,Fabian Marozsan,6-2 6-4,14,48,2510,1040
Doha,ATP500,2026/2/18,Hard,R16,3,Jakub Mensik,Zhizhen Zhang,6-3 6-2,16,319,2425,155
Doha,ATP500,2026/2/18,Hard,R16,3,Jannik Sinner,Alexei Popyrin,6-3 7-5,2,53,10300,1000
Doha,ATP500,2026/2/18,Hard,R16,3,Carlos Alcaraz,Valentin Royer,6-2 7-5,1,60,13150,897
Doha,ATP500,2026/2/19,Hard,QF,3,Andrey Rublev,Stefanos Tsitsipas,6-3 7-6,14,33,2510,1485
Doha,ATP500,2026/2/19,Hard,QF,3,Arthur Fils,Jiri Lehecka,6-3 6-3,40,22,1110,1860
Doha,ATP500,2026/2/19,Hard,QF,3,Carlos Alcaraz,Karen Khachanov,6-7 6-4 6-3,1,17,13150,2360
Doha,ATP500,2026/2/19,Hard,QF,3,Jakub Mensik,Jannik Sinner,7-6 2-6 6-3,16,2,2425,10300
Doha,ATP500,2026/2/20,Hard,SF,3,Carlos Alcaraz,Andrey Rublev,7-6 6-4,1,14,13150,2510
Doha,ATP500,2026/2/20,Hard,SF,3,Arthur Fils,Jakub Mensik,6-4 7-6,40,16,1110,2425
Doha,ATP500,2026/2/21,Hard,F,3,Carlos Alcaraz,Arthur Fils,6-2 6-1,1,40,13150,1110
Rio de Janeiro,ATP500,2026/2/16,Clay,R32,3,Thiago Agustin Tirante,Cristian Garin,7-5 6-3,92,89,647,656
Rio de Janeiro,ATP500,2026/2/16,Clay,R32,3,Dusan Lajovic,Daniel Altmaier,6-4 7-6,129,54,485,961
Rio de Janeiro,ATP500,2026/2/16,Clay,R32,3,Alejandro Tabilo,Emilio Nava,6-3 6-3,68,76,808,710
Rio de Janeiro,ATP500,2026/2/16,Clay,R32,3,Vit Kopriva,Gustavo Heide,6-2 7-6,87,258,660,207
Rio de Janeiro,ATP500,2026/2/16,Clay,R32,3,Ignacio Buse,Igor Ribeiro Marcondes,4-6 7-5 6-4,91,348,648,138
Rio de Janeiro,ATP500,2026/2/17,Clay,R32,3,Yannick Hanfmann,Joao Lucas Reis Da Silva,7-6 6-4,90,207,653,291
Rio de Janeiro,ATP500,2026/2/17,Clay,R32,3,Roman Andres Burruchaga,Camilo Ugo Carabelli,6-3 6-4,102,46,580,1068
Rio de Janeiro,ATP500,2026/2/17,Clay,R32,3,Francesco Passaro,Dino Prizmic,6-3 6-4,163,122,376,507
Rio de Janeiro,ATP500,2026/2/17,Clay,R32,3,Tomas Martin Etcheverry,Francisco Comesana,3-6 6-3 6-4,51,63,1020,869
Rio de Janeiro,ATP500,2026/2/17,Clay,R32,3,Matteo Berrettini,Tomas Barrios Vera,7-6 7-5,57,107,910,563
Rio de Janeiro,ATP500,2026/2/17,Clay,R32,3,Juan Manuel Cerundolo,Luciano Darderi,6-1 3-6 6-4,78,21,706,1904
Rio de Janeiro,ATP500,2026/2/17,Clay,R32,3,Francisco Cerundolo,Mariano Navone,6-3 6-4,19,74,2220,750
Rio de Janeiro,ATP500,2026/2/17,Clay,R32,3,Joao Fonseca,Thiago Monteiro,7-6 6-1,38,208,1190,290
Rio de Janeiro,ATP500,2026/2/17,Clay,R32,3,Damir Dzumhur,Pedro Martinez,0-6 7-6 6-4,62,101,877,586
Rio de Janeiro,ATP500,2026/2/18,Clay,R32,3,Jaime Faria,Sebastian Baez,7-5 6-1,147,32,425,1495
Rio de Janeiro,ATP500,2026/2/18,Clay,R32,3,Vilius Gaubas,Luis Felipe Miguel,6-3 2-6 6-2,126,1593,490,3
Rio de Janeiro,ATP500,2026/2/18,Clay,R16,3,Vit Kopriva,Roman Andres Burruchaga,6-3 6-1,87,102,660,580
Rio de Janeiro,ATP500,2026/2/18,Clay,R16,3,Juan Manuel Cerundolo,Yannick Hanfmann,6-4 6-7 6-4,78,90,706,653
Rio de Janeiro,ATP500,2026/2/18,Clay,R16,3,Thiago Agustin Tirante,Francisco Cerundolo,6-2 3-1 RET,92,19,647,2220
Rio de Janeiro,ATP500,2026/2/19,Clay,R16,3,Alejandro Tabilo,Francesco Passaro,4-6 7-6 6-2,68,163,808,376
Rio de Janeiro,ATP500,2026/2/19,Clay,R16,3,Jaime Faria,Damir Dzumhur,7-6 6-4,147,62,425,877
Rio de Janeiro,ATP500,2026/2/19,Clay,R16,3,Tomas Martin Etcheverry,Vilius Gaubas,7-6 6-4,51,126,1020,490
Rio de Janeiro,ATP500,2026/2/20,Clay,R16,3,Ignacio Buse,Joao Fonseca,5-7 6-3 6-4,91,38,648,1190
Rio de Janeiro,ATP500,2026/2/20,Clay,R16,3,Matteo Berrettini,Dusan Lajovic,3-6 6-4 6-2,57,129,910,485
Rio de Janeiro,ATP500,2026/2/20,Clay,QF,3,Vit Kopriva,Juan Manuel Cerundolo,6-4 6-4,87,78,660,706
Rio de Janeiro,ATP500,2026/2/20,Clay,QF,3,Tomas Martin Etcheverry,Jaime Faria,7-6 6-4,51,147,1020,425
Rio de Janeiro,ATP500,2026/2/20,Clay,QF,3,Ignacio Buse,Matteo Berrettini,6-3 2-6 6-3,91,57,648,910
Rio de Janeiro,ATP500,2026/2/21,Clay,QF,3,Alejandro Tabilo,Thiago Agustin Tirante,7-6 6-7 6-1,68,92,808,647
Rio de Janeiro,ATP500,2026/2/22,Clay,SF,3,Tomas Martin Etcheverry,Vit Kopriva,4-6 7-6 7-6,51,87,1020,660
Rio de Janeiro,ATP500,2026/2/22,Clay,SF,3,Alejandro Tabilo,Ignacio Buse,6-3 6-3,68,91,808,648
Rio de Janeiro,ATP500,2026/2/22,Clay,F,3,Tomas Martin Etcheverry,Alejandro Tabilo,3-6 7-6 6-4,51,68,1020,808
Acapulco,ATP500,2026/2/24,Hard,R32,3,Miomir Kecmanovic,Tristan Schoolkate,6-2 6-2,84,108,685,556
Acapulco,ATP500,2026/2/24,Hard,R32,3,Alejandro Davidovich Fokina,Daniel Altmaier,7-5 6-3,14,53,2470,961
Acapulco,ATP500,2026/2/24,Hard,R32,3,Brandon Nakashima,Elias Ymer,6-3 6-4,29,190,1535,328
Acapulco,ATP500,2026/2/24,Hard,R32,3,Patrick Kypson,Alex De Minaur,6-1 6-7 7-6,103,6,565,4235
Acapulco,ATP500,2026/2/24,Hard,R32,3,Valentin Vacherot,Coleman Wong,4-6 6-3 6-2,27,125,1591,515
Acapulco,ATP500,2026/2/24,Hard,R32,3,Aleksandar Kovacevic,Adam Walton,7-6 7-6,75,87,746,669
Acapulco,ATP500,2026/2/24,Hard,R32,3,Rafael Jodar,Cameron Norrie,6-3 6-2,114,26,548,1603
Acapulco,ATP500,2026/2/25,Hard,R32,3,Dalibor Svrcina,James Duckworth,6-4 6-1,123,83,519,691
Acapulco,ATP500,2026/2/25,Hard,R32,3,Flavio Cobolli,Rodrigo Pacheco Mendez,7-6 7-6,20,218,2030,270
Acapulco,ATP500,2026/2/25,Hard,R32,3,Terence Atmane,Grigor Dimitrov,6-3 6-3,63,44,858,1105
Acapulco,ATP500,2026/2/25,Hard,R32,3,Mattia Bellucci,Rinky Hijikata,7-6 6-3,110,115,553,547
Acapulco,ATP500,2026/2/25,Hard,R32,3,Alexander Zverev,Corentin Moutet,6-2 6-4,4,35,4555,1383
Acapulco,ATP500,2026/2/25,Hard,R32,3,Frances Tiafoe,Nuno Borges,6-4 6-4,28,48,1590,1045
Acapulco,ATP500,2026/2/25,Hard,R32,3,Yibing Wu,Casper Ruud,7-6 7-6,142,12,434,2665
Acapulco,ATP500,2026/2/25,Hard,R32,3,Gael Monfils,Damir Dzumhur,6-4 7-6,170,60,360,877
Acapulco,ATP500,2026/2/25,Hard,R32,3,Sho Shimabukuro,Adrian Mannarino,6-3 6-4,130,51,479,1025
Acapulco,ATP500,2026/2/26,Hard,R16,3,Flavio Cobolli,Dalibor Svrcina,6-4 6-4,20,123,2030,519
Acapulco,ATP500,2026/2/26,Hard,R16,3,Terence Atmane,Rafael Jodar,6-2 4-6 6-1,63,114,858,548
Acapulco,ATP500,2026/2/26,Hard,R16,3,Miomir Kecmanovic,Alexander Zverev,6-3 6-7 7-6,84,4,685,4555
Acapulco,ATP500,2026/2/26,Hard,R16,3,Brandon Nakashima,Patrick Kypson,6-4 6-4,29,103,1535,565
Acapulco,ATP500,2026/2/26,Hard,R16,3,Yibing Wu,Sho Shimabukuro,6-3 7-6,142,130,434,479
Acapulco,ATP500,2026/2/26,Hard,R16,3,Frances Tiafoe,Aleksandar Kovacevic,6-4 3-6 7-6,28,75,1590,746
Acapulco,ATP500,2026/2/26,Hard,R16,3,Mattia Bellucci,Alejandro Davidovich Fokina,6-3 6-3,110,14,553,2470
Acapulco,ATP500,2026/2/26,Hard,R16,3,Valentin Vacherot,Gael Monfils,6-3 6-3,27,170,1591,360
Acapulco,ATP500,2026/2/27,Hard,QF,3,Flavio Cobolli,Yibing Wu,7-6 6-1,20,142,2030,434
Acapulco,ATP500,2026/2/27,Hard,QF,3,Miomir Kecmanovic,Terence Atmane,6-3 6-3,84,63,685,858
Acapulco,ATP500,2026/2/27,Hard,QF,3,Frances Tiafoe,Mattia Bellucci,6-3 6-4,28,110,1590,553
Acapulco,ATP500,2026/2/27,Hard,QF,3,Brandon Nakashima,Valentin Vacherot,2-6 6-2 6-3,29,27,1535,1591
Acapulco,ATP500,2026/2/28,Hard,SF,3,Flavio Cobolli,Miomir Kecmanovic,7-6 3-6 6-4,20,84,2030,685
Acapulco,ATP500,2026/2/28,Hard,SF,3,Frances Tiafoe,Brandon Nakashima,3-6 7-6 6-4,28,29,1590,1535
Acapulco,ATP500,2026/3/1,Hard,F,3,Flavio Cobolli,Frances Tiafoe,7-6 6-4,20,28,2030,1590
Dubai,ATP500,2026/2/23,Hard,R32,3,Giovanni Mpetshi Perricard,Moez Echargui,7-6 6-7 7-6,58,141,905,435
Dubai,ATP500,2026/2/23,Hard,R32,3,Stan Wawrinka,Benjamin Hassan,7-5 6-3,99,289,599,180
Dubai,ATP500,2026/2/23,Hard,R32,3,Felix Auger Aliassime,Zhizhen Zhang,6-3 7-6,8,263,4080,205
Dubai,ATP500,2026/2/23,Hard,R32,3,Jack Draper,Quentin Halys,7-6 6-3,15,68,2460,800
Dubai,ATP500,2026/2/24,Hard,R32,3,Jenson Brooksby,Zizou Bergs,6-3 6-4,49,46,1042,1080
Dubai,ATP500,2026/2/24,Hard,R32,3,Pablo Carreno Busta,Denis Shapovalov,6-2 6-4,124,36,516,1350
Dubai,ATP500,2026/2/24,Hard,R32,3,Daniil Medvedev,Juncheng Shang,6-1 6-3,11,262,2960,205
Dubai,ATP500,2026/2/24,Hard,R32,3,Karen Khachanov,Alexander Shevchenko,6-7 6-2 6-3,16,92,2450,656
Dubai,ATP500,2026/2/24,Hard,R32,3,Arthur Rinderknech,Fabian Marozsan,3-6 6-3 6-4,31,50,1530,1040
Dubai,ATP500,2026/2/24,Hard,R32,3,Alexander Bublik,Jan Lennard Struff,6-3 6-4,10,80,3405,706
Dubai,ATP500,2026/2/24,Hard,R32,3,Tallon Griekspoor,Otto Virtanen,6-3 6-4,25,131,1655,475
Dubai,ATP500,2026/2/24,Hard,R32,3,Jiri Lehecka,Luca Nardi,4-6 6-4 6-2,24,109,1760,554
Dubai,ATP500,2026/2/24,Hard,R32,3,Ugo Humbert,Stefanos Tsitsipas,6-4 7-5,37,30,1285,1535
Dubai,ATP500,2026/2/24,Hard,R32,3,Alexei Popyrin,Kamil Majchrzak,3-6 6-3 7-5,47,56,1050,920
Dubai,ATP500,2026/2/24,Hard,R32,3,Jakub Mensik,Hubert Hurkacz,6-4 7-6,13,73,2595,775
Dubai,ATP500,2026/2/24,Hard,R32,3,Andrey Rublev,Valentin Royer,6-3 6-4,18,54,2210,935
Dubai,ATP500,2026/2/25,Hard,R16,3,Daniil Medvedev,Stan Wawrinka,6-2 6-3,11,99,2960,599
Dubai,ATP500,2026/2/25,Hard,R16,3,Jenson Brooksby,Karen Khachanov,7-6 6-4,49,16,1042,2450
Dubai,ATP500,2026/2/25,Hard,R16,3,Felix Auger Aliassime,Giovanni Mpetshi Perricard,6-4 6-4,8,58,4080,905
Dubai,ATP500,2026/2/25,Hard,R16,3,Jiri Lehecka,Pablo Carreno Busta,7-6 6-4,24,124,1760,516
Dubai,ATP500,2026/2/25,Hard,R16,3,Tallon Griekspoor,Alexander Bublik,6-3 7-6,25,10,1655,3405
Dubai,ATP500,2026/2/25,Hard,R16,3,Andrey Rublev,Ugo Humbert,6-4 6-7 6-3,18,37,2210,1285
Dubai,ATP500,2026/2/25,Hard,R16,3,Jakub Mensik,Alexei Popyrin,6-3 6-2,13,47,2595,1050
Dubai,ATP500,2026/2/25,Hard,R16,3,Arthur Rinderknech,Jack Draper,7-5 6-7 6-4,31,15,1530,2460
Dubai,ATP500,2026/2/26,Hard,QF,3,Daniil Medvedev,Jenson Brooksby,6-2 6-1,11,49,2960,1042
Dubai,ATP500,2026/2/26,Hard,QF,3,Felix Auger Aliassime,Jiri Lehecka,6-3 7-6,8,24,4080,1760
Dubai,ATP500,2026/2/26,Hard,QF,3,Andrey Rublev,Arthur Rinderknech,6-2 6-4,18,31,2210,1530
Dubai,ATP500,2026/2/26,Hard,QF,3,Tallon Griekspoor,Jakub Mensik,6-3 3-6 6-2,25,13,1655,2595
Dubai,ATP500,2026/2/27,Hard,SF,3,Daniil Medvedev,Felix Auger Aliassime,6-4 6-2,11,8,2960,4080
Dubai,ATP500,2026/2/27,Hard,SF,3,Tallon Griekspoor,Andrey Rublev,7-5 7-6,25,18,1655,2210
Dubai,ATP500,2026/2/28,Hard,F,3,Daniil Medvedev,Tallon Griekspoor,W/O,11,25,2960,1655
Santiago,ATP250,2026/2/23,Clay,R32,3,Yannick Hanfmann,Dusan Lajovic,6-0 6-3,81,116,695,541
Santiago,ATP250,2026/2/23,Clay,R32,3,Andrea Pellegrino,Alex Barrena,6-2 2-6 6-1,137,183,447,336
Santiago,ATP250,2026/2/23,Clay,R32,3,Francisco Comesana,Pedro Martinez,6-4 2-6 7-6,82,101,694,586
Santiago,ATP250,2026/2/23,Clay,R32,3,Dino Prizmic,Nicolas Jarry,6-3 5-7 6-2,120,155,529,391
Santiago,ATP250,2026/2/24,Clay,R32,3,Vilius Gaubas,Matias Soto,6-2 6-3,107,316,558,157
Santiago,ATP250,2026/2/24,Clay,R32,3,Elmer Moller,Roman Andres Burruchaga,7-6 0-6 6-4,127,96,509,617
Santiago,ATP250,2026/2/24,Clay,R32,3,Emilio Nava,Matteo Berrettini,6-3 6-4,79,57,710,910
Santiago,ATP250,2026/2/24,Clay,R32,3,Mariano Navone,Vit Kopriva,3-6 6-0 3-1 RET,77,65,725,848
Santiago,ATP250,2026/2/24,Clay,R32,3,Thiago Agustin Tirante,Ignacio Buse,2-6 7-6 7-6,76,66,739,848
Santiago,ATP250,2026/2/24,Clay,R32,3,Cristian Garin,Juan Manuel Cerundolo,3-6 6-3 6-3,93,70,656,781
Santiago,ATP250,2026/2/24,Clay,R32,3,Adolfo Daniel Vallejo,Francesco Passaro,6-3 3-3 RET,106,144,561,431
Santiago,ATP250,2026/2/25,Clay,R32,3,Alejandro Tabilo,Tomas Barrios Vera,7-5 6-3,42,112,1113,551
Santiago,ATP250,2026/2/25,Clay,R16,3,Yannick Hanfmann,Camilo Ugo Carabelli,6-4 6-3,81,59,695,880
Santiago,ATP250,2026/2/25,Clay,R16,3,Andrea Pellegrino,Francisco Comesana,7-6 6-7 6-3,137,82,447,694
Santiago,ATP250,2026/2/25,Clay,R16,3,Vilius Gaubas,Dino Prizmic,5-7 7-5 6-3,107,120,558,529
Santiago,ATP250,2026/2/25,Clay,R16,3,Luciano Darderi,Mariano Navone,6-3 3-6 6-4,21,77,1904,725
Santiago,ATP250,2026/2/26,Clay,R16,3,Emilio Nava,Adolfo Daniel Vallejo,7-5 6-3,79,106,710,561
Santiago,ATP250,2026/2/26,Clay,R16,3,Francisco Cerundolo,Elmer Moller,6-2 6-2,19,127,2170,509
Santiago,ATP250,2026/2/26,Clay,R16,3,Sebastian Baez,Cristian Garin,7-6 1-6 7-5,52,93,1005,656
Santiago,ATP250,2026/2/27,Clay,R16,3,Alejandro Tabilo,Thiago Agustin Tirante,4-6 6-3 6-3,42,76,1113,739
Santiago,ATP250,2026/2/27,Clay,QF,3,Yannick Hanfmann,Vilius Gaubas,3-6 6-2 6-2,81,107,695,558
Santiago,ATP250,2026/2/27,Clay,QF,3,Francisco Cerundolo,Emilio Nava,6-1 6-1,19,79,2170,710
Santiago,ATP250,2026/2/27,Clay,QF,3,Luciano Darderi,Andrea Pellegrino,6-3 3-6 6-2,21,137,1904,447
Santiago,ATP250,2026/2/28,Clay,QF,3,Sebastian Baez,Alejandro Tabilo,7-6 6-1,52,42,1005,1113
Santiago,ATP250,2026/2/28,Clay,SF,3,Yannick Hanfmann,Francisco Cerundolo,6-3 6-4,81,19,695,2170
Santiago,ATP250,2026/2/28,Clay,SF,3,Luciano Darderi,Sebastian Baez,6-4 6-3,21,52,1904,1005
Santiago,ATP250,2026/3/1,Clay,F,3,Luciano Darderi,Yannick Hanfmann,7-6 7-5,21,81,1904,695
Indian Wells,Masters 1000,2026/3/4,Hard,R128,3,Adam Walton,Quentin Halys,6-3 6-3,91,102,650,600
Indian Wells,Masters 1000,2026/3/4,Hard,R128,3,Marcos Giron,Mariano Navone,4-6 7-5 6-3,69,79,780,725
Indian Wells,Masters 1000,2026/3/4,Hard,R128,3,Camilo Ugo Carabelli,Martin Damm,7-6 6-3,67,129,790,477
Indian Wells,Masters 1000,2026/3/4,Hard,R128,3,Miomir Kecmanovic,Daniel Altmaier,6-3 1-0 RET,58,55,875,921
Indian Wells,Masters 1000,2026/3/4,Hard,R128,3,Zizou Bergs,Jan Lennard Struff,6-3 6-4,47,313,1030,209
Indian Wells,Masters 1000,2026/3/4,Hard,R128,3,Reilly Opelka,Ethan Quinn,7-5 7-6,68,73,786,761
Indian Wells,Masters 1000,2026/3/4,Hard,R128,3,Gabriel Diallo,Mattia Bellucci,7-6 6-4,38,94,1175,640
Indian Wells,Masters 1000,2026/3/4,Hard,R128,3,Dalibor Svrcina,James Duckworth,6-2 6-4,109,83,569,691
Indian Wells,Masters 1000,2026/3/4,Hard,R128,3,Marton Fucsovics,Christopher Oconnell,7-5 6-3,56,127,916,493
Indian Wells,Masters 1000,2026/3/4,Hard,R128,3,Matteo Berrettini,Adrian Mannarino,4-6 7-5 7-5,66,48,820,1025
Indian Wells,Masters 1000,2026/3/5,Hard,R128,3,Dino Prizmic,Tristan Schoolkate,7-6 3-6 7-5,119,118,541,547
Indian Wells,Masters 1000,2026/3/5,Hard,R128,3,Jenson Brooksby,Alexei Popyrin,6-3 6-4,41,45,1135,1050
Indian Wells,Masters 1000,2026/3/5,Hard,R128,3,Gael Monfils,Alexis Galarneau,6-3 6-4,148,219,410,265
Indian Wells,Masters 1000,2026/3/5,Hard,R128,3,Zachary Svajda,Marin Cilic,7-6 6-4,99,51,614,990
Indian Wells,Masters 1000,2026/3/5,Hard,R128,3,Joao Fonseca,Raphael Collignon,7-6 6-4,35,77,1240,733
Indian Wells,Masters 1000,2026/3/5,Hard,R128,3,Denis Shapovalov,Stefanos Tsitsipas,6-2 3-6 6-4,39,43,1160,1085
Indian Wells,Masters 1000,2026/3/5,Hard,R128,3,Grigor Dimitrov,Terence Atmane,6-4 5-7 6-4,42,52,1105,958
Indian Wells,Masters 1000,2026/3/5,Hard,R128,3,Kamil Majchrzak,Giovanni Mpetshi Perricard,6-3 1-6 7-5,57,54,895,930
Indian Wells,Masters 1000,2026/3/5,Hard,R128,3,Alexander Shevchenko,Sho Shimabukuro,6-4 3-6 6-2,88,113,659,554
Indian Wells,Masters 1000,2026/3/5,Hard,R128,3,Aleksandar Kovacevic,Hubert Hurkacz,7-6 7-6,72,71,771,775
Indian Wells,Masters 1000,2026/3/5,Hard,R128,3,Jacob Fearnley,Damir Dzumhur,6-3 6-3,87,64,662,840
Indian Wells,Masters 1000,2026/3/5,Hard,R128,3,Sebastian Baez,Chun Hsin Tseng,6-3 6-2,53,144,940,414
Indian Wells,Masters 1000,2026/3/5,Hard,R128,3,Benjamin Bonzi,Valentin Royer,6-4 6-3,111,60,564,872
Indian Wells,Masters 1000,2026/3/5,Hard,R128,3,Roberto Bautista Agut,Fabian Marozsan,6-4 6-7 6-4,93,46,645,1040
Indian Wells,Masters 1000,2026/3/5,Hard,R128,3,Alex Michelsen,Daniel Merida Aguilar,6-3 6-4,44,139,1085,432
Indian Wells,Masters 1000,2026/3/6,Hard,R128,3,Juan Manuel Cerundolo,Botic Van De Zandschulp,7-6 6-7 6-3,70,59,778,873
Indian Wells,Masters 1000,2026/3/6,Hard,R128,3,Alejandro Tabilo,Rafael Jodar,6-1 6-2,40,103,1138,594
Indian Wells,Masters 1000,2026/3/6,Hard,R128,3,Nuno Borges,Emilio Nava,7-6 7-5,49,75,1020,753
Indian Wells,Masters 1000,2026/3/6,Hard,R128,3,Rinky Hijikata,Francesco Maestrelli,7-6 6-4,117,114,547,553
Indian Wells,Masters 1000,2026/3/6,Hard,R128,3,Sebastian Korda,Francisco Comesana,7-5 6-0,37,82,1220,694
Indian Wells,Masters 1000,2026/3/6,Hard,R128,3,Mackenzie Mcdonald,Matteo Arnaldi,6-0 6-1,126,85,498,665
Indian Wells,Masters 1000,2026/3/6,Hard,R128,3,Vit Kopriva,Michael Zheng,7-6 7-5,62,145,848,414
Indian Wells,Masters 1000,2026/3/6,Hard,R64,3,Flavio Cobolli,Miomir Kecmanovic,3-6 6-3 6-4,15,58,2480,875
Indian Wells,Masters 1000,2026/3/6,Hard,R64,3,Learner Tien,Adam Walton,7-6 7-6,27,91,1685,650
Indian Wells,Masters 1000,2026/3/6,Hard,R64,3,Alexander Zverev,Matteo Berrettini,6-3 6-4,4,66,4555,820
Indian Wells,Masters 1000,2026/3/6,Hard,R64,3,Ben Shelton,Reilly Opelka,6-7 7-6 6-3,8,68,4010,786
Indian Wells,Masters 1000,2026/3/6,Hard,R64,3,Marton Fucsovics,Lorenzo Musetti,7-5 6-1,56,5,916,4405
Indian Wells,Masters 1000,2026/3/6,Hard,R64,3,Arthur Fils,Dino Prizmic,6-2 3-2 RET,32,119,1440,541
Indian Wells,Masters 1000,2026/3/6,Hard,R64,3,Brandon Nakashima,Camilo Ugo Carabelli,6-3 6-4,30,67,1535,790
Indian Wells,Masters 1000,2026/3/6,Hard,R64,3,Felix Auger Aliassime,Gael Monfils,6-7 6-3 6-4,9,148,3950,410
Indian Wells,Masters 1000,2026/3/6,Hard,R64,3,Frances Tiafoe,Jenson Brooksby,6-4 6-2,22,41,1870,1135
Indian Wells,Masters 1000,2026/3/7,Hard,R64,3,Denis Shapovalov,Tomas Martin Etcheverry,6-3 2-6 7-6,39,31,1160,1445
Indian Wells,Masters 1000,2026/3/7,Hard,R64,3,Jannik Sinner,Dalibor Svrcina,6-1 6-1,2,109,10400,569
Indian Wells,Masters 1000,2026/3/7,Hard,R64,3,Alejandro Davidovich Fokina,Zachary Svajda,7-6 6-2,19,99,2190,614
Indian Wells,Masters 1000,2026/3/7,Hard,R64,3,Tommy Paul,Zizou Bergs,6-1 6-2,24,47,1815,1030
Indian Wells,Masters 1000,2026/3/7,Hard,R64,3,Jakub Mensik,Marcos Giron,7-5 7-6,12,69,2650,780
Indian Wells,Masters 1000,2026/3/7,Hard,R64,3,Casper Ruud,Alexander Shevchenko,6-1 7-6,13,88,2625,659
Indian Wells,Masters 1000,2026/3/7,Hard,R64,3,Jack Draper,Roberto Bautista Agut,3-6 6-3 6-2,14,93,2510,645
Indian Wells,Masters 1000,2026/3/7,Hard,R64,3,Aleksandar Kovacevic,Corentin Moutet,6-1 6-4,72,33,771,1383
Indian Wells,Masters 1000,2026/3/7,Hard,R64,3,Francisco Cerundolo,Benjamin Bonzi,6-4 5-7 7-6,20,111,2170,564
Indian Wells,Masters 1000,2026/3/7,Hard,R64,3,Joao Fonseca,Karen Khachanov,4-6 7-6 6-4,35,16,1240,2450
Indian Wells,Masters 1000,2026/3/7,Hard,R64,3,Gabriel Diallo,Andrey Rublev,6-7 7-6 6-3,38,17,1175,2400
Indian Wells,Masters 1000,2026/3/7,Hard,R64,3,Novak Djokovic,Kamil Majchrzak,4-6 6-1 6-2,3,57,5280,895
Indian Wells,Masters 1000,2026/3/7,Hard,R64,3,Valentin Vacherot,Nuno Borges,7-5 7-5,26,49,1691,1020
Indian Wells,Masters 1000,2026/3/7,Hard,R64,3,Arthur Rinderknech,Juan Manuel Cerundolo,W/O,28,70,1617,778
Indian Wells,Masters 1000,2026/3/7,Hard,R64,3,Alex De Minaur,Sebastian Korda,4-6 6-4 6-4,6,37,4235,1220
Indian Wells,Masters 1000,2026/3/7,Hard,R64,3,Rinky Hijikata,Luciano Darderi,4-6 6-2 6-4,117,21,547,2104
Indian Wells,Masters 1000,2026/3/8,Hard,R64,3,Cameron Norrie,Mackenzie Mcdonald,6-2 6-3,29,126,1603,498
Indian Wells,Masters 1000,2026/3/8,Hard,R64,3,Carlos Alcaraz,Grigor Dimitrov,6-2 6-3,1,42,13550,1105
Indian Wells,Masters 1000,2026/3/8,Hard,R64,3,Taylor Fritz,Jacob Fearnley,6-3 6-7 6-1,7,87,4220,662
Indian Wells,Masters 1000,2026/3/8,Hard,R64,3,Sebastian Baez,Jiri Lehecka,6-4 6-1,53,23,940,1850
Indian Wells,Masters 1000,2026/3/8,Hard,R64,3,Alexander Bublik,Vit Kopriva,3-6 7-6 6-2,10,62,3405,848
Indian Wells,Masters 1000,2026/3/8,Hard,R64,3,Alex Michelsen,Ugo Humbert,7-5 6-7 7-6,44,34,1085,1285
Indian Wells,Masters 1000,2026/3/8,Hard,R64,3,Daniil Medvedev,Alejandro Tabilo,6-4 6-2,11,40,3360,1138
Indian Wells,Masters 1000,2026/3/8,Hard,R32,3,Alexander Zverev,Brandon Nakashima,7-6 5-7 6-4,4,30,4555,1535
Indian Wells,Masters 1000,2026/3/8,Hard,R32,3,Learner Tien,Ben Shelton,7-6 4-6 6-3,27,8,1685,4010
Indian Wells,Masters 1000,2026/3/8,Hard,R32,3,Alejandro Davidovich Fokina,Jakub Mensik,6-2 4-6 6-2,19,12,2190,2650
Indian Wells,Masters 1000,2026/3/8,Hard,R32,3,Jannik Sinner,Denis Shapovalov,6-3 6-2,2,39,10400,1160
Indian Wells,Masters 1000,2026/3/8,Hard,R32,3,Arthur Fils,Marton Fucsovics,6-3 7-5,32,56,1440,916
Indian Wells,Masters 1000,2026/3/9,Hard,R32,3,Frances Tiafoe,Flavio Cobolli,6-1 6-2,22,15,1870,2480
Indian Wells,Masters 1000,2026/3/9,Hard,R32,3,Felix Auger Aliassime,Gabriel Diallo,6-7 6-3 6-3,9,38,3950,1175
Indian Wells,Masters 1000,2026/3/9,Hard,R32,3,Joao Fonseca,Tommy Paul,6-2 6-3,35,24,1240,1815
Indian Wells,Masters 1000,2026/3/9,Hard,R32,3,Novak Djokovic,Aleksandar Kovacevic,6-4 1-6 6-4,3,72,5280,771
Indian Wells,Masters 1000,2026/3/9,Hard,R32,3,Cameron Norrie,Alex De Minaur,6-4 6-4,29,6,1603,4235
Indian Wells,Masters 1000,2026/3/9,Hard,R32,3,Rinky Hijikata,Alexander Bublik,6-7 7-6 6-3,117,10,547,3405
Indian Wells,Masters 1000,2026/3/9,Hard,R32,3,Jack Draper,Francisco Cerundolo,6-1 7-5,14,20,2510,2170
Indian Wells,Masters 1000,2026/3/9,Hard,R32,3,Alex Michelsen,Taylor Fritz,6-4 7-6,44,7,1085,4220
Indian Wells,Masters 1000,2026/3/9,Hard,R32,3,Casper Ruud,Valentin Vacherot,3-6 6-3 6-4,13,26,2625,1691
Indian Wells,Masters 1000,2026/3/10,Hard,R32,3,Carlos Alcaraz,Arthur Rinderknech,6-7 6-3 6-2,1,28,13550,1617
Indian Wells,Masters 1000,2026/3/10,Hard,R32,3,Daniil Medvedev,Sebastian Baez,6-4 6-0,11,53,3360,940
Indian Wells,Masters 1000,2026/3/10,Hard,R16,3,Arthur Fils,Felix Auger Aliassime,6-3 7-6,32,9,1440,3950
Indian Wells,Masters 1000,2026/3/10,Hard,R16,3,Alexander Zverev,Frances Tiafoe,6-3 6-4,4,22,4555,1870
Indian Wells,Masters 1000,2026/3/10,Hard,R16,3,Learner Tien,Alejandro Davidovich Fokina,4-6 6-1 7-6,27,19,1685,2190
Indian Wells,Masters 1000,2026/3/11,Hard,R16,3,Jannik Sinner,Joao Fonseca,7-6 7-6,2,35,10400,1240
Indian Wells,Masters 1000,2026/3/11,Hard,R16,3,Cameron Norrie,Rinky Hijikata,6-4 6-2,29,117,1603,547
Indian Wells,Masters 1000,2026/3/11,Hard,R16,3,Daniil Medvedev,Alex Michelsen,6-2 6-4,11,44,3360,1085
Indian Wells,Masters 1000,2026/3/11,Hard,R16,3,Carlos Alcaraz,Casper Ruud,6-1 7-6,1,13,13550,2625
Indian Wells,Masters 1000,2026/3/12,Hard,R16,3,Jack Draper,Novak Djokovic,4-6 6-4 7-6,14,3,2510,5280
Indian Wells,Masters 1000,2026/3/12,Hard,QF,3,Alexander Zverev,Arthur Fils,6-2 6-3,4,32,4555,1440
Indian Wells,Masters 1000,2026/3/12,Hard,QF,3,Jannik Sinner,Learner Tien,6-1 6-2,2,27,10400,1685
Indian Wells,Masters 1000,2026/3/13,Hard,QF,3,Daniil Medvedev,Jack Draper,6-1 7-5,11,14,3360,2510
Indian Wells,Masters 1000,2026/3/13,Hard,QF,3,Carlos Alcaraz,Cameron Norrie,6-3 6-4,1,29,13550,1603
Indian Wells,Masters 1000,2026/3/14,Hard,SF,3,Jannik Sinner,Alexander Zverev,6-2 6-4,2,4,10400,4555
Indian Wells,Masters 1000,2026/3/14,Hard,SF,3,Daniil Medvedev,Carlos Alcaraz,6-3 7-6,11,1,3360,13550
Indian Wells,Masters 1000,2026/3/15,Hard,F,3,Jannik Sinner,Daniil Medvedev,7-6 7-6,2,11,10400,3360
Miami,Masters 1000,2026/3/19,Hard,R128,3,Mariano Navone,Nikoloz Basilashvili,7-6 6-3,61,134,855,463
Miami,Masters 1000,2026/3/19,Hard,R128,3,Roberto Bautista Agut,James Duckworth,7-6 7-6,89,80,668,694
Miami,Masters 1000,2026/3/19,Hard,R128,3,Rafael Jodar,Yannick Hanfmann,6-4 4-6 6-1,109,64,588,835
Miami,Masters 1000,2026/3/19,Hard,R128,3,Moise Kouame,Zachary Svajda,5-7 6-4 6-4,385,96,122,644
Miami,Masters 1000,2026/3/19,Hard,R128,3,Zizou Bergs,Jenson Brooksby,7-5 6-2,45,42,1030,1115
Miami,Masters 1000,2026/3/19,Hard,R128,3,Adrian Mannarino,Zhizhen Zhang,6-3 6-2,43,270,1060,195
Miami,Masters 1000,2026/3/19,Hard,R128,3,Darwin Blanch,Jan Lennard Struff,6-3 3-6 6-3,272,316,193,209
Miami,Masters 1000,2026/3/19,Hard,R128,3,Ethan Quinn,Hubert Hurkacz,6-2 6-4,56,75,906,735
Miami,Masters 1000,2026/3/19,Hard,R128,3,Martin Landaluce,Marcos Giron,6-3 7-6,151,70,394,790
Miami,Masters 1000,2026/3/19,Hard,R128,3,Camilo Ugo Carabelli,Giovanni Mpetshi Perricard,2-6 6-3 7-6,66,59,810,890
Miami,Masters 1000,2026/3/19,Hard,R128,3,Botic Van De Zandschulp,Denis Shapovalov,7-5 6-3,65,38,823,1160
Miami,Masters 1000,2026/3/19,Hard,R128,3,Matteo Berrettini,Alexandre Muller,6-4 6-2,68,90,800,665
Miami,Masters 1000,2026/3/19,Hard,R128,3,Reilly Opelka,Nuno Borges,6-7 6-2 7-6,67,50,803,995
Miami,Masters 1000,2026/3/19,Hard,R128,3,Stefanos Tsitsipas,Arthur Fery,6-1 7-6,51,174,995,342
Miami,Masters 1000,2026/3/19,Hard,R128,3,Raphael Collignon,Grigor Dimitrov,7-6 4-6 7-6,72,44,768,1035
Miami,Masters 1000,2026/3/19,Hard,R128,3,Damir Dzumhur,Ignacio Buse,6-7 7-6 6-1,76,63,723,836
Miami,Masters 1000,2026/3/19,Hard,R128,3,Joao Fonseca,Fabian Marozsan,6-4 3-6 6-2,39,46,1135,1020
Miami,Masters 1000,2026/3/19,Hard,R128,3,Marin Cilic,Alexei Popyrin,6-4 6-4,49,47,1000,1010
Miami,Masters 1000,2026/3/19,Hard,R128,3,Martin Damm,Jacob Fearnley,6-0 RET,133,83,469,679
Miami,Masters 1000,2026/3/19,Hard,R128,3,Tomas Machac,Emilio Nava,2-6 6-4 6-1,48,74,1000,741
Miami,Masters 1000,2026/3/19,Hard,R128,3,Kamil Majchrzak,Miomir Kecmanovic,4-6 6-3 6-1,57,58,905,895
Miami,Masters 1000,2026/3/19,Hard,R128,3,Alejandro Tabilo,Francisco Comesana,6-4 6-2,41,82,1118,679
Miami,Masters 1000,2026/3/19,Hard,R128,3,Quentin Halys,Liam Draxl,6-7 6-1 6-1,111,147,580,406
Miami,Masters 1000,2026/3/20,Hard,R128,3,Alex Michelsen,Mattia Bellucci,6-2 6-1,40,77,1135,720
Miami,Masters 1000,2026/3/20,Hard,R128,3,Thiago Agustin Tirante,Valentin Royer,7-5 6-7 7-6,81,69,691,795
Miami,Masters 1000,2026/3/20,Hard,R128,3,Terence Atmane,Daniel Altmaier,6-4 6-2,53,55,968,906
Miami,Masters 1000,2026/3/20,Hard,R128,3,Rei Sakamoto,Aleksandar Kovacevic,6-4 3-6 7-6,164,92,366,661
Miami,Masters 1000,2026/3/20,Hard,R128,3,Marton Fucsovics,Christopher Oconnell,7-6 6-3,54,130,959,493
Miami,Masters 1000,2026/3/20,Hard,R128,3,Adam Walton,Sebastian Baez,6-2 6-2,85,52,674,980
Miami,Masters 1000,2026/3/20,Hard,R128,3,Gabriel Diallo,Yibing Wu,6-2 7-6,37,118,1185,559
Miami,Masters 1000,2026/3/20,Hard,R128,3,Alexander Shevchenko,Matteo Arnaldi,7-6 6-7 6-2,84,101,679,625
Miami,Masters 1000,2026/3/20,Hard,R128,3,Arthur Cazaux,Tomas Barrios Vera,7-5 6-4,73,119,754,551
Miami,Masters 1000,2026/3/20,Hard,R64,3,Ethan Quinn,Casper Ruud,6-4 7-6,56,12,906,2715
Miami,Masters 1000,2026/3/20,Hard,R64,3,Tommy Paul,Adrian Mannarino,6-2 2-6 6-4,23,43,1765,1060
Miami,Masters 1000,2026/3/20,Hard,R64,3,Reilly Opelka,Jack Draper,7-6 7-6,67,26,803,1710
Miami,Masters 1000,2026/3/20,Hard,R64,3,Matteo Berrettini,Alexander Bublik,6-4 6-4,68,11,800,3385
Miami,Masters 1000,2026/3/20,Hard,R64,3,Taylor Fritz,Botic Van De Zandschulp,6-3 6-7 6-3,7,65,4170,823
Miami,Masters 1000,2026/3/20,Hard,R64,3,Karen Khachanov,Roberto Bautista Agut,6-3 6-3,15,89,2410,668
Miami,Masters 1000,2026/3/20,Hard,R64,3,Arthur Fils,Darwin Blanch,6-2 6-3,31,272,1440,193
Miami,Masters 1000,2026/3/21,Hard,R64,3,Sebastian Korda,Camilo Ugo Carabelli,6-0 6-3,36,66,1200,810
Miami,Masters 1000,2026/3/21,Hard,R64,3,Carlos Alcaraz,Joao Fonseca,6-4 6-4,1,39,13550,1135
Miami,Masters 1000,2026/3/21,Hard,R64,3,Raphael Collignon,Flavio Cobolli,7-5 6-3,72,14,768,2520
Miami,Masters 1000,2026/3/21,Hard,R64,3,Stefanos Tsitsipas,Alex De Minaur,6-3 7-6,51,6,995,4185
Miami,Masters 1000,2026/3/21,Hard,R64,3,Jiri Lehecka,Moise Kouame,6-2 7-5,22,385,1850,122
Miami,Masters 1000,2026/3/21,Hard,R64,3,Martin Landaluce,Luciano Darderi,6-3 6-7 6-4,151,18,394,2084
Miami,Masters 1000,2026/3/21,Hard,R64,3,Valentin Vacherot,Mariano Navone,6-3 6-4,25,61,1741,855
Miami,Masters 1000,2026/3/21,Hard,R64,3,Quentin Halys,Alejandro Davidovich Fokina,7-6 6-4,111,17,580,2260
Miami,Masters 1000,2026/3/21,Hard,R64,3,Rafael Jodar,Aleksandar Vukic,6-1 6-2,109,93,588,656
Miami,Masters 1000,2026/3/21,Hard,R64,3,Kamil Majchrzak,Learner Tien,6-2 4-6 6-2,57,21,905,1860
Miami,Masters 1000,2026/3/21,Hard,R64,3,Tomas Martin Etcheverry,Zizou Bergs,7-6 7-6,32,45,1430,1030
Miami,Masters 1000,2026/3/21,Hard,R64,3,Terence Atmane,Arthur Rinderknech,7-6 6-3,53,27,968,1657
Miami,Masters 1000,2026/3/21,Hard,R64,3,Jannik Sinner,Damir Dzumhur,6-3 6-3,2,76,11400,723
Miami,Masters 1000,2026/3/21,Hard,R64,3,Felix Auger Aliassime,Marton Fucsovics,7-6 7-5,8,54,4000,959
Miami,Masters 1000,2026/3/21,Hard,R64,3,Corentin Moutet,Tomas Machac,6-0 1-6 6-4,33,48,1383,1000
Miami,Masters 1000,2026/3/21,Hard,R64,3,Daniil Medvedev,Rei Sakamoto,6-7 6-3 6-1,10,164,3610,366
Miami,Masters 1000,2026/3/21,Hard,R64,3,Alex Michelsen,Cameron Norrie,7-5 6-7 6-4,40,24,1135,1753
Miami,Masters 1000,2026/3/21,Hard,R64,3,Alejandro Tabilo,Andrey Rublev,6-7 6-2 6-4,41,16,1118,2400
Miami,Masters 1000,2026/3/21,Hard,R64,3,Jakub Mensik,Adam Walton,3-6 6-2 6-4,13,85,2650,674
Miami,Masters 1000,2026/3/21,Hard,R64,3,Francisco Cerundolo,Thiago Agustin Tirante,6-4 6-2,19,81,2020,691
Miami,Masters 1000,2026/3/21,Hard,R64,3,Ugo Humbert,Gabriel Diallo,6-1 6-4,34,37,1245,1185
Miami,Masters 1000,2026/3/21,Hard,R64,3,Alexander Shevchenko,Ben Shelton,6-7 7-6 6-3,84,9,679,3860
Miami,Masters 1000,2026/3/21,Hard,R64,3,Frances Tiafoe,Arthur Cazaux,7-6 6-1,20,73,1920,754
Miami,Masters 1000,2026/3/22,Hard,R64,3,Marin Cilic,Brandon Nakashima,2-6 6-4 7-6,49,30,1000,1485
Miami,Masters 1000,2026/3/22,Hard,R64,3,Alexander Zverev,Martin Damm,6-2 6-4,4,133,4905,469
Miami,Masters 1000,2026/3/22,Hard,R32,3,Jiri Lehecka,Ethan Quinn,6-3 7-6,22,56,1850,906
Miami,Masters 1000,2026/3/22,Hard,R32,3,Taylor Fritz,Reilly Opelka,6-3 6-4,7,67,4170,803
Miami,Masters 1000,2026/3/22,Hard,R32,3,Tomas Martin Etcheverry,Rafael Jodar,7-5 6-4,32,109,1430,588
Miami,Masters 1000,2026/3/22,Hard,R32,3,Sebastian Korda,Carlos Alcaraz,6-3 5-7 6-4,36,1,1200,13550
Miami,Masters 1000,2026/3/22,Hard,R32,3,Tommy Paul,Raphael Collignon,6-2 3-6 7-6,23,72,1765,768
Miami,Masters 1000,2026/3/22,Hard,R32,3,Martin Landaluce,Karen Khachanov,6-3 7-6,151,15,394,2410
Miami,Masters 1000,2026/3/23,Hard,R32,3,Valentin Vacherot,Matteo Berrettini,7-6 6-4,25,68,1741,800
Miami,Masters 1000,2026/3/23,Hard,R32,3,Arthur Fils,Stefanos Tsitsipas,6-0 6-1,31,51,1440,995
Miami,Masters 1000,2026/3/23,Hard,R32,3,Ugo Humbert,Alexander Shevchenko,6-4 7-6,34,84,1245,679
Miami,Masters 1000,2026/3/23,Hard,R32,3,Francisco Cerundolo,Daniil Medvedev,6-0 4-6 7-5,19,10,2020,3610
Miami,Masters 1000,2026/3/23,Hard,R32,3,Terence Atmane,Felix Auger Aliassime,6-3 1-6 6-3,53,8,968,4000
Miami,Masters 1000,2026/3/23,Hard,R32,3,Frances Tiafoe,Jakub Mensik,7-6 4-6 7-6,20,13,1920,2650
Miami,Masters 1000,2026/3/23,Hard,R32,3,Alex Michelsen,Alejandro Tabilo,3-6 6-3 6-4,40,41,1135,1118
Miami,Masters 1000,2026/3/23,Hard,R32,3,Alexander Zverev,Marin Cilic,6-2 5-7 6-4,4,49,4905,1000
Miami,Masters 1000,2026/3/23,Hard,R32,3,Quentin Halys,Kamil Majchrzak,7-6 6-1,111,57,580,905
Miami,Masters 1000,2026/3/23,Hard,R32,3,Jannik Sinner,Corentin Moutet,6-1 6-4,2,33,11400,1383
Miami,Masters 1000,2026/3/24,Hard,R16,3,Martin Landaluce,Sebastian Korda,2-6 7-6 6-4,151,36,394,1200
Miami,Masters 1000,2026/3/24,Hard,R16,3,Jiri Lehecka,Taylor Fritz,6-4 6-7 6-2,22,7,1850,4170
Miami,Masters 1000,2026/3/24,Hard,R16,3,Arthur Fils,Valentin Vacherot,6-4 6-7 6-4,31,25,1440,1741
Miami,Masters 1000,2026/3/24,Hard,R16,3,Tommy Paul,Tomas Martin Etcheverry,6-1 6-3,23,32,1765,1430
Miami,Masters 1000,2026/3/24,Hard,R16,3,Jannik Sinner,Alex Michelsen,7-5 7-6,2,40,11400,1135
Miami,Masters 1000,2026/3/24,Hard,R16,3,Frances Tiafoe,Terence Atmane,6-4 1-6 6-4,20,53,1920,968
Miami,Masters 1000,2026/3/25,Hard,R16,3,Francisco Cerundolo,Ugo Humbert,6-4 6-3,19,34,2020,1245
Miami,Masters 1000,2026/3/25,Hard,R16,3,Alexander Zverev,Quentin Halys,7-6 7-6,4,111,4905,580
Miami,Masters 1000,2026/3/25,Hard,QF,3,Jiri Lehecka,Martin Landaluce,7-6 7-5,22,151,1850,394
Miami,Masters 1000,2026/3/26,Hard,QF,3,Arthur Fils,Tommy Paul,6-7 7-6 7-6,31,23,1440,1765
Miami,Masters 1000,2026/3/26,Hard,QF,3,Jannik Sinner,Frances Tiafoe,6-2 6-2,2,20,11400,1920
Miami,Masters 1000,2026/3/26,Hard,QF,3,Alexander Zverev,Francisco Cerundolo,6-1 6-2,4,19,4905,2020
Miami,Masters 1000,2026/3/27,Hard,SF,3,Jiri Lehecka,Arthur Fils,6-2 6-2,22,31,1850,1440
Miami,Masters 1000,2026/3/27,Hard,SF,3,Jannik Sinner,Alexander Zverev,6-3 7-6,2,4,11400,4905
Miami,Masters 1000,2026/3/29,Hard,F,3,Jannik Sinner,Jiri Lehecka,6-4 6-4,2,22,11400,1850
Bucharest,ATP250,2026/3/31,Clay,R32,3,Elmer Moller,Gabi Adrian Boitan,6-3 7-5,134,306,478,167
Bucharest,ATP250,2026/3/31,Clay,R32,3,Mariano Navone,Christopher Oconnell,6-4 7-6,60,128,860,493
Bucharest,ATP250,2026/3/31,Clay,R32,3,Alexander Shevchenko,Radu David Turcanu,6-2 6-4,76,659,716,52
Bucharest,ATP250,2026/3/31,Clay,R32,3,Titouan Droguet,Roberto Bautista Agut,6-1 1-6 6-1,122,80,528,685
Bucharest,ATP250,2026/3/31,Clay,R32,3,Botic Van De Zandschulp,Francesco Maestrelli,6-3 6-2,62,114,841,577
Bucharest,ATP250,2026/3/31,Clay,R32,3,Damir Dzumhur,Filip Cristian Jianu,6-3 4-6 7-6,74,246,731,219
Bucharest,ATP250,2026/3/31,Clay,R32,3,Dino Prizmic,Nikoloz Basilashvili,6-4 6-2,112,129,585,493
Bucharest,ATP250,2026/3/31,Clay,R32,3,Stefanos Sakellaridis,Jan Choinski,6-3 6-4,225,120,252,534
Bucharest,ATP250,2026/3/31,Clay,R32,3,Alex Molcan,Matteo Arnaldi,6-3 6-1,189,107,314,605
Bucharest,ATP250,2026/3/31,Clay,R32,3,Daniel Merida Aguilar,Otto Virtanen,7-6 5-7 7-5,136,123,458,512
Bucharest,ATP250,2026/3/31,Clay,R32,3,Sebastian Baez,Vilius Gaubas,6-3 6-1,50,108,980,603
Bucharest,ATP250,2026/3/31,Clay,R32,3,Daniel Altmaier,Pedro Martinez,6-1 6-4,52,113,960,580
Bucharest,ATP250,2026/4/1,Clay,R16,3,Botic Van De Zandschulp,Alexander Shevchenko,7-5 6-1,62,76,841,716
Bucharest,ATP250,2026/4/1,Clay,R16,3,Mariano Navone,Elmer Moller,6-2 6-1,60,134,860,478
Bucharest,ATP250,2026/4/1,Clay,R16,3,Damir Dzumhur,Nuno Borges,7-6 6-4,74,48,731,995
Bucharest,ATP250,2026/4/1,Clay,R16,3,Alex Molcan,Gabriel Diallo,6-2 6-2,189,36,314,1175
Bucharest,ATP250,2026/4/3,Clay,R16,3,Daniel Merida Aguilar,Adrian Mannarino,4-6 6-2 6-2,136,43,458,1082
Bucharest,ATP250,2026/4/3,Clay,R16,3,Titouan Droguet,Sebastian Baez,6-4 6-4,122,50,528,980
Bucharest,ATP250,2026/4/3,Clay,R16,3,Fabian Marozsan,Stefanos Sakellaridis,7-6 7-5,47,225,1005,252
Bucharest,ATP250,2026/4/3,Clay,R16,3,Daniel Altmaier,Dino Prizmic,3-6 7-6 7-6,52,112,960,585
Bucharest,ATP250,2026/4/3,Clay,QF,3,Botic Van De Zandschulp,Damir Dzumhur,6-3 6-3,62,74,841,731
Bucharest,ATP250,2026/4/3,Clay,QF,3,Mariano Navone,Alex Molcan,3-6 6-2 6-3,60,189,860,314
Bucharest,ATP250,2026/4/3,Clay,QF,3,Daniel Merida Aguilar,Titouan Droguet,4-6 7-6 3-1 RET,136,122,458,528
Bucharest,ATP250,2026/4/3,Clay,QF,3,Fabian Marozsan,Daniel Altmaier,6-2 7-6,47,52,1005,960
Bucharest,ATP250,2026/4/4,Clay,SF,3,Mariano Navone,Botic Van De Zandschulp,5-7 7-6 7-5,60,62,860,841
Bucharest,ATP250,2026/4/4,Clay,SF,3,Daniel Merida Aguilar,Fabian Marozsan,6-7 6-3 6-1,136,47,458,1005
Bucharest,ATP250,2026/4/5,Clay,F,3,Mariano Navone,Daniel Merida Aguilar,6-2 4-6 7-5,60,136,860,458
Houston,ATP250,2026/3/30,Clay,R32,3,Adolfo Daniel Vallejo,Zachary Svajda,6-1 6-4,109,82,601,674
Houston,ATP250,2026/3/30,Clay,R32,3,Zhizhen Zhang,Jack Pinnington Jones,6-1 6-3,263,138,205,456
Houston,ATP250,2026/3/30,Clay,R32,3,Alex Bolt,Yibing Wu,7-6 6-2,165,118,369,559
Houston,ATP250,2026/3/31,Clay,R32,3,Mackenzie Mcdonald,Jenson Brooksby,6-4 6-2,125,41,501,1115
Houston,ATP250,2026/3/31,Clay,R32,3,Thiago Agustin Tirante,Colton Smith,6-0 6-3,83,164,673,371
Houston,ATP250,2026/3/31,Clay,R32,3,Nishesh Basavareddy,Liam Draxl,6-3 2-6 6-4,193,147,306,430
Houston,ATP250,2026/3/31,Clay,R32,3,Tomas Martin Etcheverry,Federico Agustin Gomez,1-6 6-1 6-4,31,182,1500,331
Houston,ATP250,2026/3/31,Clay,R32,3,Brandon Nakashima,Martin Damm,7-6 6-2,33,126,1395,499
Houston,ATP250,2026/4/1,Clay,R32,3,Alex Michelsen,Coleman Wong,6-4 6-2,35,124,1225,503
Houston,ATP250,2026/4/1,Clay,R32,3,Rinky Hijikata,Aleksandar Kovacevic,6-4 6-2,102,85,619,661
Houston,ATP250,2026/4/1,Clay,R32,3,Alexei Popyrin,Patrick Kypson,4-6 6-4 6-3,45,96,1010,640
Houston,ATP250,2026/4/1,Clay,R32,3,Roman Andres Burruchaga,Adam Walton,6-2 6-3,77,105,703,614
Houston,ATP250,2026/4/1,Clay,R16,3,Tomas Martin Etcheverry,Alex Bolt,6-7 6-0 6-3,31,165,1500,369
Houston,ATP250,2026/4/1,Clay,R16,3,Thiago Agustin Tirante,Mackenzie Mcdonald,6-2 6-0,83,125,673,501
Houston,ATP250,2026/4/2,Clay,R16,3,Ben Shelton,Zhizhen Zhang,7-6 7-6,9,263,3860,205
Houston,ATP250,2026/4/2,Clay,R16,3,Tommy Paul,Adolfo Daniel Vallejo,3-6 6-4 6-4,21,109,1915,601
Houston,ATP250,2026/4/2,Clay,R16,3,Roman Andres Burruchaga,Brandon Nakashima,6-4 2-6 6-4,77,33,703,1395
Houston,ATP250,2026/4/2,Clay,R16,3,Learner Tien,Nishesh Basavareddy,6-3 3-6 6-1,22,193,1845,306
Houston,ATP250,2026/4/3,Clay,R16,3,Frances Tiafoe,Rinky Hijikata,6-4 3-6 6-2,18,102,2070,619
Houston,ATP250,2026/4/3,Clay,R16,3,Alexei Popyrin,Alex Michelsen,6-0 4-6 6-1,45,35,1010,1225
Houston,ATP250,2026/4/3,Clay,QF,3,Roman Andres Burruchaga,Learner Tien,7-5 6-4,77,22,703,1845
Houston,ATP250,2026/4/3,Clay,QF,3,Thiago Agustin Tirante,Ben Shelton,6-7 6-3 6-4,83,9,673,3860
Houston,ATP250,2026/4/3,Clay,QF,3,Tommy Paul,Tomas Martin Etcheverry,6-4 6-2,21,31,1915,1500
Houston,ATP250,2026/4/4,Clay,QF,3,Frances Tiafoe,Alexei Popyrin,3-6 6-4 7-6,18,45,2070,1010
Houston,ATP250,2026/4/4,Clay,SF,3,Roman Andres Burruchaga,Thiago Agustin Tirante,6-1 6-1,77,83,703,673
Houston,ATP250,2026/4/4,Clay,SF,3,Tommy Paul,Frances Tiafoe,7-5 4-6 7-6,21,18,1915,2070
Houston,ATP250,2026/4/5,Clay,F,3,Tommy Paul,Roman Andres Burruchaga,6-1 3-6 7-5,21,77,1915,703
Marrakech,ATP250,2026/3/30,Clay,R32,3,Taha Baadi,Aleksandar Vukic,6-2 3-6 6-1,587,84,64,663
Marrakech,ATP250,2026/3/30,Clay,R32,3,Karim Bennani,Quentin Halys,6-4 6-7 6-2,731,90,41,650
Marrakech,ATP250,2026/3/30,Clay,R32,3,Yannick Hanfmann,Jesper De Jong,7-6 6-4,61,99,857,625
Marrakech,ATP250,2026/3/31,Clay,R32,3,Alexandre Muller,Federico Cina,6-2 6-3,94,208,645,285
Marrakech,ATP250,2026/3/31,Clay,R32,3,Kamil Majchrzak,Juan Manuel Cerundolo,7-6 3-6 6-3,53,69,955,776
Marrakech,ATP250,2026/3/31,Clay,R32,3,Mattia Bellucci,Reda Bennani,6-3 3-6 6-4,73,555,740,70
Marrakech,ATP250,2026/3/31,Clay,R32,3,Marco Trungelliti,Henrique Rocha,7-6 6-2,117,133,561,483
Marrakech,ATP250,2026/3/31,Clay,R32,3,Ignacio Buse,Matteo Berrettini,7-6 6-7 6-4,59,91,864,650
Marrakech,ATP250,2026/3/31,Clay,R32,3,Camilo Ugo Carabelli,Timofey Skatov,6-7 6-3 6-4,67,202,780,292
Marrakech,ATP250,2026/3/31,Clay,R32,3,Luca Van Assche,Hugo Gaston,6-4 7-6,109,116,601,564
Marrakech,ATP250,2026/3/31,Clay,R32,3,Rafael Jodar,Dusan Lajovic,6-3 6-4,89,132,652,486
Marrakech,ATP250,2026/4/1,Clay,R32,3,Vit Kopriva,Hamad Medjedovic,6-7 7-5 6-2,70,81,763,680
Marrakech,ATP250,2026/4/1,Clay,R16,3,Marco Trungelliti,Kamil Majchrzak,7-6 6-3,117,53,561,955
Marrakech,ATP250,2026/4/1,Clay,R16,3,Corentin Moutet,Taha Baadi,6-0 6-2,32,587,1403,64
Marrakech,ATP250,2026/4/1,Clay,R16,3,Luciano Darderi,Mattia Bellucci,6-4 6-2,19,73,2050,740
Marrakech,ATP250,2026/4/1,Clay,R16,3,Yannick Hanfmann,Karim Bennani,6-4 6-7 6-2,61,731,857,41
Marrakech,ATP250,2026/4/2,Clay,R16,3,Alexandre Muller,Vit Kopriva,6-3 7-6,94,70,645,763
Marrakech,ATP250,2026/4/2,Clay,R16,3,Rafael Jodar,Tomas Machac,6-4 4-6 6-3,89,55,652,930
Marrakech,ATP250,2026/4/2,Clay,R16,3,Camilo Ugo Carabelli,Ignacio Buse,6-3 3-6 7-5,67,59,780,864
Marrakech,ATP250,2026/4/2,Clay,R16,3,Luca Van Assche,Tallon Griekspoor,6-4 1-6 6-3,109,30,601,1585
Marrakech,ATP250,2026/4/3,Clay,QF,3,Marco Trungelliti,Corentin Moutet,4-6 6-3 6-4,117,32,561,1403
Marrakech,ATP250,2026/4/3,Clay,QF,3,Luciano Darderi,Yannick Hanfmann,W/O,19,61,2050,857
Marrakech,ATP250,2026/4/3,Clay,QF,3,Rafael Jodar,Alexandre Muller,6-2 2-0 RET,89,94,652,645
Marrakech,ATP250,2026/4/3,Clay,QF,3,Camilo Ugo Carabelli,Luca Van Assche,0-6 6-3 6-2,67,109,780,601
Marrakech,ATP250,2026/4/4,Clay,SF,3,Marco Trungelliti,Luciano Darderi,6-4 7-6,117,19,561,2050
Marrakech,ATP250,2026/4/4,Clay,SF,3,Rafael Jodar,Camilo Ugo Carabelli,6-2 6-1,89,67,652,780
Marrakech,ATP250,2026/4/5,Clay,F,3,Rafael Jodar,Marco Trungelliti,6-3 6-2,89,117,652,561
Monte Carlo,Masters 1000,2026/4/5,Clay,R64,3,Cameron Norrie,Miomir Kecmanovic,6-2 4-6 7-6,24,59,1753,875
Monte Carlo,Masters 1000,2026/4/5,Clay,R64,3,Gael Monfils,Tallon Griekspoor,6-7 6-1 6-4,199,32,290,1430
Monte Carlo,Masters 1000,2026/4/5,Clay,R64,3,Alejandro Tabilo,Marton Fucsovics,6-4 6-3,39,58,1118,877
Monte Carlo,Masters 1000,2026/4/5,Clay,R64,3,Ugo Humbert,Moise Kouame,6-3 7-5,34,334,1320,151
Monte Carlo,Masters 1000,2026/4/6,Clay,R64,3,Andrey Rublev,Nuno Borges,6-4 1-6 6-1,15,50,2400,970
Monte Carlo,Masters 1000,2026/4/6,Clay,R64,3,Arthur Rinderknech,Karen Khachanov,7-5 6-2,27,14,1651,2410
Monte Carlo,Masters 1000,2026/4/6,Clay,R64,3,Zizou Bergs,Adrian Mannarino,6-4 6-3,47,46,1010,1050
Monte Carlo,Masters 1000,2026/4/6,Clay,R64,3,Sebastian Baez,Stan Wawrinka,7-5 7-5,65,104,840,608
Monte Carlo,Masters 1000,2026/4/6,Clay,R64,3,Jiri Lehecka,Emilio Nava,7-6 6-7 6-2,13,103,2490,615
Monte Carlo,Masters 1000,2026/4/6,Clay,R64,3,Cristian Garin,Matteo Arnaldi,6-2 6-4,109,107,599,605
Monte Carlo,Masters 1000,2026/4/6,Clay,R64,3,Francisco Cerundolo,Stefanos Tsitsipas,7-5 6-4,19,48,2020,995
Monte Carlo,Masters 1000,2026/4/6,Clay,R64,3,Tomas Machac,Daniel Altmaier,6-4 1-6 6-3,53,49,930,994
Monte Carlo,Masters 1000,2026/4/6,Clay,R64,3,Alexander Blockx,Denis Shapovalov,6-4 4-6 6-3,91,38,649,1120
Monte Carlo,Masters 1000,2026/4/6,Clay,R64,3,Joao Fonseca,Gabriel Diallo,6-2 6-3,40,36,1115,1175
Monte Carlo,Masters 1000,2026/4/6,Clay,R64,3,Valentin Vacherot,Juan Manuel Cerundolo,5-7 6-2 6-1,23,71,1818,773
Monte Carlo,Masters 1000,2026/4/6,Clay,R64,3,Flavio Cobolli,Francisco Comesana,7-5 2-6 6-3,16,99,2320,634
Monte Carlo,Masters 1000,2026/4/7,Clay,R64,3,Matteo Berrettini,Roberto Bautista Agut,4-0 RET,90,85,650,673
Monte Carlo,Masters 1000,2026/4/7,Clay,R64,3,Tomas Martin Etcheverry,Grigor Dimitrov,6-4 2-6 6-3,30,93,1540,645
Monte Carlo,Masters 1000,2026/4/7,Clay,R64,3,Hubert Hurkacz,Luciano Darderi,7-6 5-7 6-1,74,21,745,1920
Monte Carlo,Masters 1000,2026/4/7,Clay,R64,3,Marin Cilic,Alexander Shevchenko,6-1 6-3,51,77,950,727
Monte Carlo,Masters 1000,2026/4/7,Clay,R64,3,Fabian Marozsan,Damir Dzumhur,6-2 6-1,43,81,1095,681
Monte Carlo,Masters 1000,2026/4/7,Clay,R64,3,Terence Atmane,Ethan Quinn,6-1 6-4,45,54,1058,911
Monte Carlo,Masters 1000,2026/4/7,Clay,R64,3,Casper Ruud,Alexei Popyrin,6-3 6-4,12,44,2625,1060
Monte Carlo,Masters 1000,2026/4/7,Clay,R64,3,Corentin Moutet,Alexandre Muller,6-4 6-1,31,88,1433,651
Monte Carlo,Masters 1000,2026/4/7,Clay,R32,3,Jannik Sinner,Ugo Humbert,6-3 6-0,2,34,12400,1320
Monte Carlo,Masters 1000,2026/4/7,Clay,R32,3,Carlos Alcaraz,Sebastian Baez,6-1 6-3,1,65,13590,840
Monte Carlo,Masters 1000,2026/4/7,Clay,R32,3,Alexander Bublik,Gael Monfils,6-4 6-4,11,199,3345,290
Monte Carlo,Masters 1000,2026/4/7,Clay,R32,3,Alex De Minaur,Cameron Norrie,7-6 2-6 6-2,6,24,4095,1753
Monte Carlo,Masters 1000,2026/4/8,Clay,R32,3,Matteo Berrettini,Daniil Medvedev,6-0 6-0,90,10,650,3610
Monte Carlo,Masters 1000,2026/4/8,Clay,R32,3,Zizou Bergs,Andrey Rublev,6-4 6-1,47,15,1010,2400
Monte Carlo,Masters 1000,2026/4/8,Clay,R32,3,Jiri Lehecka,Alejandro Tabilo,4-6 7-6 6-3,13,39,2490,1118
Monte Carlo,Masters 1000,2026/4/8,Clay,R32,3,Alexander Zverev,Cristian Garin,4-6 6-4 7-5,3,109,5205,599
Monte Carlo,Masters 1000,2026/4/8,Clay,R32,3,Joao Fonseca,Arthur Rinderknech,7-5 4-6 6-3,40,27,1115,1651
Monte Carlo,Masters 1000,2026/4/8,Clay,R32,3,Tomas Machac,Francisco Cerundolo,7-6 6-3,53,19,930,2020
Monte Carlo,Masters 1000,2026/4/8,Clay,R32,3,Felix Auger Aliassime,Marin Cilic,7-6 6-3,7,51,4000,950
Monte Carlo,Masters 1000,2026/4/8,Clay,R32,3,Casper Ruud,Corentin Moutet,7-5 6-3,12,31,2625,1433
Monte Carlo,Masters 1000,2026/4/8,Clay,R32,3,Tomas Martin Etcheverry,Terence Atmane,3-6 6-3 6-2,30,45,1540,1058
Monte Carlo,Masters 1000,2026/4/8,Clay,R32,3,Alexander Blockx,Flavio Cobolli,6-3 6-3,91,16,649,2320
Monte Carlo,Masters 1000,2026/4/8,Clay,R32,3,Valentin Vacherot,Lorenzo Musetti,7-6 7-5,23,5,1818,4265
Monte Carlo,Masters 1000,2026/4/8,Clay,R32,3,Hubert Hurkacz,Fabian Marozsan,6-2 6-3,74,43,745,1095
Monte Carlo,Masters 1000,2026/4/9,Clay,R16,3,Joao Fonseca,Matteo Berrettini,6-3 6-2,40,90,1115,650
Monte Carlo,Masters 1000,2026/4/9,Clay,R16,3,Alexander Zverev,Zizou Bergs,6-2 7-5,3,47,5205,1010
Monte Carlo,Masters 1000,2026/4/9,Clay,R16,3,Felix Auger Aliassime,Casper Ruud,7-5 2-2 RET,7,12,4000,2625
Monte Carlo,Masters 1000,2026/4/9,Clay,R16,3,Jannik Sinner,Tomas Machac,6-1 6-7 6-3,2,53,12400,930
Monte Carlo,Masters 1000,2026/4/9,Clay,R16,3,Alexander Bublik,Jiri Lehecka,6-2 7-5,11,13,3345,2490
Monte Carlo,Masters 1000,2026/4/9,Clay,R16,3,Carlos Alcaraz,Tomas Martin Etcheverry,6-1 4-6 6-3,1,30,13590,1540
Monte Carlo,Masters 1000,2026/4/9,Clay,R16,3,Alex De Minaur,Alexander Blockx,7-5 7-6,6,91,4095,649
Monte Carlo,Masters 1000,2026/4/9,Clay,R16,3,Valentin Vacherot,Hubert Hurkacz,6-7 6-3 6-4,23,74,1818,745
Monte Carlo,Masters 1000,2026/4/10,Clay,QF,3,Alexander Zverev,Joao Fonseca,7-5 6-7 6-3,3,40,5205,1115
Monte Carlo,Masters 1000,2026/4/10,Clay,QF,3,Jannik Sinner,Felix Auger Aliassime,6-3 6-4,2,7,12400,4000
Monte Carlo,Masters 1000,2026/4/10,Clay,QF,3,Carlos Alcaraz,Alexander Bublik,6-3 6-0,1,11,13590,3345
Monte Carlo,Masters 1000,2026/4/10,Clay,QF,3,Valentin Vacherot,Alex De Minaur,6-4 3-6 6-3,23,6,1818,4095
Monte Carlo,Masters 1000,2026/4/11,Clay,SF,3,Jannik Sinner,Alexander Zverev,6-1 6-4,2,3,12400,5205
Monte Carlo,Masters 1000,2026/4/11,Clay,SF,3,Carlos Alcaraz,Valentin Vacherot,6-4 6-4,1,23,13590,1818
Monte Carlo,Masters 1000,2026/4/12,Clay,F,3,Jannik Sinner,Carlos Alcaraz,7-6 6-3,2,1,12400,13590
Barcelona,ATP500,2026/4/13,Clay,R32,3,Corentin Moutet,Ignacio Buse,6-4 6-4,31,60,1433,864
Barcelona,ATP500,2026/4/13,Clay,R32,3,Tomas Martin Etcheverry,Jack Draper,3-6 6-3 4-1 RET,29,28,1590,1610
Barcelona,ATP500,2026/4/13,Clay,R32,3,Ethan Quinn,Reilly Opelka,7-5 7-6,50,68,927,803
Barcelona,ATP500,2026/4/13,Clay,R32,3,Cameron Norrie,Stan Wawrinka,6-4 6-7 6-4,24,107,1778,608
Barcelona,ATP500,2026/4/13,Clay,R32,3,Hamad Medjedovic,Marco Trungelliti,7-5 6-4,88,79,664,732
Barcelona,ATP500,2026/4/13,Clay,R32,3,Nuno Borges,Adrian Mannarino,6-3 6-4,52,46,895,1025
Barcelona,ATP500,2026/4/13,Clay,R32,3,Rafael Jodar,Jaume Munar,6-1 6-2,55,38,886,1175
Barcelona,ATP500,2026/4/14,Clay,R32,3,Alex De Minaur,Sebastian Ofner,7-6 6-4,7,86,3895,673
Barcelona,ATP500,2026/4/14,Clay,R32,3,Lorenzo Sonego,Pedro Martinez,6-2 2-6 6-4,66,125,810,496
Barcelona,ATP500,2026/4/14,Clay,R32,3,Lorenzo Musetti,Martin Landaluce,7-5 6-2,9,101,3625,634
Barcelona,ATP500,2026/4/14,Clay,R32,3,Camilo Ugo Carabelli,Karen Khachanov,6-3 6-4,64,14,825,2410
Barcelona,ATP500,2026/4/14,Clay,R32,3,Tomas Machac,Sebastian Baez,2-6 6-4 6-1,47,57,980,880
Barcelona,ATP500,2026/4/14,Clay,R32,3,Carlos Alcaraz,Otto Virtanen,6-4 6-2,2,130,13240,487
Barcelona,ATP500,2026/4/14,Clay,R32,3,Brandon Nakashima,Juan Manuel Cerundolo,6-3 7-5,33,69,1385,803
Barcelona,ATP500,2026/4/14,Clay,R32,3,Andrey Rublev,Mariano Navone,6-4 7-5,15,44,2350,1085
Barcelona,ATP500,2026/4/14,Clay,R32,3,Arthur Fils,Terence Atmane,4-6 6-4 7-6,30,41,1440,1108
Barcelona,ATP500,2026/4/15,Clay,R16,3,Nuno Borges,Tomas Martin Etcheverry,6-3 7-6,52,29,895,1590
Barcelona,ATP500,2026/4/15,Clay,R16,3,Hamad Medjedovic,Alex De Minaur,6-3 6-4,88,7,664,3895
Barcelona,ATP500,2026/4/15,Clay,R16,3,Rafael Jodar,Camilo Ugo Carabelli,6-3 6-3,55,64,886,825
Barcelona,ATP500,2026/4/15,Clay,R16,3,Cameron Norrie,Ethan Quinn,6-3 4-6 6-4,24,50,1778,927
Barcelona,ATP500,2026/4/16,Clay,R16,3,Tomas Machac,Carlos Alcaraz,W/O,47,2,980,13240
Barcelona,ATP500,2026/4/16,Clay,R16,3,Andrey Rublev,Lorenzo Sonego,6-2 6-3,15,66,2350,810
Barcelona,ATP500,2026/4/16,Clay,R16,3,Lorenzo Musetti,Corentin Moutet,6-3 6-4,9,31,3625,1433
Barcelona,ATP500,2026/4/16,Clay,R16,3,Arthur Fils,Brandon Nakashima,6-2 6-3,30,33,1440,1385
Barcelona,ATP500,2026/4/17,Clay,QF,3,Hamad Medjedovic,Nuno Borges,7-6 6-2,88,52,664,895
Barcelona,ATP500,2026/4/17,Clay,QF,3,Andrey Rublev,Tomas Machac,6-4 6-3,15,47,2350,980
Barcelona,ATP500,2026/4/17,Clay,QF,3,Arthur Fils,Lorenzo Musetti,6-3 6-4,30,9,1440,3625
Barcelona,ATP500,2026/4/17,Clay,QF,3,Rafael Jodar,Cameron Norrie,6-3 6-2,55,24,886,1778
Barcelona,ATP500,2026/4/18,Clay,SF,3,Andrey Rublev,Hamad Medjedovic,3-6 6-2 6-2,15,88,2350,664
Barcelona,ATP500,2026/4/18,Clay,SF,3,Arthur Fils,Rafael Jodar,3-6 6-3 6-2,30,55,1440,886
Barcelona,ATP500,2026/4/19,Clay,F,3,Arthur Fils,Andrey Rublev,6-2 7-6,30,15,1440,2350
Munich,ATP500,2026/4/13,Clay,R32,3,Arthur Rinderknech,Alex Michelsen,6-3 6-3,26,36,1676,1200
Munich,ATP500,2026/4/13,Clay,R32,3,Botic Van De Zandschulp,Marc Andrea Huesler,7-6 6-3,49,340,931,148
Munich,ATP500,2026/4/13,Clay,R32,3,Francisco Cerundolo,Sumit Nagal,6-2 6-2,19,292,2020,179
Munich,ATP500,2026/4/13,Clay,R32,3,Gabriel Diallo,Vitaliy Sachko,6-1 6-2,37,208,1175,282
Munich,ATP500,2026/4/13,Clay,R32,3,Ben Shelton,Emilio Nava,7-6 3-6 6-3,6,112,3900,580
Munich,ATP500,2026/4/13,Clay,R32,3,Alexander Blockx,Yannick Hanfmann,7-6 6-2,71,51,772,899
Munich,ATP500,2026/4/14,Clay,R32,3,Denis Shapovalov,Tallon Griekspoor,6-4 3-6 6-2,39,32,1120,1430
Munich,ATP500,2026/4/14,Clay,R32,3,Joao Fonseca,Alejandro Tabilo,7-6 6-3,35,45,1315,1068
Munich,ATP500,2026/4/14,Clay,R32,3,Luciano Darderi,Zhizhen Zhang,7-6 3-6 6-1,21,242,1920,230
Munich,ATP500,2026/4/14,Clay,R32,3,Alexander Zverev,Miomir Kecmanovic,6-3 3-6 7-6,3,58,5555,875
Munich,ATP500,2026/4/14,Clay,R32,3,Flavio Cobolli,Diego Dedura Palomero,6-4 7-5,16,258,2320,210
Munich,ATP500,2026/4/14,Clay,R32,3,Vit Kopriva,Justin Engel,6-3 5-7 6-2,77,184,738,323
Munich,ATP500,2026/4/14,Clay,R32,3,Daniel Altmaier,Marin Cilic,6-2 6-3,56,48,880,950
Munich,ATP500,2026/4/14,Clay,R32,3,Alex Molcan,Alexander Bublik,6-4 6-2,166,11,376,3445
Munich,ATP500,2026/4/14,Clay,R32,3,Zizou Bergs,Marko Topo,6-1 6-4,40,260,1110,208
Munich,ATP500,2026/4/15,Clay,R32,3,Fabian Marozsan,Stefanos Tsitsipas,3-6 7-6 6-4,42,67,1105,805
Munich,ATP500,2026/4/15,Clay,R16,3,Joao Fonseca,Arthur Rinderknech,6-3 6-2,35,26,1315,1676
Munich,ATP500,2026/4/15,Clay,R16,3,Ben Shelton,Alexander Blockx,6-4 7-6,6,71,3900,772
Munich,ATP500,2026/4/15,Clay,R16,3,Flavio Cobolli,Zizou Bergs,6-2 6-3,16,40,2320,1110
Munich,ATP500,2026/4/15,Clay,R16,3,Vit Kopriva,Luciano Darderi,2-6 6-4 6-1,77,21,738,1920
Munich,ATP500,2026/4/16,Clay,R16,3,Francisco Cerundolo,Botic Van De Zandschulp,6-3 6-0,19,49,2020,931
Munich,ATP500,2026/4/16,Clay,R16,3,Alex Molcan,Daniel Altmaier,6-4 7-6,166,56,376,880
Munich,ATP500,2026/4/16,Clay,R16,3,Alexander Zverev,Gabriel Diallo,6-1 6-2,3,37,5555,1175
Munich,ATP500,2026/4/16,Clay,R16,3,Denis Shapovalov,Fabian Marozsan,7-6 6-2,39,42,1120,1105
Munich,ATP500,2026/4/17,Clay,QF,3,Flavio Cobolli,Vit Kopriva,6-3 6-2,16,77,2320,738
Munich,ATP500,2026/4/17,Clay,QF,3,Alexander Zverev,Francisco Cerundolo,5-7 6-0 6-2,3,19,5555,2020
Munich,ATP500,2026/4/17,Clay,QF,3,Ben Shelton,Joao Fonseca,6-3 3-6 6-3,6,35,3900,1315
Munich,ATP500,2026/4/17,Clay,QF,3,Alex Molcan,Denis Shapovalov,6-4 6-4,166,39,376,1120
Munich,ATP500,2026/4/18,Clay,SF,3,Flavio Cobolli,Alexander Zverev,6-3 6-3,16,3,2320,5555
Munich,ATP500,2026/4/18,Clay,SF,3,Ben Shelton,Alex Molcan,6-3 6-4,6,166,3900,376
Munich,ATP500,2026/4/19,Clay,F,3,Ben Shelton,Flavio Cobolli,6-2 7-5,6,16,3900,2320
Madrid,Masters 1000,2026/4/22,Clay,R128,3,Marin Cilic,Zizou Bergs,4-6 6-3 6-4,51,44,950,1060
Madrid,Masters 1000,2026/4/22,Clay,R128,3,Emilio Nava,Jenson Brooksby,6-3 7-5,116,61,549,852
Madrid,Masters 1000,2026/4/22,Clay,R128,3,Vit Kopriva,Zhizhen Zhang,6-2 6-0,66,245,826,230
Madrid,Masters 1000,2026/4/22,Clay,R128,3,Ignacio Buse,Adrian Mannarino,6-4 6-2,58,46,864,1025
Madrid,Masters 1000,2026/4/22,Clay,R128,3,Damir Dzumhur,Mattia Bellucci,6-2 6-4,84,78,694,734
Madrid,Masters 1000,2026/4/22,Clay,R128,3,Dino Prizmic,Matteo Berrettini,6-3 6-4,87,92,670,650
Madrid,Masters 1000,2026/4/22,Clay,R128,3,Jan Lennard Struff,Alexandre Muller,7-6 6-0,81,95,709,641
Madrid,Masters 1000,2026/4/22,Clay,R128,3,Dusan Lajovic,Lorenzo Sonego,6-3 7-6,138,62,451,850
Madrid,Masters 1000,2026/4/22,Clay,R128,3,Sebastian Ofner,Nikoloz Basilashvili,7-6 7-6,83,120,698,516
Madrid,Masters 1000,2026/4/22,Clay,R128,3,Thiago Agustin Tirante,Roberto Bautista Agut,6-2 6-4,75,93,765,649
Madrid,Masters 1000,2026/4/22,Clay,R128,3,Elmer Moller,Federico Cina,6-4 7-6,169,205,364,285
Madrid,Masters 1000,2026/4/22,Clay,R128,3,Hubert Hurkacz,Jaime Faria,6-3 6-3,63,136,845,459
Madrid,Masters 1000,2026/4/22,Clay,R128,3,Benjamin Bonzi,Titouan Droguet,6-7 7-6 6-4,104,113,616,571
Madrid,Masters 1000,2026/4/22,Clay,R128,3,Tomas Machac,Francisco Comesana,3-6 7-6 6-3,41,105,1080,610
Madrid,Masters 1000,2026/4/22,Clay,R128,3,Rafael Jodar,Jesper De Jong,2-6 7-5 6-4,42,109,1080,588
Madrid,Masters 1000,2026/4/22,Clay,R128,3,Alejandro Tabilo,Valentin Royer,6-2 6-4,43,72,1068,794
Madrid,Masters 1000,2026/4/23,Clay,R128,3,Terence Atmane,Miomir Kecmanovic,6-4 7-5,47,65,983,835
Madrid,Masters 1000,2026/4/23,Clay,R128,3,Pablo Carreno Busta,Marton Fucsovics,4-6 7-6 6-2,94,54,646,887
Madrid,Masters 1000,2026/4/23,Clay,R128,3,Alexander Blockx,Cristian Garin,4-6 7-5 7-5,69,85,814,679
Madrid,Masters 1000,2026/4/23,Clay,R128,3,Yannick Hanfmann,Marcos Giron,6-4 6-7 7-5,60,76,857,750
Madrid,Masters 1000,2026/4/23,Clay,R128,3,Fabian Marozsan,Ethan Quinn,7-6 7-6,50,48,955,977
Madrid,Masters 1000,2026/4/23,Clay,R128,3,Jaume Munar,Alexander Shevchenko,6-4 6-1,38,82,1135,704
Madrid,Masters 1000,2026/4/23,Clay,R128,3,Mariano Navone,Nuno Borges,6-3 6-4,45,49,1055,970
Madrid,Masters 1000,2026/4/23,Clay,R128,3,Martin Damm,Alexei Popyrin,7-6 6-4,126,56,499,870
Madrid,Masters 1000,2026/4/23,Clay,R128,3,Adolfo Daniel Vallejo,Grigor Dimitrov,6-4 6-4,96,137,640,455
Madrid,Masters 1000,2026/4/23,Clay,R128,3,Stefanos Tsitsipas,Patrick Kypson,3-6 7-6 7-6,80,90,715,653
Madrid,Masters 1000,2026/4/23,Clay,R128,3,Vilius Gaubas,Sebastian Baez,7-5 6-1,124,64,503,840
Madrid,Masters 1000,2026/4/23,Clay,R128,3,Juan Manuel Cerundolo,Daniel Altmaier,6-4 6-4,67,55,816,880
Madrid,Masters 1000,2026/4/23,Clay,R128,3,Camilo Ugo Carabelli,Gael Monfils,6-3 6-4,57,200,865,290
Madrid,Masters 1000,2026/4/23,Clay,R128,3,Daniel Merida Aguilar,Marco Trungelliti,6-4 1-6 7-6,102,77,632,737
Madrid,Masters 1000,2026/4/23,Clay,R128,3,Adam Walton,Martin Landaluce,6-2 6-3,117,99,547,634
Madrid,Masters 1000,2026/4/23,Clay,R128,3,Nicolai Budkov Kjaer,Reilly Opelka,5-3 RET,140,70,451,803
Madrid,Masters 1000,2026/4/24,Clay,R64,3,Alex Michelsen,Jan Lennard Struff,6-2 6-1,37,81,1200,709
Madrid,Masters 1000,2026/4/24,Clay,R64,3,Tallon Griekspoor,Damir Dzumhur,6-3 6-4,33,84,1340,694
Madrid,Masters 1000,2026/4/24,Clay,R64,3,Lorenzo Musetti,Hubert Hurkacz,6-4 7-6,9,63,3715,845
Madrid,Masters 1000,2026/4/24,Clay,R64,3,Emilio Nava,Valentin Vacherot,6-7 7-6 6-3,116,17,549,2168
Madrid,Masters 1000,2026/4/24,Clay,R64,3,Arthur Rinderknech,Dusan Lajovic,6-3 6-2,26,138,1716,451
Madrid,Masters 1000,2026/4/24,Clay,R64,3,Elmer Moller,Gabriel Diallo,7-5 3-3 RET,169,36,364,1200
Madrid,Masters 1000,2026/4/24,Clay,R64,3,Dino Prizmic,Ben Shelton,6-4 6-7 7-6,87,6,670,4070
Madrid,Masters 1000,2026/4/24,Clay,R64,3,Jiri Lehecka,Alejandro Tabilo,3-6 7-6 6-4,14,43,2540,1068
Madrid,Masters 1000,2026/4/24,Clay,R64,3,Arthur Fils,Ignacio Buse,6-7 7-6 7-5,25,58,1740,864
Madrid,Masters 1000,2026/4/24,Clay,R64,3,Jannik Sinner,Benjamin Bonzi,6-7 6-1 6-4,1,104,13350,616
Madrid,Masters 1000,2026/4/24,Clay,R64,3,Tomas Martin Etcheverry,Sebastian Ofner,6-4 6-4,29,83,1590,698
Madrid,Masters 1000,2026/4/24,Clay,R64,3,Vit Kopriva,Andrey Rublev,6-3 6-4,66,12,826,2630
Madrid,Masters 1000,2026/4/24,Clay,R64,3,Cameron Norrie,Tomas Machac,6-2 6-7 7-6,23,41,1868,1080
Madrid,Masters 1000,2026/4/24,Clay,R64,3,Rafael Jodar,Alex De Minaur,6-3 6-1,42,8,1080,3845
Madrid,Masters 1000,2026/4/24,Clay,R64,3,Joao Fonseca,Marin Cilic,W/O,31,51,1415,950
Madrid,Masters 1000,2026/4/24,Clay,R64,3,Thiago Agustin Tirante,Tommy Paul,7-5 6-4,75,18,765,2065
Madrid,Masters 1000,2026/4/25,Clay,R64,3,Alejandro Davidovich Fokina,Pablo Carreno Busta,6-3 6-3,24,94,1820,646
Madrid,Masters 1000,2026/4/25,Clay,R64,3,Francisco Cerundolo,Yannick Hanfmann,6-1 7-5,20,60,1920,857
Madrid,Masters 1000,2026/4/25,Clay,R64,3,Karen Khachanov,Adam Walton,6-2 6-3,16,117,2220,547
Madrid,Masters 1000,2026/4/25,Clay,R64,3,Luciano Darderi,Juan Manuel Cerundolo,6-1 6-3,22,67,1870,816
Madrid,Masters 1000,2026/4/25,Clay,R64,3,Jakub Mensik,Martin Damm,6-3 6-4,27,126,1700,499
Madrid,Masters 1000,2026/4/25,Clay,R64,3,Casper Ruud,Jaume Munar,6-0 6-1,15,38,2535,1135
Madrid,Masters 1000,2026/4/25,Clay,R64,3,Alexander Blockx,Brandon Nakashima,3-6 6-3 6-4,69,32,814,1385
Madrid,Masters 1000,2026/4/25,Clay,R64,3,Terence Atmane,Ugo Humbert,7-6 7-6,47,34,983,1320
Madrid,Masters 1000,2026/4/25,Clay,R64,3,Felix Auger Aliassime,Vilius Gaubas,6-3 6-4,5,124,4100,503
Madrid,Masters 1000,2026/4/25,Clay,R64,3,Alexander Zverev,Mariano Navone,6-1 3-6 6-3,3,45,5255,1055
Madrid,Masters 1000,2026/4/25,Clay,R64,3,Flavio Cobolli,Camilo Ugo Carabelli,6-7 6-1 6-4,13,57,2600,865
Madrid,Masters 1000,2026/4/25,Clay,R64,3,Adolfo Daniel Vallejo,Learner Tien,6-4 6-3,96,21,640,1885
Madrid,Masters 1000,2026/4/25,Clay,R64,3,Daniil Medvedev,Fabian Marozsan,6-2 6-7 6-4,10,50,3560,955
Madrid,Masters 1000,2026/4/25,Clay,R64,3,Daniel Merida Aguilar,Corentin Moutet,6-3 6-4,102,30,632,1433
Madrid,Masters 1000,2026/4/25,Clay,R64,3,Nicolai Budkov Kjaer,Denis Shapovalov,6-2 6-1,140,35,451,1210
Madrid,Masters 1000,2026/4/25,Clay,R64,3,Stefanos Tsitsipas,Alexander Bublik,6-2 7-5,80,11,715,3445
Madrid,Masters 1000,2026/4/26,Clay,R32,3,Jiri Lehecka,Alex Michelsen,6-4 6-2,14,37,2540,1200
Madrid,Masters 1000,2026/4/26,Clay,R32,3,Lorenzo Musetti,Tallon Griekspoor,6-4 7-5,9,33,3715,1340
Madrid,Masters 1000,2026/4/26,Clay,R32,3,Tomas Martin Etcheverry,Dino Prizmic,2-6 6-4 6-3,29,87,1590,670
Madrid,Masters 1000,2026/4/26,Clay,R32,3,Jannik Sinner,Elmer Moller,6-2 6-3,1,169,13350,364
Madrid,Masters 1000,2026/4/26,Clay,R32,3,Arthur Fils,Emilio Nava,7-6 6-3,25,116,1740,549
Madrid,Masters 1000,2026/4/26,Clay,R32,3,Cameron Norrie,Thiago Agustin Tirante,7-5 7-6,23,75,1868,765
Madrid,Masters 1000,2026/4/26,Clay,R32,3,Vit Kopriva,Arthur Rinderknech,6-4 3-6 RET,66,26,826,1716
Madrid,Masters 1000,2026/4/26,Clay,R32,3,Rafael Jodar,Joao Fonseca,7-6 4-6 6-1,42,31,1080,1415
Madrid,Masters 1000,2026/4/27,Clay,R32,3,Casper Ruud,Alejandro Davidovich Fokina,6-3 6-1,15,24,2535,1820
Madrid,Masters 1000,2026/4/27,Clay,R32,3,Stefanos Tsitsipas,Daniel Merida Aguilar,6-4 6-2,80,102,715,632
Madrid,Masters 1000,2026/4/27,Clay,R32,3,Francisco Cerundolo,Luciano Darderi,6-2 6-3,20,22,1920,1870
Madrid,Masters 1000,2026/4/27,Clay,R32,3,Daniil Medvedev,Nicolai Budkov Kjaer,6-3 6-2,10,140,3560,451
Madrid,Masters 1000,2026/4/27,Clay,R32,3,Alexander Blockx,Felix Auger Aliassime,7-6 6-3,69,5,814,4100
Madrid,Masters 1000,2026/4/27,Clay,R32,3,Alexander Zverev,Terence Atmane,6-3 7-6,3,47,5255,983
Madrid,Masters 1000,2026/4/27,Clay,R32,3,Flavio Cobolli,Adolfo Daniel Vallejo,6-3 6-2,13,96,2600,640
Madrid,Masters 1000,2026/4/27,Clay,R32,3,Jakub Mensik,Karen Khachanov,6-4 7-6,27,16,1700,2220
Madrid,Masters 1000,2026/4/28,Clay,R16,3,Arthur Fils,Tomas Martin Etcheverry,6-3 6-4,25,29,1740,1590
Madrid,Masters 1000,2026/4/28,Clay,R16,3,Jannik Sinner,Cameron Norrie,6-2 7-5,1,23,13350,1868
Madrid,Masters 1000,2026/4/28,Clay,R16,3,Jiri Lehecka,Lorenzo Musetti,6-3 6-3,14,9,2540,3715
Madrid,Masters 1000,2026/4/28,Clay,R16,3,Casper Ruud,Stefanos Tsitsipas,6-7 7-6 7-6,15,80,2535,715
Madrid,Masters 1000,2026/4/28,Clay,R16,3,Rafael Jodar,Vit Kopriva,7-5 6-0,42,66,1080,826
Madrid,Masters 1000,2026/4/28,Clay,R16,3,Alexander Blockx,Francisco Cerundolo,7-6 6-2,69,20,814,1920
Madrid,Masters 1000,2026/4/28,Clay,R16,3,Flavio Cobolli,Daniil Medvedev,6-3 5-7 6-4,13,10,2600,3560
Madrid,Masters 1000,2026/4/28,Clay,R16,3,Alexander Zverev,Jakub Mensik,6-4 6-7 6-3,3,27,5255,1700
Madrid,Masters 1000,2026/4/29,Clay,QF,3,Jannik Sinner,Rafael Jodar,6-2 7-6,1,42,13350,1080
Madrid,Masters 1000,2026/4/29,Clay,QF,3,Arthur Fils,Jiri Lehecka,6-3 6-4,25,14,1740,2540
Madrid,Masters 1000,2026/4/30,Clay,QF,3,Alexander Blockx,Casper Ruud,6-4 6-4,69,15,814,2535
Madrid,Masters 1000,2026/4/30,Clay,QF,3,Alexander Zverev,Flavio Cobolli,6-1 6-4,3,13,5255,2600
Madrid,Masters 1000,2026/5/1,Clay,SF,3,Jannik Sinner,Arthur Fils,6-2 6-4,1,25,13350,1740
Madrid,Masters 1000,2026/5/1,Clay,SF,3,Alexander Zverev,Alexander Blockx,6-2 7-5,3,69,5255,814
Madrid,Masters 1000,2026/5/3,Clay,F,3,Jannik Sinner,Alexander Zverev,6-1 6-2,1,3,13350,5255
Rome,Masters 1000,2026/5/6,Clay,R128,3,Vit Kopriva,Fabian Marozsan,6-3 6-3,55,49,896,975
Rome,Masters 1000,2026/5/6,Clay,R128,3,Sebastian Baez,Jenson Brooksby,6-3 7-6,65,63,840,862
Rome,Masters 1000,2026/5/6,Clay,R128,3,Daniel Altmaier,Zhizhen Zhang,4-6 7-6 6-4,64,239,860,240
Rome,Masters 1000,2026/5/6,Clay,R128,3,Damir Dzumhur,Adrian Mannarino,6-4 6-0,87,45,674,1035
Rome,Masters 1000,2026/5/6,Clay,R128,3,Zachary Svajda,Marco Trungelliti,0-6 6-4 7-6,90,78,666,743
Rome,Masters 1000,2026/5/6,Clay,R128,3,Alexander Shevchenko,Camilo Ugo Carabelli,6-3 4-6 7-6,85,61,698,865
Rome,Masters 1000,2026/5/6,Clay,R128,3,Yannick Hanfmann,Hubert Hurkacz,6-7 7-6 6-2,59,53,879,930
Rome,Masters 1000,2026/5/6,Clay,R128,3,Botic Van De Zandschulp,Alexandre Muller,7-5 6-3,54,105,898,601
Rome,Masters 1000,2026/5/6,Clay,R128,3,Jan Lennard Struff,Francisco Comesana,6-2 6-4,302,114,216,570
Rome,Masters 1000,2026/5/6,Clay,R128,3,Matteo Arnaldi,Jaume Munar,6-3 3-6 6-3,106,38,596,1155
Rome,Masters 1000,2026/5/6,Clay,R128,3,Aleksandar Vukic,Patrick Kypson,6-3 5-7 6-0,99,89,626,669
Rome,Masters 1000,2026/5/6,Clay,R128,3,Nuno Borges,Jesper De Jong,6-3 6-0,52,102,950,610
Rome,Masters 1000,2026/5/6,Clay,R128,3,Alejandro Tabilo,Pablo Carreno Busta,6-2 6-1,35,91,1248,663
Rome,Masters 1000,2026/5/7,Clay,R128,3,Terence Atmane,Zizou Bergs,6-3 6-4,51,39,958,1140
Rome,Masters 1000,2026/5/7,Clay,R128,3,Nikoloz Basilashvili,Daniel Merida Aguilar,6-4 2-6 6-3,117,86,539,696
Rome,Masters 1000,2026/5/7,Clay,R128,3,Miomir Kecmanovic,Dalibor Svrcina,6-2 6-3,70,116,795,547
Rome,Masters 1000,2026/5/7,Clay,R128,3,Alexei Popyrin,Matteo Berrettini,6-2 6-3,60,100,870,625
Rome,Masters 1000,2026/5/7,Clay,R128,3,Dino Prizmic,Marton Fucsovics,6-4 6-3,79,57,740,884
Rome,Masters 1000,2026/5/7,Clay,R128,3,Giovanni Mpetshi Perricard,Jacob Fearnley,7-6 4-6 6-2,58,123,880,523
Rome,Masters 1000,2026/5/7,Clay,R128,3,Marin Cilic,Marcos Giron,7-5 6-4,47,77,980,745
Rome,Masters 1000,2026/5/7,Clay,R128,3,Alexander Blockx,Federico Cina,4-6 6-1 6-3,36,225,1200,255
Rome,Masters 1000,2026/5/7,Clay,R128,3,Mattia Bellucci,Roman Andres Burruchaga,6-4 6-4,80,56,737,885
Rome,Masters 1000,2026/5/7,Clay,R128,3,Roberto Bautista Agut,Francesco Maestrelli,6-3 7-6,98,112,629,575
Rome,Masters 1000,2026/5/7,Clay,R128,3,Pablo Llamas Ruiz,Ethan Quinn,6-3 5-7 6-3,139,48,448,977
Rome,Masters 1000,2026/5/7,Clay,R128,3,Cristian Garin,Juan Manuel Cerundolo,7-6 7-5,104,72,602,776
Rome,Masters 1000,2026/5/7,Clay,R128,3,Tomas Machac,Stefanos Tsitsipas,6-4 7-6,41,75,1100,765
Rome,Masters 1000,2026/5/7,Clay,R128,3,Thiago Agustin Tirante,Gianluca Cadenasso,6-7 6-4 6-0,69,196,801,297
Rome,Masters 1000,2026/5/7,Clay,R128,3,Hamad Medjedovic,Valentin Royer,6-4 6-3,67,71,804,788
Rome,Masters 1000,2026/5/7,Clay,R128,3,Ignacio Buse,Lorenzo Sonego,6-3 6-3,62,66,863,830
Rome,Masters 1000,2026/5/7,Clay,R128,3,Sebastian Ofner,Alex Michelsen,6-3 6-3,82,42,711,1090
Rome,Masters 1000,2026/5/7,Clay,R128,3,Mariano Navone,Denis Shapovalov,6-4 6-2,44,37,1046,1170
Rome,Masters 1000,2026/5/7,Clay,R128,3,Andrea Pellegrino,Luca Nardi,4-6 6-3 6-3,155,151,393,409
Rome,Masters 1000,2026/5/8,Clay,R64,3,Rafael Jodar,Nuno Borges,7-6 6-4,34,52,1273,950
Rome,Masters 1000,2026/5/8,Clay,R64,3,Matteo Arnaldi,Alex De Minaur,4-6 7-6 6-4,106,8,596,3755
Rome,Masters 1000,2026/5/8,Clay,R64,3,Karen Khachanov,Alexander Shevchenko,6-4 6-4,15,85,2220,698
Rome,Masters 1000,2026/5/8,Clay,R64,3,Jiri Lehecka,Jan Lennard Struff,7-6 6-3,13,302,2715,216
Rome,Masters 1000,2026/5/8,Clay,R64,3,Botic Van De Zandschulp,Aleksandar Kovacevic,2-6 6-2 7-6,54,95,898,639
Rome,Masters 1000,2026/5/8,Clay,R64,3,Casper Ruud,Zachary Svajda,6-1 6-3,25,90,1735,666
Rome,Masters 1000,2026/5/8,Clay,R64,3,Alexander Zverev,Daniel Altmaier,7-5 6-3,3,64,5805,860
Rome,Masters 1000,2026/5/8,Clay,R64,3,Francisco Cerundolo,Alejandro Tabilo,6-0 6-2,27,35,1620,1248
Rome,Masters 1000,2026/5/8,Clay,R64,3,Learner Tien,Damir Dzumhur,6-2 6-1,21,87,1870,674
Rome,Masters 1000,2026/5/8,Clay,R64,3,Alexander Blockx,Tallon Griekspoor,6-7 6-3 6-4,36,31,1200,1360
Rome,Masters 1000,2026/5/8,Clay,R64,3,Tommy Paul,Aleksandar Vukic,6-4 6-2,18,99,1975,626
Rome,Masters 1000,2026/5/8,Clay,R64,3,Dino Prizmic,Novak Djokovic,2-6 6-2 6-4,79,4,740,4700
Rome,Masters 1000,2026/5/8,Clay,R64,3,Alexander Bublik,Sebastian Baez,6-1 6-2,11,65,3355,840
Rome,Masters 1000,2026/5/8,Clay,R64,3,Ugo Humbert,Vit Kopriva,6-3 6-2,33,55,1280,896
Rome,Masters 1000,2026/5/8,Clay,R64,3,Luciano Darderi,Yannick Hanfmann,6-4 6-4,20,59,1890,879
Rome,Masters 1000,2026/5/8,Clay,R64,3,Lorenzo Musetti,Giovanni Mpetshi Perricard,6-4 6-4,10,58,3415,880
Rome,Masters 1000,2026/5/9,Clay,R64,3,Daniil Medvedev,Tomas Machac,W/O,9,41,3460,1100
Rome,Masters 1000,2026/5/9,Clay,R64,3,Pablo Llamas Ruiz,Corentin Moutet,6-4 3-6 7-6,139,30,448,1413
Rome,Masters 1000,2026/5/9,Clay,R64,3,Andrey Rublev,Miomir Kecmanovic,6-4 6-4,14,70,2590,795
Rome,Masters 1000,2026/5/9,Clay,R64,3,Thiago Agustin Tirante,Cameron Norrie,6-3 7-5,69,19,801,1918
Rome,Masters 1000,2026/5/9,Clay,R64,3,Martin Landaluce,Marin Cilic,6-4 6-4,94,47,639,980
Rome,Masters 1000,2026/5/9,Clay,R64,3,Mariano Navone,Felix Auger Aliassime,7-6 7-6,44,5,1046,4050
Rome,Masters 1000,2026/5/9,Clay,R64,3,Alejandro Davidovich Fokina,Cristian Garin,7-6 6-4,23,104,1820,602
Rome,Masters 1000,2026/5/9,Clay,R64,3,Mattia Bellucci,Tomas Martin Etcheverry,5-7 6-2 6-3,80,26,737,1660
Rome,Masters 1000,2026/5/9,Clay,R64,3,Brandon Nakashima,Roberto Bautista Agut,6-4 6-0,32,98,1295,629
Rome,Masters 1000,2026/5/9,Clay,R64,3,Flavio Cobolli,Terence Atmane,7-6 6-3,12,51,2750,958
Rome,Masters 1000,2026/5/9,Clay,R64,3,Nikoloz Basilashvili,Ben Shelton,6-4 6-7 6-3,117,6,539,4030
Rome,Masters 1000,2026/5/9,Clay,R64,3,Frances Tiafoe,Ignacio Buse,6-7 6-3 6-2,22,62,1865,863
Rome,Masters 1000,2026/5/9,Clay,R64,3,Jannik Sinner,Sebastian Ofner,6-3 6-4,1,82,14350,711
Rome,Masters 1000,2026/5/9,Clay,R64,3,Hamad Medjedovic,Joao Fonseca,3-6 6-3 7-6,67,29,804,1435
Rome,Masters 1000,2026/5/9,Clay,R64,3,Andrea Pellegrino,Arthur Fils,4-0 RET,155,17,393,2130
Rome,Masters 1000,2026/5/9,Clay,R64,3,Alexei Popyrin,Jakub Mensik,6-3 2-6 6-4,60,28,870,1600
Rome,Masters 1000,2026/5/10,Clay,R32,3,Casper Ruud,Jiri Lehecka,6-3 6-4,25,13,1735,2715
Rome,Masters 1000,2026/5/10,Clay,R32,3,Alexander Zverev,Alexander Blockx,6-1 6-4,3,36,5805,1200
Rome,Masters 1000,2026/5/10,Clay,R32,3,Dino Prizmic,Ugo Humbert,6-1 7-5,79,33,740,1280
Rome,Masters 1000,2026/5/10,Clay,R32,3,Karen Khachanov,Botic Van De Zandschulp,5-7 6-4 6-4,15,54,2220,898
Rome,Masters 1000,2026/5/10,Clay,R32,3,Lorenzo Musetti,Francisco Cerundolo,7-6 6-4,10,27,3415,1620
Rome,Masters 1000,2026/5/10,Clay,R32,3,Learner Tien,Alexander Bublik,4-6 6-3 7-5,21,11,1870,3355
Rome,Masters 1000,2026/5/10,Clay,R32,3,Luciano Darderi,Tommy Paul,3-6 6-3 6-2,20,18,1890,1975
Rome,Masters 1000,2026/5/10,Clay,R32,3,Rafael Jodar,Matteo Arnaldi,6-1 4-6 6-3,34,106,1273,596
Rome,Masters 1000,2026/5/11,Clay,R32,3,Andrey Rublev,Alejandro Davidovich Fokina,6-4 6-4,14,23,2590,1820
Rome,Masters 1000,2026/5/11,Clay,R32,3,Martin Landaluce,Mattia Bellucci,6-4 6-3,94,80,639,737
Rome,Masters 1000,2026/5/11,Clay,R32,3,Nikoloz Basilashvili,Brandon Nakashima,7-6 6-4,117,32,539,1295
Rome,Masters 1000,2026/5/11,Clay,R32,3,Andrea Pellegrino,Frances Tiafoe,7-6 6-1,155,22,393,1865
Rome,Masters 1000,2026/5/11,Clay,R32,3,Hamad Medjedovic,Mariano Navone,4-6 6-3 6-4,67,44,804,1046
Rome,Masters 1000,2026/5/11,Clay,R32,3,Jannik Sinner,Alexei Popyrin,6-2 6-0,1,60,14350,870
Rome,Masters 1000,2026/5/11,Clay,R32,3,Daniil Medvedev,Pablo Llamas Ruiz,3-6 6-4 6-2,9,139,3460,448
Rome,Masters 1000,2026/5/11,Clay,R32,3,Thiago Agustin Tirante,Flavio Cobolli,6-3 6-4,69,12,801,2750
Rome,Masters 1000,2026/5/12,Clay,R16,3,Casper Ruud,Lorenzo Musetti,6-3 6-1,25,10,1735,3415
Rome,Masters 1000,2026/5/12,Clay,R16,3,Karen Khachanov,Dino Prizmic,6-1 7-6,15,79,2220,740
Rome,Masters 1000,2026/5/12,Clay,R16,3,Rafael Jodar,Learner Tien,6-1 6-4,34,21,1273,1870
Rome,Masters 1000,2026/5/12,Clay,R16,3,Luciano Darderi,Alexander Zverev,1-6 7-6 6-0,20,3,1890,5805
Rome,Masters 1000,2026/5/12,Clay,R16,3,Jannik Sinner,Andrea Pellegrino,6-2 6-3,1,155,14350,393
Rome,Masters 1000,2026/5/12,Clay,R16,3,Andrey Rublev,Nikoloz Basilashvili,3-6 7-6 6-2,14,117,2590,539
Rome,Masters 1000,2026/5/12,Clay,R16,3,Martin Landaluce,Hamad Medjedovic,7-5 6-4,94,67,639,804
Rome,Masters 1000,2026/5/12,Clay,R16,3,Daniil Medvedev,Thiago Agustin Tirante,6-3 6-2,9,69,3460,801
Rome,Masters 1000,2026/5/13,Clay,QF,3,Casper Ruud,Karen Khachanov,6-1 1-6 6-2,25,15,1735,2220
Rome,Masters 1000,2026/5/13,Clay,QF,3,Luciano Darderi,Rafael Jodar,7-6 5-7 6-0,20,34,1890,1273
Rome,Masters 1000,2026/5/14,Clay,QF,3,Jannik Sinner,Andrey Rublev,6-2 6-4,1,14,14350,2590
Rome,Masters 1000,2026/5/14,Clay,QF,3,Daniil Medvedev,Martin Landaluce,1-6 6-4 7-5,9,94,3460,639
Rome,Masters 1000,2026/5/15,Clay,SF,3,Casper Ruud,Luciano Darderi,6-1 6-1,25,20,1735,1890
Rome,Masters 1000,2026/5/16,Clay,SF,3,Jannik Sinner,Daniil Medvedev,6-2 5-7 6-4,1,9,14350,3460
Rome,Masters 1000,2026/5/17,Clay,F,3,Jannik Sinner,Casper Ruud,6-4 6-4,1,25,14350,1735
Geneva,ATP250,2026/5/17,Clay,R32,3,Mariano Navone,Marco Trungelliti,5-7 7-5 6-1,42,81,1066,731
Geneva,ATP250,2026/5/18,Clay,R32,3,Alex Michelsen,Sebastian Baez,7-5 6-3,41,62,1075,860
Geneva,ATP250,2026/5/18,Clay,R32,3,Arthur Rinderknech,Thiago Agustin Tirante,6-4 6-1,24,58,1711,887
Geneva,ATP250,2026/5/18,Clay,R32,3,Francisco Comesana,Valentin Royer,2-6 6-3 6-4,114,73,570,773
Geneva,ATP250,2026/5/18,Clay,R32,3,Stefanos Tsitsipas,Giovanni Mpetshi Perricard,6-4 7-6,82,80,725,735
Geneva,ATP250,2026/5/18,Clay,R32,3,Stan Wawrinka,Raul Brancaccio,6-2 4-6 7-6,119,241,528,236
Geneva,ATP250,2026/5/18,Clay,R32,3,Edas Butvilas,Lorenzo Sonego,6-3 6-1,253,69,215,815
Geneva,ATP250,2026/5/19,Clay,R32,3,Alexei Popyrin,Clement Tabur,7-6 6-7 6-4,61,165,870,360
Geneva,ATP250,2026/5/19,Clay,R32,3,Jaume Munar,Nishesh Basavareddy,6-0 6-3,39,156,1105,396
Geneva,ATP250,2026/5/19,Clay,R32,3,Casper Ruud,Jenson Brooksby,6-3 7-5,17,60,2185,872
Geneva,ATP250,2026/5/19,Clay,R32,3,Raphael Collignon,Adrian Mannarino,6-3 7-6,64,44,854,1037
Geneva,ATP250,2026/5/19,Clay,R32,3,Laslo Djere,James Duckworth,6-4 3-6 6-3,238,83,241,722
Geneva,ATP250,2026/5/20,Clay,R16,3,Learner Tien,Stefanos Tsitsipas,7-6 7-6,20,82,1940,725
Geneva,ATP250,2026/5/20,Clay,R16,3,Mariano Navone,Cameron Norrie,6-4 6-4,42,22,1066,1888
Geneva,ATP250,2026/5/20,Clay,R16,3,Alexei Popyrin,Taylor Fritz,6-4 6-4,61,8,870,3720
Geneva,ATP250,2026/5/20,Clay,R16,3,Jaume Munar,Francisco Comesana,6-4 6-4,39,114,1105,570
Geneva,ATP250,2026/5/20,Clay,R16,3,Casper Ruud,Raphael Collignon,7-6 6-2,17,64,2185,854
Geneva,ATP250,2026/5/20,Clay,R16,3,Arthur Rinderknech,Laslo Djere,4-6 7-6 6-1,24,238,1711,241
Geneva,ATP250,2026/5/20,Clay,R16,3,Alex Michelsen,Stan Wawrinka,7-6 7-6,41,119,1075,528
Geneva,ATP250,2026/5/20,Clay,R16,3,Alexander Bublik,Edas Butvilas,6-4 6-3,10,253,3230,215
Geneva,ATP250,2026/5/21,Clay,QF,3,Mariano Navone,Jaume Munar,6-2 6-2,42,39,1066,1105
Geneva,ATP250,2026/5/21,Clay,QF,3,Casper Ruud,Alexei Popyrin,6-4 6-3,17,61,2185,870
Geneva,ATP250,2026/5/21,Clay,QF,3,Learner Tien,Alex Michelsen,6-4 3-6 6-1,20,41,1940,1075
Geneva,ATP250,2026/5/21,Clay,QF,3,Alexander Bublik,Arthur Rinderknech,5-7 6-4 6-2,10,24,3230,1711
Geneva,ATP250,2026/5/22,Clay,SF,3,Mariano Navone,Casper Ruud,7-5 6-2,42,17,1066,2185
Geneva,ATP250,2026/5/22,Clay,SF,3,Learner Tien,Alexander Bublik,6-1 4-6 7-6,20,10,1940,3230
Geneva,ATP250,2026/5/23,Clay,F,3,Learner Tien,Mariano Navone,3-6 6-3 7-5,20,42,1940,1066
Hamburg,ATP500,2026/5/17,Clay,R32,3,Frances Tiafoe,Diego Dedura Palomero,6-4 6-4,21,281,1905,187
Hamburg,ATP500,2026/5/17,Clay,R32,3,Tommy Paul,Ethan Quinn,6-1 6-3,26,49,1625,974
Hamburg,ATP500,2026/5/18,Clay,R32,3,Alex De Minaur,Francisco Cerundolo,3-6 6-4 6-3,9,27,3665,1570
Hamburg,ATP500,2026/5/18,Clay,R32,3,Alejandro Davidovich Fokina,Corentin Moutet,6-4 6-4,23,32,1820,1323
Hamburg,ATP500,2026/5/18,Clay,R32,3,Camilo Ugo Carabelli,Kamil Majchrzak,1-6 6-2 6-3,68,77,825,747
Hamburg,ATP500,2026/5/18,Clay,R32,3,Tomas Martin Etcheverry,Terence Atmane,6-2 7-6,25,51,1630,938
Hamburg,ATP500,2026/5/18,Clay,R32,3,Yannick Hanfmann,Max Schoenhaus,6-3 6-7 6-4,55,452,899,101
Hamburg,ATP500,2026/5/18,Clay,R32,3,Daniel Altmaier,Rinky Hijikata,7-5 6-2,65,102,843,599
Hamburg,ATP500,2026/5/18,Clay,R32,3,Ben Shelton,Marcos Giron,6-3 4-6 7-6,6,84,4030,705
Hamburg,ATP500,2026/5/18,Clay,R32,3,Jakub Mensik,Jan Lennard Struff,7-6 6-2,28,79,1510,739
Hamburg,ATP500,2026/5/19,Clay,R32,3,Ignacio Buse,Flavio Cobolli,6-2 7-5,57,12,893,2790
Hamburg,ATP500,2026/5/19,Clay,R32,3,Aleksandar Kovacevic,Arthur Gea,6-2 7-6,94,140,649,436
Hamburg,ATP500,2026/5/19,Clay,R32,3,Luciano Darderi,Roman Andres Burruchaga,6-3 7-6,16,66,2260,833
Hamburg,ATP500,2026/5/19,Clay,R32,3,Felix Auger Aliassime,Vit Kopriva,7-5 6-1,5,63,4060,856
Hamburg,ATP500,2026/5/19,Clay,R32,3,Karen Khachanov,Hugo Gaston,3-6 6-3 7-6,15,120,2320,527
Hamburg,ATP500,2026/5/19,Clay,R32,3,Ugo Humbert,Justin Engel,6-3 3-6 7-6,34,190,1280,316
Hamburg,ATP500,2026/5/19,Clay,R16,3,Daniel Altmaier,Ben Shelton,4-6 7-6 6-4,65,6,843,4030
Hamburg,ATP500,2026/5/20,Clay,R16,3,Aleksandar Kovacevic,Felix Auger Aliassime,4-6 7-5 6-4,94,5,649,4060
Hamburg,ATP500,2026/5/20,Clay,R16,3,Ignacio Buse,Jakub Mensik,6-0 6-3,57,28,893,1510
Hamburg,ATP500,2026/5/20,Clay,R16,3,Tommy Paul,Tomas Martin Etcheverry,6-7 7-6 7-6,26,25,1625,1630
Hamburg,ATP500,2026/5/20,Clay,R16,3,Ugo Humbert,Karen Khachanov,6-3 3-6 7-6,34,15,1280,2320
Hamburg,ATP500,2026/5/20,Clay,R16,3,Alex De Minaur,Alejandro Davidovich Fokina,6-2 4-6 6-4,9,23,3665,1820
Hamburg,ATP500,2026/5/20,Clay,R16,3,Camilo Ugo Carabelli,Frances Tiafoe,7-6 7-6,68,21,825,1905
Hamburg,ATP500,2026/5/20,Clay,R16,3,Luciano Darderi,Yannick Hanfmann,7-6 7-5,16,55,2260,899
Hamburg,ATP500,2026/5/21,Clay,QF,3,Ignacio Buse,Ugo Humbert,6-3 5-7 6-3,57,34,893,1280
Hamburg,ATP500,2026/5/21,Clay,QF,3,Tommy Paul,Daniel Altmaier,6-2 7-5,26,65,1625,843
Hamburg,ATP500,2026/5/21,Clay,QF,3,Aleksandar Kovacevic,Camilo Ugo Carabelli,6-4 6-7 6-2,94,68,649,825
Hamburg,ATP500,2026/5/21,Clay,QF,3,Alex De Minaur,Luciano Darderi,6-0 6-3,9,16,3665,2260
Hamburg,ATP500,2026/5/22,Clay,SF,3,Ignacio Buse,Aleksandar Kovacevic,6-1 6-4,57,94,893,649
Hamburg,ATP500,2026/5/22,Clay,SF,3,Tommy Paul,Alex De Minaur,2-6 6-3 6-3,26,9,1625,3665
Hamburg,ATP500,2026/5/23,Clay,F,3,Ignacio Buse,Tommy Paul,7-6 4-6 6-3,57,26,893,1625
Roland Garros,Grand Slam,2026/5/24,Clay,R128,5,James Duckworth,Gabriel Diallo,6-3 4-1 RET,82,49,722,975
Roland Garros,Grand Slam,2026/5/24,Clay,R128,5,Thiago Agustin Tirante,Pablo Llamas Ruiz,6-3 7-6 6-7 6-0,60,122,887,515
Roland Garros,Grand Slam,2026/5/24,Clay,R128,5,Miomir Kecmanovic,Fabian Marozsan,7-6 6-3 6-4,48,54,980,935
Roland Garros,Grand Slam,2026/5/24,Clay,R128,5,Karen Khachanov,Arthur Gea,6-3 7-6 6-0,15,135,2320,460
Roland Garros,Grand Slam,2026/5/24,Clay,R128,5,Alejandro Davidovich Fokina,Damir Dzumhur,6-7 6-3 2-6 7-5 6-3,23,87,1860,694
Roland Garros,Grand Slam,2026/5/24,Clay,R128,5,Marco Trungelliti,Kyrian Jacquet,6-4 6-2 6-2,81,147,731,411
Roland Garros,Grand Slam,2026/5/24,Clay,R128,5,Tomas Machac,Zizou Bergs,6-4 6-4 6-3,43,40,1080,1150
Roland Garros,Grand Slam,2026/5/24,Clay,R128,5,Alexander Zverev,Benjamin Bonzi,6-3 6-4 6-2,3,95,5705,629
Roland Garros,Grand Slam,2026/5/24,Clay,R128,5,Jakub Mensik,Titouan Droguet,6-3 6-2 6-4,27,107,1550,578
Roland Garros,Grand Slam,2026/5/24,Clay,R128,5,Federico Cina,Reilly Opelka,3-6 6-4 6-2 6-7 6-4,238,76,242,758
Roland Garros,Grand Slam,2026/5/24,Clay,R128,5,Nuno Borges,Tomas Martin Etcheverry,6-3 6-4 6-2,51,28,970,1510
Roland Garros,Grand Slam,2026/5/24,Clay,R128,5,Dino Prizmic,Michael Zheng,6-1 6-1 6-3,72,146,785,414
Roland Garros,Grand Slam,2026/5/24,Clay,R128,5,Joao Fonseca,Luka Pavlovic,7-6 6-4 6-2,30,241,1435,237
Roland Garros,Grand Slam,2026/5/24,Clay,R128,5,Nishesh Basavareddy,Taylor Fritz,7-6 7-6 6-7 6-1,148,9,409,3720
Roland Garros,Grand Slam,2026/5/24,Clay,R128,5,Quentin Halys,Mattia Bellucci,6-3 7-6 6-3,90,73,678,777
Roland Garros,Grand Slam,2026/5/24,Clay,R128,5,Alexander Blockx,Coleman Wong,6-3 6-4 6-2,37,109,1238,574
Roland Garros,Grand Slam,2026/5/24,Clay,R128,5,Hamad Medjedovic,Yannick Hanfmann,6-3 6-4 6-7 6-4,58,53,894,936
Roland Garros,Grand Slam,2026/5/24,Clay,R128,5,Lorenzo Sonego,Pierre Hugues Herbert,7-6 5-7 6-2 1-6 6-4,70,220,815,259
Roland Garros,Grand Slam,2026/5/24,Clay,R128,5,Valentin Royer,Hugo Dellien,6-4 6-2 6-2,74,144,773,421
Roland Garros,Grand Slam,2026/5/24,Clay,R128,5,Novak Djokovic,Giovanni Mpetshi Perricard,5-7 7-5 6-1 6-4,4,83,4460,710
Roland Garros,Grand Slam,2026/5/25,Clay,R128,5,Alex Michelsen,Alexander Shevchenko,6-2 6-4 6-2,42,88,1115,689
Roland Garros,Grand Slam,2026/5/25,Clay,R128,5,Pablo Carreno Busta,Jiri Lehecka,6-3 7-6 6-3,89,12,685,2665
Roland Garros,Grand Slam,2026/5/25,Clay,R128,5,Alex De Minaur,Toby Samuel,6-4 6-4 6-2,7,159,3855,378
Roland Garros,Grand Slam,2026/5/25,Clay,R128,5,Arthur Rinderknech,Jurij Rodionov,7-6 6-2 6-3,25,158,1736,379
Roland Garros,Grand Slam,2026/5/25,Clay,R128,5,Matteo Berrettini,Marton Fucsovics,6-7 7-5 6-1 6-2,105,65,585,859
Roland Garros,Grand Slam,2026/5/25,Clay,R128,5,Luca Van Assche,Vilius Gaubas,6-4 6-2 2-6 7-5,100,133,599,464
Roland Garros,Grand Slam,2026/5/25,Clay,R128,5,Rafael Jodar,Aleksandar Kovacevic,6-1 6-0 6-4,29,67,1461,837
Roland Garros,Grand Slam,2026/5/25,Clay,R128,5,Frances Tiafoe,Eliot Spizzirri,6-3 6-7 6-4 6-3,22,91,1905,660
Roland Garros,Grand Slam,2026/5/25,Clay,R128,5,Brandon Nakashima,Roberto Bautista Agut,6-2 7-5 6-2,35,117,1295,542
Roland Garros,Grand Slam,2026/5/25,Clay,R128,5,Jesper De Jong,Stan Wawrinka,6-3 3-6 6-3 6-4,106,113,580,553
Roland Garros,Grand Slam,2026/5/25,Clay,R128,5,Thanasi Kokkinakis,Terence Atmane,6-7 6-2 4-6 6-3 7-5,855,52,29,938
Roland Garros,Grand Slam,2026/5/25,Clay,R128,5,Mariano Navone,Jenson Brooksby,6-4 6-4 6-4,38,63,1215,865
Roland Garros,Grand Slam,2026/5/25,Clay,R128,5,Camilo Ugo Carabelli,Emilio Nava,7-6 6-3 6-3,59,94,890,631
Roland Garros,Grand Slam,2026/5/25,Clay,R128,5,Ugo Humbert,Adrian Mannarino,6-3 6-4 6-3,32,45,1370,1037
Roland Garros,Grand Slam,2026/5/25,Clay,R128,5,Hubert Hurkacz,Jaume Munar,6-3 6-3 2-6 6-3,99,41,600,1145
Roland Garros,Grand Slam,2026/5/25,Clay,R128,5,Tommy Paul,Rinky Hijikata,4-6 6-3 7-5 6-4,21,98,1945,612
Roland Garros,Grand Slam,2026/5/25,Clay,R128,5,Andrey Rublev,Ignacio Buse,6-3 6-7 6-3 7-5,13,31,2460,1412
Roland Garros,Grand Slam,2026/5/25,Clay,R128,5,Casper Ruud,Roman Safiullin,6-2 7-6 5-7 0-6 6-2,16,141,2275,430
Roland Garros,Grand Slam,2026/5/25,Clay,R128,5,Raphael Collignon,Aleksandar Vukic,6-3 6-3 7-6,62,96,866,626
Roland Garros,Grand Slam,2026/5/25,Clay,R128,5,Francisco Cerundolo,Botic Van De Zandschulp,6-3 6-4 6-7 6-4,26,55,1570,935
Roland Garros,Grand Slam,2026/5/25,Clay,R128,5,Flavio Cobolli,Andrea Pellegrino,6-4 7-6 6-3,14,124,2340,507
Roland Garros,Grand Slam,2026/5/25,Clay,R128,5,Yibing Wu,Marcos Giron,7-5 6-2 6-4,92,84,655,705
Roland Garros,Grand Slam,2026/5/25,Clay,R128,5,Ben Shelton,Daniel Merida Aguilar,6-3 6-3 6-4,5,86,4070,696
Roland Garros,Grand Slam,2026/5/25,Clay,R128,5,Hugo Gaston,Gael Monfils,6-2 6-3 3-6 2-6 6-0,118,218,533,260
Roland Garros,Grand Slam,2026/5/26,Clay,R128,5,Moise Kouame,Marin Cilic,7-6 6-2 6-1,318,46,165,1010
Roland Garros,Grand Slam,2026/5/26,Clay,R128,5,Matteo Arnaldi,Tallon Griekspoor,6-7 6-3 7-6 6-3,104,33,586,1340
Roland Garros,Grand Slam,2026/5/26,Clay,R128,5,Zachary Svajda,Alexei Popyrin,3-6 6-3 7-6 7-5,85,61,696,870
Roland Garros,Grand Slam,2026/5/26,Clay,R128,5,Alejandro Tabilo,Kamil Majchrzak,6-1 6-3 6-4,36,78,1278,747
Roland Garros,Grand Slam,2026/5/26,Clay,R128,5,Adam Walton,Daniil Medvedev,6-2 1-6 6-1 1-6 6-4,97,8,614,3760
Roland Garros,Grand Slam,2026/5/26,Clay,R128,5,Valentin Vacherot,Thomas Faurel,6-3 6-4 3-6 7-6,19,378,2103,131
Roland Garros,Grand Slam,2026/5/26,Clay,R128,5,Facundo Diaz Acosta,Zhizhen Zhang,6-1 6-4 6-3,151,224,407,254
Roland Garros,Grand Slam,2026/5/26,Clay,R128,5,Martin Landaluce,Juan Carlos Prado Angelo,6-3 4-6 6-2 6-7 6-4,69,176,827,338
Roland Garros,Grand Slam,2026/5/26,Clay,R128,5,Stefanos Tsitsipas,Alexandre Muller,6-2 3-0 RET,79,127,740,494
Roland Garros,Grand Slam,2026/5/26,Clay,R128,5,Vit Kopriva,Corentin Moutet,6-3 5-7 6-4 3-6 6-3,66,34,856,1323
Roland Garros,Grand Slam,2026/5/26,Clay,R128,5,Adolfo Daniel Vallejo,Cameron Norrie,7-6 2-0 RET,71,24,786,1785
Roland Garros,Grand Slam,2026/5/26,Clay,R128,5,Roman Andres Burruchaga,Sebastian Baez,2-6 7-5 6-2 2-0 RET,68,64,833,860
Roland Garros,Grand Slam,2026/5/26,Clay,R128,5,Learner Tien,Cristian Garin,6-0 2-6 6-0 6-2,18,114,2180,552
Roland Garros,Grand Slam,2026/5/26,Clay,R128,5,Jan Lennard Struff,Alexander Bublik,7-5 6-7 6-4 7-5,80,10,739,3320
Roland Garros,Grand Slam,2026/5/26,Clay,R128,5,Jaime Faria,Denis Shapovalov,6-4 7-5 6-4,115,39,548,1170
Roland Garros,Grand Slam,2026/5/26,Clay,R128,5,Juan Manuel Cerundolo,Jacob Fearnley,6-2 7-6 7-6,56,125,935,505
Roland Garros,Grand Slam,2026/5/26,Clay,R128,5,Francisco Comesana,Ethan Quinn,6-4 7-6 7-6,102,50,598,974
Roland Garros,Grand Slam,2026/5/26,Clay,R128,5,Luciano Darderi,Sebastian Ofner,7-6 6-2 6-3,17,112,2260,558
Roland Garros,Grand Slam,2026/5/26,Clay,R128,5,Felix Auger Aliassime,Daniel Altmaier,4-6 6-4 4-6 6-1 7-6,6,57,4050,930
Roland Garros,Grand Slam,2026/5/26,Clay,R128,5,Jannik Sinner,Clement Tabur,6-1 6-3 6-4,1,171,14750,348
Roland Garros,Grand Slam,2026/5/27,Clay,R64,5,Alex De Minaur,Alexander Blockx,W/O,7,37,3855,1238
Roland Garros,Grand Slam,2026/5/27,Clay,R64,5,Thiago Agustin Tirante,Alejandro Davidovich Fokina,4-6 7-6 6-1 6-3,60,23,887,1860
Roland Garros,Grand Slam,2026/5/27,Clay,R64,5,Karen Khachanov,Marco Trungelliti,7-6 5-7 6-1 7-6,15,81,2320,731
Roland Garros,Grand Slam,2026/5/27,Clay,R64,5,Jesper De Jong,Federico Cina,6-3 6-1 6-3,106,238,580,242
Roland Garros,Grand Slam,2026/5/27,Clay,R64,5,Andrey Rublev,Camilo Ugo Carabelli,6-1 1-6 6-3 7-6,13,59,2460,890
Roland Garros,Grand Slam,2026/5/27,Clay,R64,5,Jakub Mensik,Mariano Navone,6-3 2-6 6-4 1-6 7-6,27,38,1550,1215
Roland Garros,Grand Slam,2026/5/27,Clay,R64,5,Pablo Carreno Busta,Thanasi Kokkinakis,7-5 4-6 1-0 RET,89,855,685,29
Roland Garros,Grand Slam,2026/5/27,Clay,R64,5,Nuno Borges,Miomir Kecmanovic,3-6 6-2 6-1 6-2,51,48,970,980
Roland Garros,Grand Slam,2026/5/27,Clay,R64,5,Novak Djokovic,Valentin Royer,6-3 6-2 6-7 6-3,4,74,4460,773
Roland Garros,Grand Slam,2026/5/27,Clay,R64,5,Rafael Jodar,James Duckworth,6-1 6-7 6-4 7-5,29,82,1461,722
Roland Garros,Grand Slam,2026/5/27,Clay,R64,5,Quentin Halys,Ugo Humbert,6-4 7-6 7-6,90,32,678,1370
Roland Garros,Grand Slam,2026/5/27,Clay,R64,5,Alex Michelsen,Nishesh Basavareddy,7-6 6-3 3-6 6-3,42,148,1115,409
Roland Garros,Grand Slam,2026/5/27,Clay,R64,5,Joao Fonseca,Dino Prizmic,3-6 4-6 6-3 6-1 6-2,30,72,1435,785
Roland Garros,Grand Slam,2026/5/27,Clay,R64,5,Tommy Paul,Lorenzo Sonego,6-3 6-2 6-4,21,70,1945,815
Roland Garros,Grand Slam,2026/5/27,Clay,R64,5,Alexander Zverev,Tomas Machac,6-4 6-2 6-2,3,43,5705,1080
Roland Garros,Grand Slam,2026/5/27,Clay,R64,5,Casper Ruud,Hamad Medjedovic,6-3 6-2 6-4,16,58,2275,894
Roland Garros,Grand Slam,2026/5/28,Clay,R64,5,Jaime Faria,Jan Lennard Struff,7-5 7-6 6-2,115,80,548,739
Roland Garros,Grand Slam,2026/5/28,Clay,R64,5,Learner Tien,Facundo Diaz Acosta,7-5 4-6 3-6 7-6 6-3,18,151,2180,407
Roland Garros,Grand Slam,2026/5/28,Clay,R64,5,Moise Kouame,Adolfo Daniel Vallejo,6-3 7-5 3-6 2-6 7-6,318,71,165,786
Roland Garros,Grand Slam,2026/5/28,Clay,R64,5,Flavio Cobolli,Yibing Wu,6-4 6-4 6-4,14,92,2340,655
Roland Garros,Grand Slam,2026/5/28,Clay,R64,5,Zachary Svajda,Adam Walton,6-3 6-4 6-7 6-2,85,97,696,614
Roland Garros,Grand Slam,2026/5/28,Clay,R64,5,Juan Manuel Cerundolo,Jannik Sinner,3-6 2-6 7-5 6-1 6-1,56,1,935,14750
Roland Garros,Grand Slam,2026/5/28,Clay,R64,5,Frances Tiafoe,Hubert Hurkacz,6-7 7-6 6-4 6-7 6-4,22,99,1905,600
Roland Garros,Grand Slam,2026/5/28,Clay,R64,5,Francisco Cerundolo,Hugo Gaston,2-6 6-4 6-2 6-1,26,118,1570,533
Roland Garros,Grand Slam,2026/5/28,Clay,R64,5,Martin Landaluce,Vit Kopriva,1-6 2-6 6-4 7-5 6-0,69,66,827,856
Roland Garros,Grand Slam,2026/5/28,Clay,R64,5,Alejandro Tabilo,Valentin Vacherot,W/O,36,19,1278,2103
Roland Garros,Grand Slam,2026/5/28,Clay,R64,5,Felix Auger Aliassime,Roman Andres Burruchaga,4-6 6-0 7-5 6-1,6,68,4050,833
Roland Garros,Grand Slam,2026/5/28,Clay,R64,5,Francisco Comesana,Luciano Darderi,7-6 4-6 6-4 2-6 6-4,102,17,598,2260
Roland Garros,Grand Slam,2026/5/28,Clay,R64,5,Brandon Nakashima,Luca Van Assche,6-7 6-4 5-7 6-1 6-3,35,100,1295,599
Roland Garros,Grand Slam,2026/5/28,Clay,R64,5,Raphael Collignon,Ben Shelton,6-4 7-5 6-4,62,5,866,4070
Roland Garros,Grand Slam,2026/5/28,Clay,R64,5,Matteo Arnaldi,Stefanos Tsitsipas,7-6 5-7 6-3 6-2,104,79,586,740
Roland Garros,Grand Slam,2026/5/28,Clay,R64,5,Matteo Berrettini,Arthur Rinderknech,6-4 6-4 6-4,105,25,585,1736
Roland Garros,Grand Slam,2026/5/29,Clay,R32,5,Andrey Rublev,Nuno Borges,7-5 7-6 7-6,13,51,2460,970
Roland Garros,Grand Slam,2026/5/29,Clay,R32,5,Pablo Carreno Busta,Thiago Agustin Tirante,7-6 7-5 3-6 6-4,89,60,685,887
Roland Garros,Grand Slam,2026/5/29,Clay,R32,5,Rafael Jodar,Alex Michelsen,7-6 6-7 4-6 6-3 6-3,29,42,1461,1115
Roland Garros,Grand Slam,2026/5/29,Clay,R32,5,Joao Fonseca,Novak Djokovic,4-6 4-6 6-3 7-5 7-5,30,4,1435,4460
Roland Garros,Grand Slam,2026/5/29,Clay,R32,5,Jesper De Jong,Karen Khachanov,7-5 5-7 6-2 6-7 6-2,106,15,580,2320
Roland Garros,Grand Slam,2026/5/29,Clay,R32,5,Jakub Mensik,Alex De Minaur,0-6 6-2 6-2 6-3,27,7,1550,3855
Roland Garros,Grand Slam,2026/5/29,Clay,R32,5,Casper Ruud,Tommy Paul,4-6 6-7 6-4 7-6 7-5,16,21,2275,1945
Roland Garros,Grand Slam,2026/5/29,Clay,R32,5,Alexander Zverev,Quentin Halys,6-4 6-3 5-7 6-2,3,90,5705,678
Roland Garros,Grand Slam,2026/5/30,Clay,R32,5,Zachary Svajda,Francisco Cerundolo,6-3 6-4 3-6 4-6 6-3,85,26,696,1570
Roland Garros,Grand Slam,2026/5/30,Clay,R32,5,Flavio Cobolli,Learner Tien,6-2 6-2 6-3,14,18,2340,2180
Roland Garros,Grand Slam,2026/5/30,Clay,R32,5,Matteo Berrettini,Francisco Comesana,7-6 5-7 6-7 6-4 7-6,105,102,585,598
Roland Garros,Grand Slam,2026/5/30,Clay,R32,5,Juan Manuel Cerundolo,Martin Landaluce,6-4 6-7 7-6 6-7 7-6,56,69,935,827
Roland Garros,Grand Slam,2026/5/30,Clay,R32,5,Alejandro Tabilo,Moise Kouame,4-6 6-3 6-4 7-6,36,318,1278,165
Roland Garros,Grand Slam,2026/5/30,Clay,R32,5,Matteo Arnaldi,Raphael Collignon,6-4 6-7 5-7 6-4 7-6,104,62,586,866
Roland Garros,Grand Slam,2026/5/30,Clay,R32,5,Frances Tiafoe,Jaime Faria,4-6 6-7 7-6 6-1 6-2,22,115,1905,548
Roland Garros,Grand Slam,2026/5/30,Clay,R32,5,Felix Auger Aliassime,Brandon Nakashima,5-7 6-1 7-6 7-6,6,35,4050,1295
Roland Garros,Grand Slam,2026/5/31,Clay,R16,5,Rafael Jodar,Pablo Carreno Busta,4-6 4-6 6-1 6-2 6-2,29,89,1461,685
Roland Garros,Grand Slam,2026/5/31,Clay,R16,5,Alexander Zverev,Jesper De Jong,7-6 6-4 6-1,3,106,5705,580
Roland Garros,Grand Slam,2026/5/31,Clay,R16,5,Jakub Mensik,Andrey Rublev,6-3 7-6 4-6 2-6 6-3,27,13,1550,2460
Roland Garros,Grand Slam,2026/5/31,Clay,R16,5,Joao Fonseca,Casper Ruud,7-5 7-6 5-7 6-2,30,16,1435,2275
Roland Garros,Grand Slam,2026/6/1,Clay,R16,5,Flavio Cobolli,Zachary Svajda,6-2 6-3 6-7 7-6,14,85,2340,696
Roland Garros,Grand Slam,2026/6/1,Clay,R16,5,Matteo Berrettini,Juan Manuel Cerundolo,6-3 7-6 7-6,105,56,585,935
Roland Garros,Grand Slam,2026/6/1,Clay,R16,5,Felix Auger Aliassime,Alejandro Tabilo,6-3 7-5 6-1,6,36,4050,1278
Roland Garros,Grand Slam,2026/6/1,Clay,R16,5,Matteo Arnaldi,Frances Tiafoe,7-6 6-7 3-6 7-6 6-4,104,22,586,1905
Roland Garros,Grand Slam,2026/6/2,Clay,QF,5,Alexander Zverev,Rafael Jodar,7-6 6-1 6-3,3,29,5705,1461
Roland Garros,Grand Slam,2026/6/2,Clay,QF,5,Jakub Mensik,Joao Fonseca,6-4 6-3 7-6,27,30,1550,1435
Roland Garros,Grand Slam,2026/6/3,Clay,QF,5,Flavio Cobolli,Felix Auger Aliassime,4-6 6-4 6-4 6-4,14,6,2340,4050
Roland Garros,Grand Slam,2026/6/3,Clay,QF,5,Matteo Arnaldi,Matteo Berrettini,7-5 5-2 RET,104,105,586,585
Roland Garros,Grand Slam,2026/6/5,Clay,SF,5,Alexander Zverev,Jakub Mensik,7-5 6-2 3-6 6-3,3,27,5705,1550
Roland Garros,Grand Slam,2026/6/5,Clay,SF,5,Flavio Cobolli,Matteo Arnaldi,W/O,14,104,2340,586
Roland Garros,Grand Slam,2026/6/7,Clay,F,5,Alexander Zverev,Flavio Cobolli,6-1 4-6 6-4 6-7 6-1,3,14,5705,2340
's-Hertogenbosch,ATP250,2026/6/8,Grass,R32,3,Nuno Borges,Terence Atmane,6-4 6-4,50,53,970,948
's-Hertogenbosch,ATP250,2026/6/8,Grass,R32,3,Benjamin Bonzi,Mees Rottgering,6-4 6-4,99,464,629,101
's-Hertogenbosch,ATP250,2026/6/8,Grass,R32,3,Marin Cilic,Denis Shapovalov,6-7 6-4 7-5,47,42,994,1130
's-Hertogenbosch,ATP250,2026/6/8,Grass,R32,3,Ugo Humbert,Elias Ymer,6-4 6-3,33,184,1370,328
's-Hertogenbosch,ATP250,2026/6/9,Grass,R32,3,Martin Damm,Jaume Munar,6-4 6-4,114,44,548,1105
's-Hertogenbosch,ATP250,2026/6/9,Grass,R32,3,Adrian Mannarino,Gabriel Diallo,6-4 3-6 7-5,46,54,1031,935
's-Hertogenbosch,ATP250,2026/6/9,Grass,R32,3,Zhizhen Zhang,Jenson Brooksby,7-6 5-7 6-1,214,73,269,825
's-Hertogenbosch,ATP250,2026/6/10,Grass,R32,3,Kamil Majchrzak,Otto Virtanen,6-7 6-4 7-6,76,158,782,393
's-Hertogenbosch,ATP250,2026/6/10,Grass,R32,3,Thijs Boogaard,Yibing Wu,6-3 2-6 6-4,779,101,37,626
's-Hertogenbosch,ATP250,2026/6/10,Grass,R32,3,James Mccabe,Zizou Bergs,6-7 6-2 7-6,233,40,248,1150
's-Hertogenbosch,ATP250,2026/6/10,Grass,R32,3,Marton Fucsovics,Hubert Hurkacz,3-6 7-6 7-6,75,96,819,640
's-Hertogenbosch,ATP250,2026/6/10,Grass,R32,3,Tallon Griekspoor,Botic Van De Zandschulp,6-2 6-7 6-4,41,55,1150,935
's-Hertogenbosch,ATP250,2026/6/10,Grass,R16,3,Alex De Minaur,Martin Damm,7-6 7-5,6,114,3905,548
's-Hertogenbosch,ATP250,2026/6/11,Grass,R16,3,Benjamin Bonzi,Ugo Humbert,6-4 3-6 6-3,99,33,629,1370
's-Hertogenbosch,ATP250,2026/6/11,Grass,R16,3,Adrian Mannarino,Arthur Rinderknech,7-6 3-6 6-3,46,24,1031,1776
's-Hertogenbosch,ATP250,2026/6/11,Grass,R16,3,Zhizhen Zhang,Tallon Griekspoor,7-6 6-4,214,41,269,1150
's-Hertogenbosch,ATP250,2026/6/11,Grass,R16,3,Kamil Majchrzak,James Mccabe,6-0 6-3,76,233,782,248
's-Hertogenbosch,ATP250,2026/6/11,Grass,R16,3,Felix Auger Aliassime,Marton Fucsovics,6-3 6-4,4,75,4440,819
's-Hertogenbosch,ATP250,2026/6/12,Grass,R16,3,Daniil Medvedev,Thijs Boogaard,6-3 4-6 7-6,8,779,3760,37
's-Hertogenbosch,ATP250,2026/6/12,Grass,R16,3,Marin Cilic,Nuno Borges,3-6 7-6 6-3,47,50,994,970
's-Hertogenbosch,ATP250,2026/6/12,Grass,QF,3,Adrian Mannarino,Zhizhen Zhang,7-6 6-3,46,214,1031,269
's-Hertogenbosch,ATP250,2026/6/12,Grass,QF,3,Alex De Minaur,Benjamin Bonzi,6-2 6-4,6,99,3905,629
's-Hertogenbosch,ATP250,2026/6/12,Grass,QF,3,Kamil Majchrzak,Felix Auger Aliassime,6-4 6-3,76,4,782,4440
's-Hertogenbosch,ATP250,2026/6/13,Grass,QF,3,Daniil Medvedev,Marin Cilic,6-2 3-6 6-1,8,47,3760,994
's-Hertogenbosch,ATP250,2026/6/13,Grass,SF,3,Alex De Minaur,Adrian Mannarino,6-4 6-0,6,46,3905,1031
's-Hertogenbosch,ATP250,2026/6/13,Grass,SF,3,Kamil Majchrzak,Daniil Medvedev,7-6 6-1,76,8,782,3760
's-Hertogenbosch,ATP250,2026/6/14,Grass,F,3,Kamil Majchrzak,Alex De Minaur,6-3 2-6 7-6,76,6,782,3905
Stuttgart,ATP250,2026/6/8,Grass,R32,3,Mattia Bellucci,Alejandro Davidovich Fokina,6-2 6-7 6-1,78,22,777,1860
Stuttgart,ATP250,2026/6/8,Grass,R32,3,Martin Landaluce,Pierre Hugues Herbert,5-7 6-3 6-4,58,232,919,249
Stuttgart,ATP250,2026/6/8,Grass,R32,3,Gauthier Onclin,Fabian Marozsan,7-6 6-3,186,61,318,895
Stuttgart,ATP250,2026/6/9,Grass,R32,3,Yannick Hanfmann,Aleksandar Kovacevic,7-6 7-6,59,69,906,837
Stuttgart,ATP250,2026/6/9,Grass,R32,3,Marcos Giron,Roberto Bautista Agut,7-6 7-5,88,116,705,542
Stuttgart,ATP250,2026/6/9,Grass,R32,3,Sho Shimabukuro,Quentin Halys,6-4 6-2,104,92,604,678
Stuttgart,ATP250,2026/6/9,Grass,R32,3,Giovanni Mpetshi Perricard,Roman Safiullin,7-5 6-7 7-6,93,135,670,460
Stuttgart,ATP250,2026/6/9,Grass,R32,3,Jan Lennard Struff,Alexis Galarneau,6-2 6-7 6-3,77,187,779,316
Stuttgart,ATP250,2026/6/9,Grass,R32,3,Rinky Hijikata,Tom Gentzsch,6-7 7-6 6-3,106,229,593,254
Stuttgart,ATP250,2026/6/9,Grass,R32,3,Frances Tiafoe,Daniel Altmaier,7-6 4-6 6-4,26,85,1705,740
Stuttgart,ATP250,2026/6/9,Grass,R32,3,James Duckworth,Diego Dedura Palomero,6-4 6-3,79,262,762,209
Stuttgart,ATP250,2026/6/9,Grass,R32,3,Nick Kyrgios,Corentin Moutet,6-3 6-4,,36,,1283
Stuttgart,ATP250,2026/6/10,Grass,R16,3,Giovanni Mpetshi Perricard,Gauthier Onclin,7-6 6-2,93,186,670,318
Stuttgart,ATP250,2026/6/10,Grass,R16,3,Mattia Bellucci,Yannick Hanfmann,7-5 6-7 6-2,78,59,777,906
Stuttgart,ATP250,2026/6/10,Grass,R16,3,Alexander Bublik,Jan Lennard Struff,7-6 3-6 6-2,11,77,2930,779
Stuttgart,ATP250,2026/6/11,Grass,R16,3,Jiri Lehecka,James Duckworth,6-7 6-4 7-6,12,79,2575,762
Stuttgart,ATP250,2026/6/11,Grass,R16,3,Frances Tiafoe,Rinky Hijikata,6-4 6-4,26,106,1705,593
Stuttgart,ATP250,2026/6/11,Grass,R16,3,Sho Shimabukuro,Nick Kyrgios,4-6 7-6 6-4,104,,604,
Stuttgart,ATP250,2026/6/11,Grass,R16,3,Taylor Fritz,Martin Landaluce,6-7 7-5 7-6,9,58,3720,919
Stuttgart,ATP250,2026/6/12,Grass,R16,3,Ben Shelton,Marcos Giron,6-7 6-4 7-6,5,88,3920,705
Stuttgart,ATP250,2026/6/12,Grass,QF,3,Alexander Bublik,Giovanni Mpetshi Perricard,7-6 7-6,11,93,2930,670
Stuttgart,ATP250,2026/6/12,Grass,QF,3,Taylor Fritz,Mattia Bellucci,5-7 7-5 7-5,9,78,3720,777
Stuttgart,ATP250,2026/6/12,Grass,QF,3,Jiri Lehecka,Frances Tiafoe,6-4 7-6,12,26,2575,1705
Stuttgart,ATP250,2026/6/13,Grass,QF,3,Ben Shelton,Sho Shimabukuro,4-6 6-3 6-4,5,104,3920,604
Stuttgart,ATP250,2026/6/13,Grass,SF,3,Taylor Fritz,Alexander Bublik,6-4 6-4,9,11,3720,2930
Stuttgart,ATP250,2026/6/13,Grass,SF,3,Ben Shelton,Jiri Lehecka,6-7 7-6 7-6,5,12,3920,2575
Stuttgart,ATP250,2026/6/14,Grass,F,3,Ben Shelton,Taylor Fritz,6-4 2-6 6-4,5,9,3920,3720
Halle,ATP500,2026/6/15,Grass,R32,3,Learner Tien,Max Schoenhaus,6-2 6-4,19,336,2270,158
Halle,ATP500,2026/6/15,Grass,R32,3,Daniel Altmaier,Nikoloz Basilashvili,7-5 6-4,81,118,740,529
Halle,ATP500,2026/6/15,Grass,R32,3,Terence Atmane,Martin Landaluce,6-3 3-6 7-6,53,55,948,936
Halle,ATP500,2026/6/15,Grass,R32,3,Felix Auger Aliassime,Nuno Borges,6-3 3-6 6-3,4,54,4390,945
Halle,ATP500,2026/6/15,Grass,R32,3,Frances Tiafoe,Flavio Cobolli,6-2 7-6,26,10,1730,3540
Halle,ATP500,2026/6/16,Grass,R32,3,Raphael Collignon,Alexei Popyrin,6-4 6-2,51,90,966,680
Halle,ATP500,2026/6/16,Grass,R32,3,Ethan Quinn,Karen Khachanov,1-6 6-4 6-4,66,18,854,2280
Halle,ATP500,2026/6/16,Grass,R32,3,Mattia Bellucci,Alexander Bublik,7-6 6-1,74,11,814,3020
Halle,ATP500,2026/6/16,Grass,R32,3,Sho Shimabukuro,Tallon Griekspoor,6-4 3-6 6-4,97,40,651,1165
Halle,ATP500,2026/6/16,Grass,R32,3,Yannick Hanfmann,Joao Fonseca,6-2 6-2,59,25,915,1735
Halle,ATP500,2026/6/16,Grass,R32,3,Hubert Hurkacz,Andrey Rublev,6-3 6-2,103,13,615,2460
Halle,ATP500,2026/6/16,Grass,R32,3,Alexander Zverev,Vit Kopriva,6-3 4-6 6-2,3,64,7190,856
Halle,ATP500,2026/6/16,Grass,R32,3,Fabian Marozsan,Miomir Kecmanovic,6-3 3-6 6-4,61,50,895,980
Halle,ATP500,2026/6/16,Grass,R32,3,Daniil Medvedev,Tomas Martin Etcheverry,6-3 6-4,7,30,3810,1510
Halle,ATP500,2026/6/17,Grass,R32,3,Taylor Fritz,Zizou Bergs,7-6 5-7 6-4,9,48,3635,1010
Halle,ATP500,2026/6/17,Grass,R32,3,Ben Shelton,Lorenzo Sonego,7-5 6-3,5,65,4070,855
Halle,ATP500,2026/6/17,Grass,R16,3,Frances Tiafoe,Sho Shimabukuro,6-4 7-5,26,97,1730,651
Halle,ATP500,2026/6/17,Grass,R16,3,Daniel Altmaier,Hubert Hurkacz,3-6 6-3 7-5,81,103,740,615
Halle,ATP500,2026/6/17,Grass,R16,3,Felix Auger Aliassime,Learner Tien,6-7 7-5 7-6,4,19,4390,2270
Halle,ATP500,2026/6/17,Grass,R16,3,Daniil Medvedev,Terence Atmane,6-4 6-4,7,53,3810,948
Halle,ATP500,2026/6/18,Grass,R16,3,Taylor Fritz,Fabian Marozsan,6-2 6-4,9,61,3635,895
Halle,ATP500,2026/6/18,Grass,R16,3,Ben Shelton,Ethan Quinn,6-4 5-7 6-4,5,66,4070,854
Halle,ATP500,2026/6/18,Grass,R16,3,Alexander Zverev,Yannick Hanfmann,6-3 7-6,3,59,7190,915
Halle,ATP500,2026/6/18,Grass,R16,3,Raphael Collignon,Mattia Bellucci,4-6 6-4 6-3,51,74,966,814
Halle,ATP500,2026/6/19,Grass,QF,3,Taylor Fritz,Ben Shelton,6-7 7-6 7-6,9,5,3635,4070
Halle,ATP500,2026/6/19,Grass,QF,3,Alexander Zverev,Raphael Collignon,7-6 7-6,3,51,7190,966
Halle,ATP500,2026/6/19,Grass,QF,3,Daniel Altmaier,Daniil Medvedev,6-4 6-7 6-4,81,7,740,3810
Halle,ATP500,2026/6/19,Grass,QF,3,Frances Tiafoe,Felix Auger Aliassime,3-6 6-3 7-6,26,4,1730,4390
Halle,ATP500,2026/6/20,Grass,SF,3,Taylor Fritz,Alexander Zverev,6-7 6-4 7-5,9,3,3635,7190
Halle,ATP500,2026/6/20,Grass,SF,3,Frances Tiafoe,Daniel Altmaier,6-1 6-3,26,81,1730,740
Halle,ATP500,2026/6/21,Grass,F,3,Frances Tiafoe,Taylor Fritz,6-4 6-4,26,9,1730,3635
Queens Club,ATP500,2026/6/15,Grass,R32,3,Botic Van De Zandschulp,Harry Wendelken,6-4 7-6,56,224,935,258
Queens Club,ATP500,2026/6/15,Grass,R32,3,Tommy Paul,Zachary Svajda,7-5 6-3,28,69,1645,835
Queens Club,ATP500,2026/6/15,Grass,R32,3,Denis Shapovalov,Jack Pinnington Jones,6-4 4-6 7-6,41,147,1130,409
Queens Club,ATP500,2026/6/16,Grass,R32,3,Adrian Mannarino,Jakub Mensik,5-7 7-6 7-6,44,16,1099,2300
Queens Club,ATP500,2026/6/16,Grass,R32,3,Brandon Nakashima,Marton Fucsovics,6-3 6-3,32,76,1385,781
Queens Club,ATP500,2026/6/16,Grass,R32,3,Ignacio Buse,Marcos Giron,3-6 7-5 7-6,35,86,1316,705
Queens Club,ATP500,2026/6/16,Grass,R32,3,Arthur Fery,Toby Samuel,6-0 6-2,140,144,441,414
Queens Club,ATP500,2026/6/16,Grass,R32,3,Francisco Cerundolo,Aleksandar Kovacevic,6-4 6-7 6-2,27,68,1660,837
Queens Club,ATP500,2026/6/16,Grass,R32,3,Corentin Moutet,Giovanni Mpetshi Perricard,6-7 6-4 7-6,36,87,1283,695
Queens Club,ATP500,2026/6/16,Grass,R32,3,Jenson Brooksby,Martin Damm,6-4 3-6 6-3,73,108,817,586
Queens Club,ATP500,2026/6/16,Grass,R32,3,Alex De Minaur,Gabriel Diallo,7-6 6-3,6,84,4060,710
Queens Club,ATP500,2026/6/16,Grass,R32,3,Hamad Medjedovic,Arthur Rinderknech,7-6 7-6,67,24,844,1776
Queens Club,ATP500,2026/6/16,Grass,R32,3,Ugo Humbert,Marin Cilic,7-5 6-3,33,46,1360,1036
Queens Club,ATP500,2026/6/16,Grass,R32,3,Rinky Hijikata,Alejandro Tabilo,6-2 6-4,104,31,605,1428
Queens Club,ATP500,2026/6/16,Grass,R32,3,Alejandro Davidovich Fokina,Cameron Norrie,7-6 6-2,22,29,1860,1595
Queens Club,ATP500,2026/6/16,Grass,R32,3,Jiri Lehecka,Kamil Majchrzak,7-5 7-6,12,47,2640,1032
Queens Club,ATP500,2026/6/17,Grass,R16,3,Brandon Nakashima,Ignacio Buse,6-2 6-2,32,35,1385,1316
Queens Club,ATP500,2026/6/17,Grass,R16,3,Alex De Minaur,Denis Shapovalov,6-4 6-1,6,41,4060,1130
Queens Club,ATP500,2026/6/17,Grass,R16,3,Arthur Fery,Adrian Mannarino,7-6 6-4,140,44,441,1099
Queens Club,ATP500,2026/6/17,Grass,R16,3,Francisco Cerundolo,Jenson Brooksby,6-0 6-4,27,73,1660,817
Queens Club,ATP500,2026/6/18,Grass,R16,3,Alejandro Davidovich Fokina,Corentin Moutet,6-4 6-3,22,36,1860,1283
Queens Club,ATP500,2026/6/18,Grass,R16,3,Tommy Paul,Botic Van De Zandschulp,7-6 6-3,28,56,1645,935
Queens Club,ATP500,2026/6/18,Grass,R16,3,Rinky Hijikata,Jiri Lehecka,4-6 7-5 7-6,104,12,605,2640
Queens Club,ATP500,2026/6/19,Grass,R16,3,Ugo Humbert,Hamad Medjedovic,2-6 7-6 7-6,33,67,1360,844
Queens Club,ATP500,2026/6/19,Grass,QF,3,Brandon Nakashima,Alex De Minaur,7-5 6-3,32,6,1385,4060
Queens Club,ATP500,2026/6/19,Grass,QF,3,Francisco Cerundolo,Arthur Fery,7-6 3-6 6-4,27,140,1660,441
Queens Club,ATP500,2026/6/19,Grass,QF,3,Tommy Paul,Alejandro Davidovich Fokina,6-3 7-6,28,22,1645,1860
Queens Club,ATP500,2026/6/19,Grass,QF,3,Ugo Humbert,Rinky Hijikata,6-1 6-2,33,104,1360,605
Queens Club,ATP500,2026/6/20,Grass,SF,3,Francisco Cerundolo,Brandon Nakashima,6-7 6-3 6-4,27,32,1660,1385
Queens Club,ATP500,2026/6/20,Grass,SF,3,Tommy Paul,Ugo Humbert,6-3 6-3,28,33,1645,1360
Queens Club,ATP500,2026/6/21,Grass,F,3,Francisco Cerundolo,Tommy Paul,6-7 6-4 6-3,27,28,1660,1645
Eastbourne,ATP250,2026/6/22,Grass,R32,3,Gabriel Diallo,Terence Atmane,6-7 6-4 7-5,91,50,685,982
Eastbourne,ATP250,2026/6/22,Grass,R32,3,Jack Pinnington Jones,Marco Trungelliti,5-7 6-3 7-5,145,94,409,670
Eastbourne,ATP250,2026/6/22,Grass,R32,3,Jack Draper,Marcos Giron,6-4 7-6,160,86,360,705
Eastbourne,ATP250,2026/6/22,Grass,R32,3,Juan Manuel Cerundolo,Raphael Collignon,6-4 4-6 7-6,45,43,1055,1069
Eastbourne,ATP250,2026/6/22,Grass,R32,3,Jan Choinski,Alexei Popyrin,1-6 6-2 6-2,106,100,601,630
Eastbourne,ATP250,2026/6/22,Grass,R32,3,Zizou Bergs,Jaume Munar,6-2 6-4,48,44,1010,1065
Eastbourne,ATP250,2026/6/23,Grass,R32,3,Jenson Brooksby,Aleksandar Vukic,7-5 6-1,67,103,867,614
Eastbourne,ATP250,2026/6/23,Grass,R32,3,Thiago Agustin Tirante,Hamish Stewart,7-5 6-2,54,305,944,177
Eastbourne,ATP250,2026/6/23,Grass,R32,3,Giles Hussey,Matteo Arnaldi,6-4 6-2,293,35,183,1336
Eastbourne,ATP250,2026/6/23,Grass,R32,3,Arthur Fery,Roman Andres Burruchaga,6-2 4-6 7-5,118,66,528,875
Eastbourne,ATP250,2026/6/23,Grass,R32,3,Daniel Altmaier,Aleksandar Kovacevic,6-4 7-6,59,70,924,837
Eastbourne,ATP250,2026/6/23,Grass,R32,3,Ugo Humbert,Mattia Bellucci,7-6 6-7 6-4,30,65,1510,876
Eastbourne,ATP250,2026/6/24,Grass,R16,3,Toby Samuel,Thiago Agustin Tirante,6-1 7-6,142,54,414,944
Eastbourne,ATP250,2026/6/24,Grass,R16,3,Quentin Halys,Giles Hussey,6-1 7-5,101,293,626,183
Eastbourne,ATP250,2026/6/24,Grass,R16,3,Juan Manuel Cerundolo,Arthur Fery,6-2 7-6,45,118,1055,528
Eastbourne,ATP250,2026/6/24,Grass,R16,3,Ugo Humbert,Jenson Brooksby,6-3 6-2,30,67,1510,867
Eastbourne,ATP250,2026/6/24,Grass,R16,3,Zizou Bergs,Daniel Altmaier,6-3 3-2 RET,48,59,1010,924
Eastbourne,ATP250,2026/6/24,Grass,R16,3,Jan Choinski,Felix Gill,6-4 6-7 6-2,106,220,601,260
Eastbourne,ATP250,2026/6/24,Grass,R16,3,Gabriel Diallo,Tomas Martin Etcheverry,6-7 6-3 6-2,91,32,685,1460
Eastbourne,ATP250,2026/6/24,Grass,R16,3,Jack Draper,Jack Pinnington Jones,7-5 6-4,160,145,360,409
Eastbourne,ATP250,2026/6/25,Grass,QF,3,Toby Samuel,Juan Manuel Cerundolo,6-3 6-4,142,45,414,1055
Eastbourne,ATP250,2026/6/25,Grass,QF,3,Zizou Bergs,Jan Choinski,6-3 6-3,48,106,1010,601
Eastbourne,ATP250,2026/6/25,Grass,QF,3,Jack Draper,Gabriel Diallo,6-1 6-4,160,91,360,685
Eastbourne,ATP250,2026/6/25,Grass,QF,3,Ugo Humbert,Quentin Halys,6-3 6-4,30,101,1510,626
Eastbourne,ATP250,2026/6/26,Grass,SF,3,Zizou Bergs,Toby Samuel,4-6 7-6 6-2,48,142,1010,414
Eastbourne,ATP250,2026/6/26,Grass,SF,3,Ugo Humbert,Jack Draper,7-5 6-3,30,160,1510,360
Eastbourne,ATP250,2026/6/28,Grass,F,3,Zizou Bergs,Ugo Humbert,3-6 6-1 6-4,48,30,1010,1510
Mallorca,ATP250,2026/6/21,Grass,R32,3,Nuno Borges,Adrian Mannarino,6-2 6-2,53,40,945,1139
Mallorca,ATP250,2026/6/21,Grass,R32,3,Lorenzo Sonego,Mariano Navone,7-6 2-6 6-4,72,38,833,1165
Mallorca,ATP250,2026/6/21,Grass,R32,3,Yannick Hanfmann,Adolfo Daniel Vallejo,7-6 7-6,55,73,940,828
Mallorca,ATP250,2026/6/22,Grass,R32,3,Ethan Quinn,Valentin Royer,6-4 6-3,63,75,894,798
Mallorca,ATP250,2026/6/22,Grass,R32,3,Abedallah Shelbayh,Corentin Moutet,7-5 6-4,299,36,180,1278
Mallorca,ATP250,2026/6/22,Grass,R32,3,Fabian Marozsan,Alex Molcan,2-6 7-6 7-6,62,102,895,626
Mallorca,ATP250,2026/6/22,Grass,R32,3,Jan Lennard Struff,Martin Landaluce,6-3 1-6 7-5,77,58,779,926
Mallorca,ATP250,2026/6/22,Grass,R32,3,Miomir Kecmanovic,Antoine Ghibaudo,2-6 6-3 7-6,51,303,980,177
Mallorca,ATP250,2026/6/22,Grass,R32,3,Adam Walton,Nick Kyrgios,6-3 6-4,92,900,676,25
Mallorca,ATP250,2026/6/23,Grass,R32,3,Vit Kopriva,Damir Dzumhur,6-3 6-4,68,104,856,604
Mallorca,ATP250,2026/6/23,Grass,R32,3,Grigor Dimitrov,Marc Polmans,6-1 7-6,164,366,357,140
Mallorca,ATP250,2026/6/23,Grass,R32,3,Ignacio Buse,Stefanos Tsitsipas,7-6 6-3,34,88,1360,700
Mallorca,ATP250,2026/6/23,Grass,R16,3,Fabian Marozsan,Alejandro Tabilo,6-2 6-3,62,33,895,1428
Mallorca,ATP250,2026/6/23,Grass,R16,3,Nuno Borges,Jan Lennard Struff,6-4 7-5,53,77,945,779
Mallorca,ATP250,2026/6/23,Grass,R16,3,Miomir Kecmanovic,Lorenzo Sonego,2-6 7-6 6-4,51,72,980,833
Mallorca,ATP250,2026/6/23,Grass,R16,3,Luciano Darderi,Yannick Hanfmann,7-5 6-3,16,55,2300,940
Mallorca,ATP250,2026/6/24,Grass,R16,3,Ethan Quinn,Murphy Cassone,6-3 6-7 6-3,63,291,894,184
Mallorca,ATP250,2026/6/24,Grass,R16,3,Vit Kopriva,Ignacio Buse,7-5 6-1,68,34,856,1360
Mallorca,ATP250,2026/6/24,Grass,R16,3,Alejandro Davidovich Fokina,Adam Walton,6-4 7-5,25,92,1910,676
Mallorca,ATP250,2026/6/24,Grass,R16,3,Grigor Dimitrov,Abedallah Shelbayh,6-2 6-4,164,299,357,180
Mallorca,ATP250,2026/6/25,Grass,QF,3,Ethan Quinn,Vit Kopriva,5-7 7-5 6-3,63,68,894,856
Mallorca,ATP250,2026/6/25,Grass,QF,3,Nuno Borges,Luciano Darderi,7-6 6-4,53,16,945,2300
Mallorca,ATP250,2026/6/25,Grass,QF,3,Fabian Marozsan,Miomir Kecmanovic,6-4 6-3,62,51,895,980
Mallorca,ATP250,2026/6/25,Grass,QF,3,Alejandro Davidovich Fokina,Grigor Dimitrov,6-3 6-3,25,164,1910,357
Mallorca,ATP250,2026/6/26,Grass,SF,3,Ethan Quinn,Nuno Borges,6-1 6-2,63,53,894,945
Mallorca,ATP250,2026/6/26,Grass,SF,3,Alejandro Davidovich Fokina,Fabian Marozsan,5-7 6-2 6-4,25,62,1910,895
Mallorca,ATP250,2026/6/27,Grass,F,3,Alejandro Davidovich Fokina,Ethan Quinn,7-6 6-3,25,63,1910,894
Wimbledon,Grand Slam,2026/6/29,Grass,R128,5,Pablo Carreno Busta,Denis Shapovalov,6-3 7-6 0-0 RET,71,41,834,1130
Wimbledon,Grand Slam,2026/6/29,Grass,R128,5,Jenson Brooksby,Aleksandar Vukic,7-6 6-1 6-1,81,104,720,614
Wimbledon,Grand Slam,2026/6/29,Grass,R128,5,Rafael Jodar,Felix Gill,6-3 6-3 7-5,26,220,1839,260
Wimbledon,Grand Slam,2026/6/29,Grass,R128,5,Marton Fucsovics,Luca Van Assche,6-3 4-0 RET,76,80,781,735
Wimbledon,Grand Slam,2026/6/29,Grass,R128,5,Botic Van De Zandschulp,Aleksandar Kovacevic,6-3 6-7 6-4 6-0,54,70,969,837
Wimbledon,Grand Slam,2026/6/29,Grass,R128,5,Ignacio Buse,Emilio Nava,7-6 3-6 7-5 6-0,34,86,1375,704
Wimbledon,Grand Slam,2026/6/29,Grass,R128,5,Learner Tien,Dalibor Svrcina,6-1 6-4 6-7 6-3,17,112,2270,550
Wimbledon,Grand Slam,2026/6/29,Grass,R128,5,Martin Damm,Marco Trungelliti,7-6 6-7 7-6 7-6,106,94,603,670
Wimbledon,Grand Slam,2026/6/29,Grass,R128,5,Roman Safiullin,Andrey Rublev,6-4 6-7 3-6 6-3 7-6,132,13,458,2420
Wimbledon,Grand Slam,2026/6/29,Grass,R128,5,Shintaro Mochizuki,Max Basing,6-3 6-0 6-0,151,329,397,162
Wimbledon,Grand Slam,2026/6/29,Grass,R128,5,Tommy Paul,Alexandre Muller,6-1 6-2 6-1,25,126,1925,494
Wimbledon,Grand Slam,2026/6/29,Grass,R128,5,Daniel Merida Aguilar,Camilo Ugo Carabelli,4-6 3-6 6-2 3-0 RET,84,59,706,930
Wimbledon,Grand Slam,2026/6/29,Grass,R128,5,Michael Zheng,Cameron Norrie,6-7 6-2 6-7 6-3 7-6,144,29,410,1595
Wimbledon,Grand Slam,2026/6/29,Grass,R128,5,Hubert Hurkacz,Casper Ruud,6-4 6-2 7-6,96,12,665,2425
Wimbledon,Grand Slam,2026/6/29,Grass,R128,5,Sebastian Ofner,Hamad Medjedovic,1-6 6-2 4-6 6-3 6-4,110,68,557,844
Wimbledon,Grand Slam,2026/6/29,Grass,R128,5,Jannik Sinner,Miomir Kecmanovic,4-6 6-3 6-7 6-2 6-3,1,50,13450,1020
Wimbledon,Grand Slam,2026/6/29,Grass,R128,5,Joao Fonseca,Roberto Bautista Agut,7-6 6-4 6-3,27,183,1710,318
Wimbledon,Grand Slam,2026/6/29,Grass,R128,5,Nuno Borges,Tristan Boyer,6-3 7-5 7-5,48,191,1020,302
Wimbledon,Grand Slam,2026/6/29,Grass,R128,5,Arthur Rinderknech,Oliver Tarvet,7-6 7-6 4-6 7-5,28,348,1683,147
Wimbledon,Grand Slam,2026/6/29,Grass,R128,5,Dino Prizmic,Adam Walton,4-6 7-6 6-4 6-2,89,85,691,704
Wimbledon,Grand Slam,2026/6/29,Grass,R128,5,Ethan Quinn,Luciano Darderi,7-6 7-5 6-2,47,16,1021,2300
Wimbledon,Grand Slam,2026/6/29,Grass,R128,5,Soon Woo Kwon,Martin Landaluce,6-4 6-3 6-3,200,60,280,926
Wimbledon,Grand Slam,2026/6/29,Grass,R128,5,Jan Lennard Struff,Sebastian Baez,6-1 7-6 4-6 2-6 7-5,74,57,804,935
Wimbledon,Grand Slam,2026/6/29,Grass,R128,5,Stefanos Tsitsipas,Hugo Gaston,6-1 6-4 6-2,87,118,700,533
Wimbledon,Grand Slam,2026/6/29,Grass,R128,5,Fabian Marozsan,Thiago Agustin Tirante,7-5 6-3 6-4,53,55,970,961
Wimbledon,Grand Slam,2026/6/29,Grass,R128,5,Daniil Medvedev,Marin Cilic,6-1 6-2 6-4,9,62,3580,911
Wimbledon,Grand Slam,2026/6/29,Grass,R128,5,Nicolas Mejia,Adolfo Daniel Vallejo,4-6 6-4 7-5 7-6,165,72,349,828
Wimbledon,Grand Slam,2026/6/29,Grass,R128,5,Alejandro Davidovich Fokina,Juan Manuel Cerundolo,6-4 6-4 7-6,23,42,2060,1108
Wimbledon,Grand Slam,2026/6/29,Grass,R128,5,Felix Auger Aliassime,Alexander Shevchenko,6-3 6-1 6-4,4,99,4390,658
Wimbledon,Grand Slam,2026/6/29,Grass,R128,5,Novak Djokovic,Yibing Wu,6-4 5-7 6-4 6-4,8,102,3760,634
Wimbledon,Grand Slam,2026/6/30,Grass,R128,5,Jaime Faria,Sho Shimabukuro,7-6 6-3 6-7 6-3,98,90,660,691
Wimbledon,Grand Slam,2026/6/30,Grass,R128,5,Adrian Mannarino,Titouan Droguet,6-2 6-4 6-1,40,116,1139,534
Wimbledon,Grand Slam,2026/6/30,Grass,R128,5,Yannick Hanfmann,Giovanni Mpetshi Perricard,6-7 7-6 6-2 6-3,56,83,949,710
Wimbledon,Grand Slam,2026/6/30,Grass,R128,5,Valentin Royer,Harry Wendelken,4-6 6-3 6-3 6-3,75,202,798,280
Wimbledon,Grand Slam,2026/6/30,Grass,R128,5,Kamil Majchrzak,Alejandro Tabilo,6-3 7-5 7-5,45,33,1032,1428
Wimbledon,Grand Slam,2026/6/30,Grass,R128,5,Jacob Fearnley,Alex Michelsen,3-6 4-6 6-2 6-3 6-2,159,46,362,1025
Wimbledon,Grand Slam,2026/6/30,Grass,R128,5,Alex De Minaur,Roman Andres Burruchaga,7-6 6-1 6-0,6,65,4110,875
Wimbledon,Grand Slam,2026/6/30,Grass,R128,5,Jesper De Jong,Rinky Hijikata,7-6 3-6 5-7 6-4 6-3,73,82,808,717
Wimbledon,Grand Slam,2026/6/30,Grass,R128,5,Otto Virtanen,Ben Shelton,6-4 3-6 6-7 6-2 7-6,140,5,432,4160
Wimbledon,Grand Slam,2026/6/30,Grass,R128,5,Quentin Halys,Matteo Arnaldi,3-6 6-1 7-6 6-3,95,35,666,1349
Wimbledon,Grand Slam,2026/6/30,Grass,R128,5,Arthur Fery,Damir Dzumhur,3-6 6-2 6-2 6-1,114,105,547,604
Wimbledon,Grand Slam,2026/6/30,Grass,R128,5,Zachary Svajda,Pablo Llamas Ruiz,6-1 6-2 6-4,66,119,855,525
Wimbledon,Grand Slam,2026/6/30,Grass,R128,5,Gabriel Diallo,Benjamin Bonzi,1-6 4-6 7-6 6-3 3-1 RET,88,93,695,673
Wimbledon,Grand Slam,2026/6/30,Grass,R128,5,Taylor Fritz,Dusan Lajovic,6-3 6-4 6-3,7,153,3765,378
Wimbledon,Grand Slam,2026/6/30,Grass,R128,5,Alexander Bublik,Thanasi Kokkinakis,4-6 6-3 6-7 6-3 6-4,11,491,2620,90
Wimbledon,Grand Slam,2026/6/30,Grass,R128,5,Zizou Bergs,Ugo Humbert,6-2 7-5 4-6 3-6 6-3,37,30,1250,1575
Wimbledon,Grand Slam,2026/6/30,Grass,R128,5,Brandon Nakashima,Jack Pinnington Jones,6-3 7-6 7-5,31,138,1485,434
Wimbledon,Grand Slam,2026/6/30,Grass,R128,5,Kyrian Jacquet,Vilius Gaubas,6-3 6-4 7-6,139,129,433,474
Wimbledon,Grand Slam,2026/6/30,Grass,R128,5,Jaume Munar,Francisco Cerundolo,6-1 6-4 6-3,44,21,1075,2110
Wimbledon,Grand Slam,2026/6/30,Grass,R128,5,Karen Khachanov,Billy Harris,6-3 5-7 6-3 6-3,22,155,2080,375
Wimbledon,Grand Slam,2026/6/30,Grass,R128,5,Jakub Mensik,Toby Samuel,5-7 6-3 6-3 3-6 7-6,18,123,2255,515
Wimbledon,Grand Slam,2026/6/30,Grass,R128,5,Patrick Kypson,Mackenzie Mcdonald,3-6 6-1 6-4 6-4,113,145,548,409
Wimbledon,Grand Slam,2026/6/30,Grass,R128,5,Lorenzo Sonego,Tomas Martin Etcheverry,6-4 6-4 6-7 7-6,69,32,843,1460
Wimbledon,Grand Slam,2026/6/30,Grass,R128,5,Marcos Giron,Corentin Moutet,4-6 6-4 7-5 6-4,92,39,680,1163
Wimbledon,Grand Slam,2026/6/30,Grass,R128,5,Alexander Zverev,Alexander Blockx,6-4 6-7 7-6 7-6,3,36,7190,1275
Wimbledon,Grand Slam,2026/6/30,Grass,R128,5,Arthur Fils,Raphael Collignon,7-5 6-1 6-3,24,43,1940,1091
Wimbledon,Grand Slam,2026/6/30,Grass,R128,5,James Duckworth,Tallon Griekspoor,6-4 4-6 7-5 6-4,79,58,748,935
Wimbledon,Grand Slam,2026/6/30,Grass,R128,5,Matteo Berrettini,Stan Wawrinka,6-7 7-6 7-6 7-6,51,109,985,563
Wimbledon,Grand Slam,2026/6/30,Grass,R128,5,Grigor Dimitrov,Dane Sweeny,7-6 6-3 7-5,146,127,407,493
Wimbledon,Grand Slam,2026/6/30,Grass,R128,5,Jiri Lehecka,Alexei Popyrin,6-4 6-2 6-4,14,103,2360,630
Wimbledon,Grand Slam,2026/6/30,Grass,R128,5,Jan Choinski,Vit Kopriva,6-3 7-5 6-2,100,64,657,893
Wimbledon,Grand Slam,2026/7/1,Grass,R128,5,Alex Molcan,Daniel Altmaier,6-4 3-6 7-5 6-2,101,61,639,924
Wimbledon,Grand Slam,2026/7/1,Grass,R128,5,Flavio Cobolli,Mariano Navone,1-6 7-6 6-3 7-6,10,38,3460,1165
Wimbledon,Grand Slam,2026/7/1,Grass,R128,5,Frances Tiafoe,Terence Atmane,7-6 6-1 4-6 6-4,19,52,2180,982
Wimbledon,Grand Slam,2026/7/1,Grass,R64,5,Tommy Paul,Soon Woo Kwon,6-3 7-6 6-2,25,200,1925,280
Wimbledon,Grand Slam,2026/7/1,Grass,R64,5,Jenson Brooksby,Ignacio Buse,6-2 6-2 6-3,81,34,720,1375
Wimbledon,Grand Slam,2026/7/1,Grass,R64,5,Hubert Hurkacz,Sebastian Ofner,7-6 6-4 6-4,96,110,665,557
Wimbledon,Grand Slam,2026/7/1,Grass,R64,5,Marton Fucsovics,Learner Tien,6-7 6-4 7-6 6-3,76,17,781,2270
Wimbledon,Grand Slam,2026/7/1,Grass,R64,5,Michael Zheng,Nicolas Mejia,6-7 7-6 6-1 6-4,144,165,410,349
Wimbledon,Grand Slam,2026/7/1,Grass,R64,5,Alejandro Davidovich Fokina,Fabian Marozsan,6-3 6-0 6-3,23,53,2060,970
Wimbledon,Grand Slam,2026/7/1,Grass,R64,5,Jannik Sinner,Nuno Borges,7-6 7-6 6-4,1,48,13450,1020
Wimbledon,Grand Slam,2026/7/1,Grass,R64,5,Roman Safiullin,Botic Van De Zandschulp,6-0 4-6 6-3 3-6 7-6,132,54,458,969
Wimbledon,Grand Slam,2026/7/1,Grass,R64,5,Daniil Medvedev,Daniel Merida Aguilar,3-6 6-3 7-5 6-2,9,84,3580,706
Wimbledon,Grand Slam,2026/7/1,Grass,R64,5,Arthur Rinderknech,Martin Damm,6-4 7-6 6-3,28,106,1683,603
Wimbledon,Grand Slam,2026/7/1,Grass,R64,5,Joao Fonseca,Jesper De Jong,6-1 7-5 6-4,27,73,1710,808
Wimbledon,Grand Slam,2026/7/1,Grass,R64,5,Shintaro Mochizuki,Ethan Quinn,6-2 7-6 7-5,151,47,397,1021
Wimbledon,Grand Slam,2026/7/1,Grass,R64,5,Felix Auger Aliassime,Dino Prizmic,7-6 6-3 7-5,4,89,4390,691
Wimbledon,Grand Slam,2026/7/1,Grass,R64,5,Novak Djokovic,Stefanos Tsitsipas,6-3 6-4 6-2,8,87,3760,700
Wimbledon,Grand Slam,2026/7/2,Grass,R64,5,Lorenzo Sonego,Gabriel Diallo,7-6 4-6 7-6 6-7 6-2,69,88,843,695
Wimbledon,Grand Slam,2026/7/2,Grass,R64,5,Alex De Minaur,Adrian Mannarino,6-3 6-2 6-2,6,40,4110,1139
Wimbledon,Grand Slam,2026/7/2,Grass,R64,5,Taylor Fritz,Patrick Kypson,6-2 6-2 7-5,7,113,3765,548
Wimbledon,Grand Slam,2026/7/2,Grass,R64,5,Arthur Fery,Otto Virtanen,5-7 7-6 6-3 6-3,114,140,547,432
Wimbledon,Grand Slam,2026/7/2,Grass,R64,5,Zizou Bergs,Jaime Faria,7-6 4-6 6-2 6-3,37,98,1250,660
Wimbledon,Grand Slam,2026/7/2,Grass,R64,5,Zachary Svajda,Kamil Majchrzak,2-6 6-2 6-7 6-4 6-3,66,45,855,1032
Wimbledon,Grand Slam,2026/7/2,Grass,R64,5,Rafael Jodar,Pablo Carreno Busta,3-6 6-3 1-6 6-3 6-4,26,71,1839,834
Wimbledon,Grand Slam,2026/7/2,Grass,R64,5,Jan Lennard Struff,Brandon Nakashima,4-6 7-6 7-6 6-7 7-6,74,31,804,1485
Wimbledon,Grand Slam,2026/7/2,Grass,R64,5,Marcos Giron,Quentin Halys,7-6 6-3 6-4,92,95,680,666
Wimbledon,Grand Slam,2026/7/2,Grass,R64,5,Jaume Munar,Jacob Fearnley,6-4 7-6 6-4,44,159,1075,362
Wimbledon,Grand Slam,2026/7/2,Grass,R64,5,Alexander Zverev,Valentin Royer,6-1 6-3 7-6,3,75,7190,798
Wimbledon,Grand Slam,2026/7/2,Grass,R64,5,Matteo Berrettini,Arthur Fils,6-4 7-5 3-6 6-3,51,24,985,1940
Wimbledon,Grand Slam,2026/7/2,Grass,R64,5,Flavio Cobolli,James Duckworth,7-6 3-6 7-6 6-1,10,79,3460,748
Wimbledon,Grand Slam,2026/7/2,Grass,R64,5,Karen Khachanov,Yannick Hanfmann,6-3 6-4 6-4,22,56,2080,949
Wimbledon,Grand Slam,2026/7/2,Grass,R64,5,Jiri Lehecka,Alex Molcan,6-3 6-2 6-4,14,101,2360,639
Wimbledon,Grand Slam,2026/7/2,Grass,R64,5,Frances Tiafoe,Jan Choinski,4-6 6-2 7-5 6-2,19,100,2180,657
Wimbledon,Grand Slam,2026/7/2,Grass,R64,5,Grigor Dimitrov,Jakub Mensik,7-6 4-6 7-5 6-3,146,18,407,2255
Wimbledon,Grand Slam,2026/7/2,Grass,R64,5,Alexander Bublik,Kyrian Jacquet,6-3 6-4 7-6,11,139,2620,433
Wimbledon,Grand Slam,2026/7/3,Grass,R32,5,Roman Safiullin,Joao Fonseca,6-3 6-3 6-3,132,27,458,1710
Wimbledon,Grand Slam,2026/7/3,Grass,R32,5,Shintaro Mochizuki,Rafael Jodar,1-6 7-6 6-4 6-4,151,26,397,1839
Wimbledon,Grand Slam,2026/7/3,Grass,R32,5,Novak Djokovic,Arthur Rinderknech,7-5 6-4 1-6 7-6,8,28,3760,1683
Wimbledon,Grand Slam,2026/7/3,Grass,R32,5,Jan Lennard Struff,Daniil Medvedev,7-6 7-6 7-5,74,9,804,3580
Wimbledon,Grand Slam,2026/7/3,Grass,R32,5,Jannik Sinner,Jenson Brooksby,6-4 6-3 6-4,1,81,13450,720
Wimbledon,Grand Slam,2026/7/3,Grass,R32,5,Hubert Hurkacz,Tommy Paul,4-6 7-6 7-5 6-2,96,25,665,1925
Wimbledon,Grand Slam,2026/7/3,Grass,R32,5,Alejandro Davidovich Fokina,Marton Fucsovics,7-6 6-2 6-3,23,76,2060,781
Wimbledon,Grand Slam,2026/7/3,Grass,R32,5,Felix Auger Aliassime,Michael Zheng,7-6 6-2 6-1,4,144,4390,410
Wimbledon,Grand Slam,2026/7/4,Grass,R32,5,Alex De Minaur,Zachary Svajda,6-2 5-7 6-2 6-4,6,66,4110,855
Wimbledon,Grand Slam,2026/7/4,Grass,R32,5,Flavio Cobolli,Karen Khachanov,0-6 7-6 6-7 6-2 6-2,10,22,3460,2080
Wimbledon,Grand Slam,2026/7/4,Grass,R32,5,Arthur Fery,Zizou Bergs,2-6 7-5 2-6 7-6 7-6,114,37,547,1250
Wimbledon,Grand Slam,2026/7/4,Grass,R32,5,Jiri Lehecka,Jaume Munar,6-4 6-4 4-6 6-4,14,44,2360,1075
Wimbledon,Grand Slam,2026/7/4,Grass,R32,5,Alexander Zverev,Marcos Giron,6-2 7-6 6-4,3,92,7190,680
Wimbledon,Grand Slam,2026/7/4,Grass,R32,5,Taylor Fritz,Lorenzo Sonego,4-6 6-3 6-4 7-6,7,69,3765,843
Wimbledon,Grand Slam,2026/7/4,Grass,R32,5,Alexander Bublik,Frances Tiafoe,4-6 7-6 7-6 4-6 6-3,11,19,2620,2180
Wimbledon,Grand Slam,2026/7/4,Grass,R32,3,Grigor Dimitrov,Matteo Berrettini,6-3 6-4 3-6,146,51,407,985
Wimbledon,Grand Slam,2026/7/5,Grass,R16,5,Novak Djokovic,Roman Safiullin,7-6 6-3 3-6 6-3,8,132,3760,458
Wimbledon,Grand Slam,2026/7/5,Grass,R16,5,Felix Auger Aliassime,Alejandro Davidovich Fokina,6-7 7-6 6-3 6-7 6-1,4,23,4390,2060
Wimbledon,Grand Slam,2026/7/5,Grass,R16,5,Jan Lennard Struff,Hubert Hurkacz,3-6 6-7 7-6 7-5 4-2 RET,74,96,804,665
Wimbledon,Grand Slam,2026/7/5,Grass,R16,5,Jannik Sinner,Shintaro Mochizuki,6-3 7-6 6-3,1,151,13450,397
Wimbledon,Grand Slam,2026/7/6,Grass,R16,5,Flavio Cobolli,Alex De Minaur,7-5 7-6 6-3,10,6,3460,4110
Wimbledon,Grand Slam,2026/7/6,Grass,R16,5,Arthur Fery,Grigor Dimitrov,7-5 3-6 4-6 6-4 7-6,114,146,547,407
Wimbledon,Grand Slam,2026/7/6,Grass,R16,5,Taylor Fritz,Alexander Bublik,7-6 6-4 6-4,7,11,3765,2620
Wimbledon,Grand Slam,2026/7/7,Grass,R16,5,Alexander Zverev,Jiri Lehecka,6-4 7-5 3-6 7-6,3,14,7190,2360
Wimbledon,Grand Slam,2026/7/7,Grass,QF,5,Jannik Sinner,Jan Lennard Struff,7-5 7-6 6-3,1,74,13450,804
Wimbledon,Grand Slam,2026/7/7,Grass,QF,5,Novak Djokovic,Felix Auger Aliassime,7-6 3-6 6-3 6-7 7-6,8,4,3760,4390
Wimbledon,Grand Slam,2026/7/8,Grass,QF,5,Arthur Fery,Flavio Cobolli,6-4 7-6 6-0,114,10,547,3460
Wimbledon,Grand Slam,2026/7/8,Grass,QF,5,Alexander Zverev,Taylor Fritz,6-4 6-4 6-2,3,7,7190,3765
Wimbledon,Grand Slam,2026/7/10,Grass,SF,5,Alexander Zverev,Arthur Fery,7-6 6-2 6-4,3,114,7190,547
Wimbledon,Grand Slam,2026/7/10,Grass,SF,5,Jannik Sinner,Novak Djokovic,6-4 6-4 6-4,1,8,13450,3760
Wimbledon,Grand Slam,2026/7/12,Grass,F,5,Jannik Sinner,Alexander Zverev,6-7 7-6 6-3 6-4,1,3,13450,7190
Bastad,ATP250,2026/7/13,Clay,R32,3,Jesper De Jong,Vilius Gaubas,7-6 7-5,73,128,808,508
Bastad,ATP250,2026/7/14,Clay,R32,3,Andrea Pellegrino,Nicolai Budkov Kjaer,6-3 6-2,138,118,459,530
Bastad,ATP250,2026/7/14,Clay,R32,3,Thiago Agustin Tirante,Sebastian Ofner,6-3 6-4,61,125,921,515
Bastad,ATP250,2026/7/14,Clay,R32,3,Lautaro Midon,Facundo Diaz Acosta,3-6 6-4 6-2,213,110,261,604
Bastad,ATP250,2026/7/14,Clay,R32,3,Adolfo Daniel Vallejo,Miguel Damas,6-3 6-3,71,300,830,178
Bastad,ATP250,2026/7/14,Clay,R32,3,Grigor Dimitrov,Dalibor Svrcina,7-6 1-6 6-4,146,114,407,554
Bastad,ATP250,2026/7/14,Clay,R32,3,Botic Van De Zandschulp,Taro Daniel,7-6 6-4,55,194,969,285
Bastad,ATP250,2026/7/14,Clay,R32,3,Nikoloz Basilashvili,Jan Choinski,6-4 7-6,135,75,474,775
Bastad,ATP250,2026/7/14,Clay,R32,3,Stefano Travaglia,Martin Krumich,6-4 6-2,150,278,385,203
Bastad,ATP250,2026/7/14,Clay,R32,3,Daniel Altmaier,Hugo Gaston,6-2 7-5,60,107,924,619
Bastad,ATP250,2026/7/14,Clay,R32,3,Nuno Borges,Moise Kouame,6-4 6-2,52,211,970,263
Bastad,ATP250,2026/7/14,Clay,R32,3,Sebastian Baez,Max Dahlin,4-6 6-4 6-1,56,1360,935,6
Bastad,ATP250,2026/7/15,Clay,R16,3,Adolfo Daniel Vallejo,Botic Van De Zandschulp,4-6 6-3 7-6,71,55,830,969
Bastad,ATP250,2026/7/15,Clay,R16,3,Nuno Borges,Grigor Dimitrov,6-4 6-2,52,146,970,407
Bastad,ATP250,2026/7/15,Clay,R16,3,Stefano Travaglia,Mariano Navone,6-4 6-2,150,48,385,1016
Bastad,ATP250,2026/7/15,Clay,R16,3,Luciano Darderi,Daniel Altmaier,6-4 6-4,18,60,2210,924
Bastad,ATP250,2026/7/16,Clay,R16,3,Thiago Agustin Tirante,Nikoloz Basilashvili,7-5 3-6 6-4,61,135,921,474
Bastad,ATP250,2026/7/16,Clay,R16,3,Andrey Rublev,Andrea Pellegrino,7-6 6-7 6-3,16,138,2230,459
Bastad,ATP250,2026/7/16,Clay,R16,3,Alejandro Tabilo,Lautaro Midon,6-4 6-7 6-4,31,213,1438,261
Bastad,ATP250,2026/7/16,Clay,R16,3,Sebastian Baez,Jesper De Jong,6-4 6-2,56,73,935,808
Bastad,ATP250,2026/7/17,Clay,QF,3,Adolfo Daniel Vallejo,Stefano Travaglia,7-6 6-2,71,150,830,385
Bastad,ATP250,2026/7/17,Clay,QF,3,Luciano Darderi,Nuno Borges,7-6 6-4,18,52,2210,970
Bastad,ATP250,2026/7/17,Clay,QF,3,Andrey Rublev,Sebastian Baez,6-1 6-2,16,56,2230,935
Bastad,ATP250,2026/7/17,Clay,QF,3,Alejandro Tabilo,Thiago Agustin Tirante,W/O,31,61,1438,921
Bastad,ATP250,2026/7/18,Clay,SF,3,Luciano Darderi,Adolfo Daniel Vallejo,6-4 6-7 6-3,18,71,2210,830
Bastad,ATP250,2026/7/18,Clay,SF,3,Andrey Rublev,Alejandro Tabilo,6-4 4-6 6-4,16,31,2230,1438
Bastad,ATP250,2026/7/19,Clay,F,3,Andrey Rublev,Luciano Darderi,6-4 6-3,16,18,2230,2210
Gstaad,ATP250,2026/7/13,Clay,R32,3,Lorenzo Sonego,Joel Schwaerzler,6-4 7-6,83,171,743,331
Gstaad,ATP250,2026/7/13,Clay,R32,3,Clement Tabur,Jurij Rodionov,4-6 7-5 6-4,178,143,319,427
Gstaad,ATP250,2026/7/13,Clay,R32,3,Miomir Kecmanovic,Kilian Feldbausch,6-1 1-6 6-3,59,262,930,216
Gstaad,ATP250,2026/7/13,Clay,R32,3,Raphael Collignon,Timofey Skatov,3-6 7-6 6-4,42,163,1091,343
Gstaad,ATP250,2026/7/13,Clay,R32,3,Dominic Stricker,Jaume Munar,6-2 6-4,360,44,140,1075
Gstaad,ATP250,2026/7/14,Clay,R32,3,Juan Manuel Cerundolo,Zdenek Kolar,4-6 6-3 6-4,45,153,1054,370
Gstaad,ATP250,2026/7/14,Clay,R32,3,Yannick Hanfmann,Pedro Martinez,7-6 6-1,51,157,974,358
Gstaad,ATP250,2026/7/14,Clay,R32,3,Jerome Kym,Dylan Dietrich,7-6 2-6 7-6,186,618,310,59
Gstaad,ATP250,2026/7/14,Clay,R32,3,Quentin Halys,Federico Cina,6-3 3-6 7-6,90,184,706,312
Gstaad,ATP250,2026/7/14,Clay,R32,3,Stefanos Tsitsipas,Ignacio Buse,6-4 6-4,85,33,740,1413
Gstaad,ATP250,2026/7/14,Clay,R32,3,Alexander Shevchenko,Alexandre Muller,3-6 6-3 6-4,100,132,658,494
Gstaad,ATP250,2026/7/14,Clay,R32,3,Jaime Faria,Stan Wawrinka,6-7 6-4 6-4,92,117,700,538
Gstaad,ATP250,2026/7/15,Clay,R16,3,Raphael Collignon,Lorenzo Sonego,7-6 7-6,42,83,1091,743
Gstaad,ATP250,2026/7/15,Clay,R16,3,Arthur Rinderknech,Clement Tabur,6-7 7-6 7-5,28,178,1683,319
Gstaad,ATP250,2026/7/15,Clay,R16,3,Valentin Vacherot,Yannick Hanfmann,4-6 6-3 6-4,21,51,2138,974
Gstaad,ATP250,2026/7/16,Clay,R16,3,Juan Manuel Cerundolo,Miomir Kecmanovic,3-6 6-3 7-5,45,59,1054,930
Gstaad,ATP250,2026/7/16,Clay,R16,3,Casper Ruud,Jaime Faria,6-7 6-4 6-2,13,92,2435,700
Gstaad,ATP250,2026/7/16,Clay,R16,3,Stefanos Tsitsipas,Jerome Kym,6-4 6-7 7-6,85,186,740,310
Gstaad,ATP250,2026/7/17,Clay,R16,3,Quentin Halys,Alexander Bublik,6-7 6-4 7-6,90,11,706,2810
Gstaad,ATP250,2026/7/17,Clay,R16,3,Alexander Shevchenko,Dominic Stricker,7-6 6-2,100,360,658,140
Gstaad,ATP250,2026/7/17,Clay,QF,3,Raphael Collignon,Valentin Vacherot,7-6 4-6 7-5,42,21,1091,2138
Gstaad,ATP250,2026/7/17,Clay,QF,3,Juan Manuel Cerundolo,Casper Ruud,3-6 7-5 6-2,45,13,1054,2435
Gstaad,ATP250,2026/7/17,Clay,QF,3,Alexander Shevchenko,Quentin Halys,7-6 6-3,100,90,658,706
Gstaad,ATP250,2026/7/17,Clay,QF,3,Stefanos Tsitsipas,Arthur Rinderknech,6-3 3-6 6-3,85,28,740,1683
Gstaad,ATP250,2026/7/18,Clay,SF,3,Raphael Collignon,Juan Manuel Cerundolo,1-6 7-6 7-5,42,45,1091,1054
Gstaad,ATP250,2026/7/18,Clay,SF,3,Stefanos Tsitsipas,Alexander Shevchenko,6-4 3-6 6-3,85,100,740,658
Gstaad,ATP250,2026/7/19,Clay,F,3,Stefanos Tsitsipas,Raphael Collignon,6-4 6-7 6-3,85,42,740,1091
Umag,ATP250,2026/7/13,Clay,R32,3,Damir Dzumhur,Henrique Rocha,6-2 6-1,108,124,604,517
Umag,ATP250,2026/7/13,Clay,R32,3,Luca Van Assche,Dusan Lajovic,2-6 7-5 6-4,86,152,737,378
Umag,ATP250,2026/7/13,Clay,R32,3,Marco Trungelliti,Kyrian Jacquet,6-2 6-3,99,130,666,497
Umag,ATP250,2026/7/13,Clay,R32,3,Dino Prizmic,Vit Kopriva,6-1 6-3,84,64,741,893
Umag,ATP250,2026/7/14,Clay,R32,3,Pablo Carreno Busta,Matej Dodig,6-4 6-2,65,254,884,220
Umag,ATP250,2026/7/14,Clay,R32,3,Alex Molcan,Valentin Royer,6-4 7-5,101,77,649,768
Umag,ATP250,2026/7/14,Clay,R32,3,Camilo Ugo Carabelli,Marko Topo,6-7 7-6 6-3,58,374,930,134
Umag,ATP250,2026/7/14,Clay,R32,3,Roman Andres Burruchaga,Marco Cecchinato,6-1 6-4,67,175,875,323
Umag,ATP250,2026/7/14,Clay,R32,3,Daniel Merida Aguilar,Ziga Sesko,6-4 6-1,82,957,750,22
Umag,ATP250,2026/7/14,Clay,R32,3,Federico Agustin Gomez,Niels Mcdonald,6-3 7-6,209,505,268,86
Umag,ATP250,2026/7/14,Clay,R32,3,Juan Carlos Prado Angelo,Lukas Neumayer,6-3 7-6,173,162,327,343
Umag,ATP250,2026/7/14,Clay,R32,3,Titouan Droguet,Alexander Blockx,3-6 6-2 6-0,119,37,528,1233
Umag,ATP250,2026/7/15,Clay,R16,3,Daniel Merida Aguilar,Tomas Martin Etcheverry,7-5 6-4,82,30,750,1460
Umag,ATP250,2026/7/15,Clay,R16,3,Matteo Arnaldi,Federico Agustin Gomez,6-3 5-7 6-3,34,209,1349,268
Umag,ATP250,2026/7/15,Clay,R16,3,Damir Dzumhur,Juan Carlos Prado Angelo,7-6 6-1,108,173,604,327
Umag,ATP250,2026/7/15,Clay,R16,3,Alejandro Davidovich Fokina,Marco Trungelliti,6-4 7-5,20,99,2160,666
Umag,ATP250,2026/7/15,Clay,R16,3,Camilo Ugo Carabelli,Pablo Carreno Busta,3-6 7-5 7-5,58,65,930,884
Umag,ATP250,2026/7/15,Clay,R16,3,Roman Andres Burruchaga,Flavio Cobolli,6-2 6-4,67,9,875,3460
Umag,ATP250,2026/7/15,Clay,R16,3,Titouan Droguet,Luca Van Assche,6-1 1-6 7-5,119,86,528,737
Umag,ATP250,2026/7/15,Clay,R16,3,Alex Molcan,Dino Prizmic,3-6 7-6 4-0 RET,101,84,649,741
Umag,ATP250,2026/7/16,Clay,QF,3,Daniel Merida Aguilar,Titouan Droguet,6-1 6-3,82,119,750,528
Umag,ATP250,2026/7/16,Clay,QF,3,Damir Dzumhur,Matteo Arnaldi,7-6 6-7 7-6,108,34,604,1349
Umag,ATP250,2026/7/16,Clay,QF,3,Roman Andres Burruchaga,Camilo Ugo Carabelli,6-2 2-6 6-3,67,58,875,930
Umag,ATP250,2026/7/16,Clay,QF,3,Alex Molcan,Alejandro Davidovich Fokina,3-6 6-1 6-2,101,20,649,2160
Umag,ATP250,2026/7/17,Clay,SF,3,Daniel Merida Aguilar,Roman Andres Burruchaga,6-4 6-2,82,67,750,875
Umag,ATP250,2026/7/17,Clay,SF,3,Damir Dzumhur,Alex Molcan,3-6 6-4 6-3,108,101,604,649
Umag,ATP250,2026/7/18,Clay,F,3,Daniel Merida Aguilar,Damir Dzumhur,6-2 5-7 6-2,82,108,750,604
Estoril,ATP250,2026/7/20,Clay,R32,3,Tiago Torres,Nikoloz Basilashvili,6-4 6-2,427,130,109,499
Estoril,ATP250,2026/7/20,Clay,R32,3,Titouan Droguet,Camilo Ugo Carabelli,6-0 3-6 6-4,114,69,570,880
Estoril,ATP250,2026/7/20,Clay,R32,3,Luca Van Assche,Frederico Ferreira Silva,7-5 6-7 6-1,78,235,755,240
Estoril,ATP250,2026/7/20,Clay,R32,3,Pedro Martinez,Henrique Rocha,7-5 7-5,159,123,358,517
Estoril,ATP250,2026/7/21,Clay,R32,3,Pablo Carreno Busta,Vilius Gaubas,6-1 6-3,65,128,896,507
Estoril,ATP250,2026/7/21,Clay,R32,3,Gonzalo Bueno,Tiago Pereira,6-3 1-6 7-6,180,371,321,133
Estoril,ATP250,2026/7/21,Clay,R32,3,Timofey Skatov,Jesper De Jong,1-6 6-4 6-3,163,98,349,668
Estoril,ATP250,2026/7/21,Clay,R32,3,Nuno Borges,Orlando Luz,6-3 6-3,48,1072,995,15
Estoril,ATP250,2026/7/21,Clay,R32,3,Kyrian Jacquet,Daniel Merida Aguilar,1-6 6-1 7-5,134,59,489,925
Estoril,ATP250,2026/7/21,Clay,R32,3,Hugo Gaston,Damir Dzumhur,5-0 RET,109,87,602,719
Estoril,ATP250,2026/7/21,Clay,R32,3,Roman Andres Burruchaga,Stan Wawrinka,6-4 4-6 6-3,60,118,925,538
Estoril,ATP250,2026/7/21,Clay,R32,3,Jaime Faria,Botic Van De Zandschulp,6-3 6-4,88,55,718,969
Estoril,ATP250,2026/7/22,Clay,R16,3,Hugo Gaston,Titouan Droguet,6-0 6-3,109,114,602,570
Estoril,ATP250,2026/7/22,Clay,R16,3,Roman Andres Burruchaga,Nuno Borges,6-1 4-6 6-3,60,48,925,995
Estoril,ATP250,2026/7/22,Clay,R16,3,Tiago Torres,Alejandro Tabilo,6-4 6-4,427,30,109,1508
Estoril,ATP250,2026/7/22,Clay,R16,3,Alexander Blockx,Kyrian Jacquet,3-6 6-4 7-6,38,134,1218,489
Estoril,ATP250,2026/7/23,Clay,R16,3,Luca Van Assche,Pablo Carreno Busta,6-3 4-6 6-2,78,65,755,896
Estoril,ATP250,2026/7/23,Clay,R16,3,Jaime Faria,Gonzalo Bueno,6-2 6-4,88,180,718,321
Estoril,ATP250,2026/7/23,Clay,R16,3,Andrey Rublev,Timofey Skatov,6-1 6-1,14,163,2380,349
Estoril,ATP250,2026/7/23,Clay,R16,3,Luciano Darderi,Pedro Martinez,6-0 6-1,21,159,2125,358
Estoril,ATP250,2026/7/24,Clay,QF,3,Hugo Gaston,Tiago Torres,6-3 6-4,109,427,602,109
Estoril,ATP250,2026/7/24,Clay,QF,3,Luca Van Assche,Andrey Rublev,3-6 6-3 6-4,78,14,755,2380
Estoril,ATP250,2026/7/24,Clay,QF,3,Alexander Blockx,Roman Andres Burruchaga,6-4 5-7 6-4,38,60,1218,925
Estoril,ATP250,2026/7/24,Clay,QF,3,Luciano Darderi,Jaime Faria,2-6 7-5 6-2,21,88,2125,718
Estoril,ATP250,2026/7/25,Clay,SF,3,Luca Van Assche,Hugo Gaston,6-4 7-5,78,109,755,602
Estoril,ATP250,2026/7/25,Clay,SF,3,Alexander Blockx,Luciano Darderi,5-7 7-6 7-6,38,21,1218,2125
Estoril,ATP250,2026/7/26,Clay,F,3,Luca Van Assche,Alexander Blockx,6-4 4-6 7-5,78,38,755,1218
Kitzbuhel,ATP250,2026/7/20,Clay,R32,3,Mariano Navone,Alexandre Muller,6-4 6-0,47,133,1005,494
Kitzbuhel,ATP250,2026/7/20,Clay,R32,3,Yannick Hanfmann,Lukas Neumayer,7-6 6-4,52,172,974,334
Kitzbuhel,ATP250,2026/7/20,Clay,R32,3,Jurij Rodionov,Joel Schwaerzler,6-4 6-2,145,185,427,315
Kitzbuhel,ATP250,2026/7/20,Clay,R32,3,Facundo Diaz Acosta,Federico Cina,4-6 6-3 6-4,108,184,604,317
Kitzbuhel,ATP250,2026/7/20,Clay,R32,3,Ignacio Buse,Vit Kopriva,7-5 6-7 6-1,35,68,1312,881
Kitzbuhel,ATP250,2026/7/21,Clay,R32,3,Marco Trungelliti,Juan Manuel Cerundolo,6-2 6-1,95,50,678,989
Kitzbuhel,ATP250,2026/7/21,Clay,R32,3,Jan Lennard Struff,Alexander Shevchenko,3-6 7-6 6-4,41,84,1104,736
Kitzbuhel,ATP250,2026/7/21,Clay,R32,3,Sebastian Baez,Miomir Kecmanovic,6-3 3-6 6-4,56,58,950,930
Kitzbuhel,ATP250,2026/7/21,Clay,R32,3,Quentin Halys,Laslo Djere,7-6 6-4,83,221,743,255
Kitzbuhel,ATP250,2026/7/21,Clay,R32,3,Kilian Feldbausch,Adolfo Daniel Vallejo,7-6 6-1,284,63,191,918
Kitzbuhel,ATP250,2026/7/21,Clay,R32,3,Alex Molcan,Sebastian Ofner,6-4 6-4,81,124,747,515
Kitzbuhel,ATP250,2026/7/21,Clay,R32,3,Daniel Altmaier,Raphael Collignon,6-3 6-2,61,37,924,1234
Kitzbuhel,ATP250,2026/7/22,Clay,R16,3,Quentin Halys,Valentin Vacherot,6-3 6-4,83,19,743,2188
Kitzbuhel,ATP250,2026/7/22,Clay,R16,3,Sebastian Baez,Arthur Rinderknech,7-6 2-6 6-4,56,27,950,1723
Kitzbuhel,ATP250,2026/7/22,Clay,R16,3,Mariano Navone,Jan Lennard Struff,6-0 6-3,47,41,1005,1104
Kitzbuhel,ATP250,2026/7/22,Clay,R16,3,Yannick Hanfmann,Marco Trungelliti,6-4 7-6,52,95,974,678
Kitzbuhel,ATP250,2026/7/22,Clay,R16,3,Ignacio Buse,Kilian Feldbausch,2-6 6-2 6-2,35,284,1312,191
Kitzbuhel,ATP250,2026/7/22,Clay,R16,3,Tomas Martin Etcheverry,Jurij Rodionov,6-2 7-6,31,145,1460,427
Kitzbuhel,ATP250,2026/7/22,Clay,R16,3,Alex Molcan,Daniel Altmaier,6-3 3-6 7-5,81,61,747,924
Kitzbuhel,ATP250,2026/7/22,Clay,R16,3,Alexander Bublik,Facundo Diaz Acosta,6-3 7-5,11,108,2610,604
Kitzbuhel,ATP250,2026/7/23,Clay,QF,3,Quentin Halys,Mariano Navone,7-5 6-3,83,47,743,1005
Kitzbuhel,ATP250,2026/7/23,Clay,QF,3,Yannick Hanfmann,Sebastian Baez,6-3 6-1,52,56,974,950
Kitzbuhel,ATP250,2026/7/23,Clay,QF,3,Tomas Martin Etcheverry,Ignacio Buse,6-2 7-5,31,35,1460,1312
Kitzbuhel,ATP250,2026/7/23,Clay,QF,3,Alexander Bublik,Alex Molcan,6-3 6-2,11,81,2610,747
Kitzbuhel,ATP250,2026/7/24,Clay,SF,3,Quentin Halys,Yannick Hanfmann,6-4 7-6,83,52,743,974
Kitzbuhel,ATP250,2026/7/24,Clay,SF,3,Alexander Bublik,Tomas Martin Etcheverry,6-3 6-4,11,31,2610,1460
Kitzbuhel,ATP250,2026/7/25,Clay,F,3,Quentin Halys,Alexander Bublik,6-4 7-6,83,11,743,2610
Los Cabos,ATP250,2026/7/28,Hard,R32,3,Tristan Boyer,Gabriel Diallo,7-5 6-2,162,99,350,645
Los Cabos,ATP250,2026/7/28,Hard,R32,3,Bernard Tomic,Juan Alejandro Hernandez Serrano,6-1 6-0,171,498,339,89
Los Cabos,ATP250,2026/7/28,Hard,R32,3,Cameron Norrie,Aleksandar Kovacevic,6-4 6-1,39,95,1165,673
Los Cabos,ATP250,2026/7/28,Hard,R32,3,Coleman Wong,Darwin Blanch,6-3 6-4,108,226,588,249
Los Cabos,ATP250,2026/7/29,Hard,R32,3,Edward Winter,Moise Kouame,6-1 6-4,391,213,124,263
Los Cabos,ATP250,2026/7/29,Hard,R32,3,James Duckworth,Aidan Mayo,4-6 6-3 6-4,83,689,746,49
Los Cabos,ATP250,2026/7/29,Hard,R32,3,Rodrigo Pacheco Mendez,Sho Shimabukuro,6-7 7-5 6-2,320,94,163,677
Los Cabos,ATP250,2026/7/29,Hard,R32,3,Jenson Brooksby,Corentin Moutet,6-4 6-4,77,57,770,965
Los Cabos,ATP250,2026/7/29,Hard,R32,3,Arthur Gea,Soon Woo Kwon,6-4 6-7 6-2,127,158,502,360
Los Cabos,ATP250,2026/7/29,Hard,R32,3,Denis Shapovalov,Rinky Hijikata,2-6 6-3 6-2,68,93,890,677
Los Cabos,ATP250,2026/7/29,Hard,R32,3,Dalibor Svrcina,Adam Walton,6-7 7-6 6-3,116,96,554,670
Los Cabos,ATP250,2026/7/29,Hard,R32,3,Michael Zheng,Martin Landaluce,6-4 6-3,118,63,552,920
Los Cabos,ATP250,2026/7/30,Hard,R16,3,Francisco Cerundolo,Tristan Boyer,6-7 4-3 RET,20,162,2060,350
Los Cabos,ATP250,2026/7/30,Hard,R16,3,Jenson Brooksby,Edward Winter,6-3 6-4,77,391,770,124
Los Cabos,ATP250,2026/7/30,Hard,R16,3,Coleman Wong,Jiri Lehecka,1-6 6-3 6-4,108,12,588,2470
Los Cabos,ATP250,2026/7/30,Hard,R16,3,Arthur Gea,Michael Zheng,0-6 6-4 6-0,127,118,502,552
Los Cabos,ATP250,2026/7/30,Hard,R16,3,Denis Shapovalov,Rodrigo Pacheco Mendez,6-3 6-2,68,320,890,163
Los Cabos,ATP250,2026/7/30,Hard,R16,3,Bernard Tomic,Karen Khachanov,6-2 6-4,171,26,339,1780
Los Cabos,ATP250,2026/7/30,Hard,R16,3,Dalibor Svrcina,Luciano Darderi,3-0 RET,116,23,554,1975
Los Cabos,ATP250,2026/7/30,Hard,R16,3,Cameron Norrie,James Duckworth,6-4 6-4,39,83,1165,746
Los Cabos,ATP250,2026/7/31,Hard,QF,3,Arthur Gea,Francisco Cerundolo,6-7 6-4 6-0,127,20,502,2060
Los Cabos,ATP250,2026/7/31,Hard,QF,3,Coleman Wong,Jenson Brooksby,6-1 7-5,108,77,588,770
Los Cabos,ATP250,2026/7/31,Hard,QF,3,Denis Shapovalov,Dalibor Svrcina,6-4 6-2,68,116,890,554
Los Cabos,ATP250,2026/7/31,Hard,QF,3,Cameron Norrie,Bernard Tomic,6-1 6-0,39,171,1165,339
Los Cabos,ATP250,2026/8/1,Hard,SF,3,Arthur Gea,Coleman Wong,7-6 6-3,127,108,502,588
Los Cabos,ATP250,2026/8/1,Hard,SF,3,Denis Shapovalov,Cameron Norrie,6-3 5-7 6-4,68,39,890,1165
Los Cabos,ATP250,2026/8/2,Hard,F,3,Arthur Gea,Denis Shapovalov,6-3 6-4,127,68,502,890
Washington,ATP500,2026/7/27,Hard,R32,3,Alejandro Tabilo,Tallon Griekspoor,7-6 4-6 6-4,30,67,1558,895
Washington,ATP500,2026/7/27,Hard,R32,3,Lorenzo Musetti,Matteo Arnaldi,6-0 3-1 RET,15,35,2315,1349
Washington,ATP500,2026/7/27,Hard,R32,3,Taylor Fritz,Zizou Bergs,6-3 6-4,10,36,3300,1340
Washington,ATP500,2026/7/27,Hard,R32,3,Kei Nishikori,Juncheng Shang,6-7 6-3 6-4,721,270,45,205
Washington,ATP500,2026/7/27,Hard,R32,3,Aleksandar Vukic,Zachary Svajda,6-3 6-1,105,76,624,781
Washington,ATP500,2026/7/28,Hard,R32,3,Terence Atmane,Frances Tiafoe,4-6 6-3 6-4,56,19,967,2180
Washington,ATP500,2026/7/28,Hard,R32,3,Ugo Humbert,Andres Martin,6-2 7-5,29,404,1575,118
Washington,ATP500,2026/7/28,Hard,R32,3,Kamil Majchrzak,Tommy Paul,7-5 7-6,72,21,857,2025
Washington,ATP500,2026/7/28,Hard,R32,3,Alex Michelsen,Mackenzie Mcdonald,6-4 7-5,40,145,1165,422
Washington,ATP500,2026/7/28,Hard,R32,3,Rafael Jodar,Arthur Fils,7-6 6-3,24,22,1927,1990
Washington,ATP500,2026/7/28,Hard,R32,3,Adrian Mannarino,Learner Tien,7-5 6-4,47,16,1005,2245
Washington,ATP500,2026/7/28,Hard,R32,3,Cruz Hewitt,Marcos Giron,6-3 6-4,612,85,61,730
Washington,ATP500,2026/7/28,Hard,R32,3,Brandon Nakashima,Tomas Martin Etcheverry,6-3 6-4,33,31,1360,1510
Washington,ATP500,2026/7/28,Hard,R32,3,Ben Shelton,Martin Damm,6-4 4-6 6-4,8,104,3580,628
Washington,ATP500,2026/7/28,Hard,R32,3,Jakub Mensik,Trevor Svajda,6-2 6-7 6-3,17,436,2205,106
Washington,ATP500,2026/7/29,Hard,R32,3,Alex De Minaur,Stefanos Tsitsipas,6-4 3-6 6-3,6,51,3660,980
Washington,ATP500,2026/7/29,Hard,R16,3,Lorenzo Musetti,Aleksandar Vukic,6-3 5-7 6-3,15,105,2315,624
Washington,ATP500,2026/7/29,Hard,R16,3,Taylor Fritz,Kamil Majchrzak,6-3 6-4,10,72,3300,857
Washington,ATP500,2026/7/30,Hard,R16,3,Alex Michelsen,Adrian Mannarino,6-4 7-6,40,47,1165,1005
Washington,ATP500,2026/7/30,Hard,R16,3,Rafael Jodar,Kei Nishikori,6-3 6-2,24,721,1927,45
Washington,ATP500,2026/7/30,Hard,R16,3,Brandon Nakashima,Jakub Mensik,7-6 3-6 6-4,33,17,1360,2205
Washington,ATP500,2026/7/30,Hard,R16,3,Alex De Minaur,Cruz Hewitt,6-2 6-3,6,612,3660,61
Washington,ATP500,2026/7/30,Hard,R16,3,Alejandro Tabilo,Terence Atmane,6-3 7-6,30,56,1558,967
Washington,ATP500,2026/7/30,Hard,R16,3,Ben Shelton,Ugo Humbert,6-7 6-3 6-4,8,29,3580,1575
Washington,ATP500,2026/7/31,Hard,QF,3,Brandon Nakashima,Alex De Minaur,7-6 6-4,33,6,1360,3660
Washington,ATP500,2026/7/31,Hard,QF,3,Taylor Fritz,Alex Michelsen,6-1 3-6 7-6,10,40,3300,1165
Washington,ATP500,2026/7/31,Hard,QF,3,Rafael Jodar,Lorenzo Musetti,1-6 6-1 6-4,24,15,1927,2315
Washington,ATP500,2026/8/1,Hard,QF,3,Alejandro Tabilo,Ben Shelton,4-6 7-5 6-4,30,8,1558,3580
Washington,ATP500,2026/8/1,Hard,SF,3,Taylor Fritz,Brandon Nakashima,6-3 3-6 6-3,10,33,3300,1360
Washington,ATP500,2026/8/2,Hard,SF,3,Rafael Jodar,Alejandro Tabilo,6-7 6-4 6-4,24,30,1927,1558
Washington,ATP500,2026/8/3,Hard,F,3,Taylor Fritz,Rafael Jodar,7-6 6-4,10,24,3300,1927
