tourney_name,tourney_level,tourney_date,surface,round,best_of,winner_name,loser_name,score,winner_rank,loser_rank,winner_rank_points,loser_rank_points
Auckland,WTA250,2026/1/4,Hard,R32,3,Sara Bejlek,Panna Udvardy,7-5 6-1,93,87,792,819
Auckland,WTA250,2026/1/4,Hard,R32,3,Iva Jovic,Gabriela Andrea Knutson,4-6 6-1 6-0,35,182,1423,386
Auckland,WTA250,2026/1/5,Hard,R32,3,Sofia Costoulas,Whitney Osuigwe,6-4 3-6 6-1,159,152,440,455
Auckland,WTA250,2026/1/5,Hard,R32,3,Xinyu Wang,Caty Mcnally,2-6 6-3 7-5,57,83,1056,836
Auckland,WTA250,2026/1/5,Hard,R32,3,Kaitlin Quevedo,Peyton Stearns,6-2 7-5,141,64,509,982
Auckland,WTA250,2026/1/5,Hard,R32,3,Sinja Kraus,Julia Grabher,6-3 6-3,108,92,709,799
Auckland,WTA250,2026/1/5,Hard,R32,3,Francesca Jones,Emma Navarro,7-5 2-6 6-4,72,15,912,2515
Auckland,WTA250,2026/1/5,Hard,R32,3,Renata Zarazua,Sloane Stephens,7-5 4-6 6-2,77,1098,844,14
Auckland,WTA250,2026/1/5,Hard,R32,3,Petra Marcinko,Camila Osorio,6-4 0-6 7-6,82,76,837,860
Auckland,WTA250,2026/1/5,Hard,R32,3,Katie Boulter,Yuliia Starodubtseva,6-3 6-3,112,111,684,685
Auckland,WTA250,2026/1/6,Hard,R32,3,Ella Seidel,Monique Barry,6-2 6-1,84,726,833,52
Auckland,WTA250,2026/1/6,Hard,R32,3,Sonay Kartal,Janice Tjen,6-1 6-7 6-3,68,54,951,1075
Auckland,WTA250,2026/1/6,Hard,R32,3,Magda Linette,Venus Williams,6-4 4-6 6-2,52,582,1089,80
Auckland,WTA250,2026/1/6,Hard,R32,3,Elisabetta Cocciaretto,Alycia Parks,6-2 7-5,81,101,837,760
Auckland,WTA250,2026/1/6,Hard,R32,3,Elina Svitolina,Varvara Gracheva,6-3 6-1,13,75,2606,887
Auckland,WTA250,2026/1/6,Hard,R32,3,Alexandra Eala,Donna Vekic,4-6 6-4 6-4,53,69,1076,935
Auckland,WTA250,2026/1/6,Hard,R16,3,Iva Jovic,Sara Bejlek,7-6 6-4,35,93,1423,792
Auckland,WTA250,2026/1/7,Hard,R16,3,Francesca Jones,Sinja Kraus,1-6 6-4 6-1,72,108,912,709
Auckland,WTA250,2026/1/7,Hard,R16,3,Xinyu Wang,Renata Zarazua,7-5 6-4,57,77,1056,844
Auckland,WTA250,2026/1/7,Hard,R16,3,Sofia Costoulas,Kaitlin Quevedo,6-2 6-0,159,141,440,509
Auckland,WTA250,2026/1/8,Hard,R16,3,Alexandra Eala,Petra Marcinko,6-0 6-2,53,82,1076,837
Auckland,WTA250,2026/1/8,Hard,R16,3,Magda Linette,Elisabetta Cocciaretto,7-5 2-6 6-3,52,81,1089,837
Auckland,WTA250,2026/1/8,Hard,R16,3,Elina Svitolina,Katie Boulter,7-5 6-4,13,112,2606,684
Auckland,WTA250,2026/1/8,Hard,R16,3,Sonay Kartal,Ella Seidel,6-3 6-1,68,84,951,833
Auckland,WTA250,2026/1/8,Hard,QF,3,Xinyu Wang,Francesca Jones,6-4 4-3 RET,57,72,1056,912
Auckland,WTA250,2026/1/9,Hard,QF,3,Alexandra Eala,Magda Linette,6-3 6-2,53,52,1076,1089
Auckland,WTA250,2026/1/9,Hard,QF,3,Iva Jovic,Sofia Costoulas,6-2 7-6,35,159,1423,440
Auckland,WTA250,2026/1/9,Hard,QF,3,Elina Svitolina,Sonay Kartal,6-4 6-7 7-6,13,68,2606,951
Auckland,WTA250,2026/1/10,Hard,SF,3,Xinyu Wang,Alexandra Eala,5-7 7-5 6-4,57,53,1056,1076
Auckland,WTA250,2026/1/10,Hard,SF,3,Elina Svitolina,Iva Jovic,7-6 6-2,13,35,2606,1423
Auckland,WTA250,2026/1/11,Hard,F,3,Elina Svitolina,Xinyu Wang,6-3 7-6,13,57,2606,1056
Brisbane,WTA500,2026/1/4,Hard,R64,3,Ajla Tomljanovic,Elsa Jacquemot,6-1 6-3,78,56,844,1070
Brisbane,WTA500,2026/1/4,Hard,R64,3,Mccartney Kessler,Emiliana Arango,6-1 6-3,31,48,1553,1149
Brisbane,WTA500,2026/1/4,Hard,R64,3,Anastasia Potapova,Daria Kasatkina,7-5 4-6 6-4,55,40,1072,1275
Brisbane,WTA500,2026/1/4,Hard,R64,3,Sorana Cirstea,Anastasia Pavlyuchenkova,6-3 6-1,41,44,1243,1184
Brisbane,WTA500,2026/1/4,Hard,R64,3,Sofia Kenin,Elena Gabriela Ruse,6-4 4-6 6-3,28,85,1589,825
Brisbane,WTA500,2026/1/4,Hard,R64,3,Marie Bouzkova,Jaqueline Cristian,6-4 6-3,46,38,1182,1324
Brisbane,WTA500,2026/1/5,Hard,R64,3,Kimberly Birrell,Rebecca Sramkova,6-4 3-6 6-3,106,71,721,914
Brisbane,WTA500,2026/1/5,Hard,R64,3,Shuai Zhang,Ashlyn Krueger,6-4 5-7 6-4,79,49,843,1134
Brisbane,WTA500,2026/1/5,Hard,R64,3,Olivia Gadecki,Ann Li,6-4 6-4,204,37,350,1334
Brisbane,WTA500,2026/1/5,Hard,R64,3,Cristina Bucsa,Anna Bondar,4-6 7-6 6-2,50,73,1127,900
Brisbane,WTA500,2026/1/5,Hard,R64,3,Yulia Putintseva,Hailey Baptiste,6-2 6-4,74,65,891,979
Brisbane,WTA500,2026/1/5,Hard,R64,3,Aliaksandra Sasnovich,Anna Blinkova,7-5 6-1,113,61,672,1016
Brisbane,WTA500,2026/1/5,Hard,R64,3,Anna Kalinskaya,Tereza Valentova,6-4 6-4,33,60,1461,1035
Brisbane,WTA500,2026/1/5,Hard,R64,3,Dayana Yastremska,Talia Gibson,7-6 7-6,27,118,1604,634
Brisbane,WTA500,2026/1/5,Hard,R64,3,Magdalena Frech,Marketa Vondrousova,7-5 6-7 7-6,59,34,1051,1445
Brisbane,WTA500,2026/1/5,Hard,R64,3,Emerson Jones,Tatjana Maria,6-3 6-3,147,43,491,1229
Brisbane,WTA500,2026/1/6,Hard,R32,3,Madison Keys,Mccartney Kessler,6-4 6-3,7,31,4335,1553
Brisbane,WTA500,2026/1/6,Hard,R32,3,Diana Shnaider,Anastasia Potapova,6-1 6-3,21,55,1866,1072
Brisbane,WTA500,2026/1/6,Hard,R32,3,Aryna Sabalenka,Cristina Bucsa,6-0 6-1,1,50,10490,1127
Brisbane,WTA500,2026/1/6,Hard,R32,3,Ekaterina Alexandrova,Sofia Kenin,7-6 6-3,10,28,3375,1589
Brisbane,WTA500,2026/1/6,Hard,R32,3,Sorana Cirstea,Jelena Ostapenko,6-2 7-6,41,23,1243,1800
Brisbane,WTA500,2026/1/6,Hard,R32,3,Karolina Muchova,Ajla Tomljanovic,4-6 6-1 7-6,20,78,1888,844
Brisbane,WTA500,2026/1/6,Hard,R32,3,Elena Rybakina,Shuai Zhang,6-3 7-5,5,79,5850,843
Brisbane,WTA500,2026/1/6,Hard,R32,3,Paula Badosa,Marie Bouzkova,6-7 6-4 6-2,25,46,1675,1182
Brisbane,WTA500,2026/1/7,Hard,R32,3,Dayana Yastremska,Leylah Fernandez,6-1 6-2,27,22,1604,1821
Brisbane,WTA500,2026/1/7,Hard,R32,3,Jessica Pegula,Anna Kalinskaya,6-2 2-6 6-4,6,33,5583,1461
Brisbane,WTA500,2026/1/7,Hard,R32,3,Aliaksandra Sasnovich,Clara Tauson,6-2 6-3,113,14,672,2530
Brisbane,WTA500,2026/1/7,Hard,R32,3,Liudmila Samsonova,Emerson Jones,6-4 6-1,17,147,2209,491
Brisbane,WTA500,2026/1/7,Hard,R32,3,Linda Noskova,Magdalena Frech,6-7 6-4 6-4,12,59,2641,1051
Brisbane,WTA500,2026/1/7,Hard,R32,3,Mirra Andreeva,Olivia Gadecki,4-6 6-1 6-2,9,204,4125,350
Brisbane,WTA500,2026/1/7,Hard,R32,3,Marta Kostyuk,Yulia Putintseva,6-7 6-1 6-0,26,74,1659,891
Brisbane,WTA500,2026/1/7,Hard,R32,3,Amanda Anisimova,Kimberly Birrell,6-1 6-3,3,106,6287,721
Brisbane,WTA500,2026/1/8,Hard,R16,3,Aryna Sabalenka,Sorana Cirstea,6-3 6-3,1,41,10490,1243
Brisbane,WTA500,2026/1/8,Hard,R16,3,Elena Rybakina,Paula Badosa,6-3 6-2,5,25,5850,1675
Brisbane,WTA500,2026/1/8,Hard,R16,3,Karolina Muchova,Ekaterina Alexandrova,6-4 7-5,20,10,1888,3375
Brisbane,WTA500,2026/1/8,Hard,R16,3,Madison Keys,Diana Shnaider,6-7 7-6 7-6,7,21,4335,1866
Brisbane,WTA500,2026/1/8,Hard,R16,3,Liudmila Samsonova,Aliaksandra Sasnovich,6-4 6-4,17,113,2209,672
Brisbane,WTA500,2026/1/8,Hard,R16,3,Jessica Pegula,Dayana Yastremska,5-7 6-2 6-3,6,27,5583,1604
Brisbane,WTA500,2026/1/8,Hard,R16,3,Marta Kostyuk,Amanda Anisimova,6-4 6-3,26,3,1659,6287
Brisbane,WTA500,2026/1/8,Hard,R16,3,Mirra Andreeva,Linda Noskova,5-7 6-4 7-5,9,12,4125,2641
Brisbane,WTA500,2026/1/9,Hard,QF,3,Karolina Muchova,Elena Rybakina,6-2 2-6 6-4,20,5,1888,5850
Brisbane,WTA500,2026/1/9,Hard,QF,3,Aryna Sabalenka,Madison Keys,6-3 6-3,1,7,10490,4335
Brisbane,WTA500,2026/1/9,Hard,QF,3,Jessica Pegula,Liudmila Samsonova,6-3 7-6,6,17,5583,2209
Brisbane,WTA500,2026/1/9,Hard,QF,3,Marta Kostyuk,Mirra Andreeva,7-6 6-3,26,9,1659,4125
Brisbane,WTA500,2026/1/10,Hard,SF,3,Aryna Sabalenka,Karolina Muchova,6-3 6-4,1,20,10490,1888
Brisbane,WTA500,2026/1/10,Hard,SF,3,Marta Kostyuk,Jessica Pegula,6-0 6-3,26,6,1659,5583
Brisbane,WTA500,2026/1/11,Hard,F,3,Aryna Sabalenka,Marta Kostyuk,6-4 6-3,1,26,10490,1659
Adelaide,WTA500,2026/1/12,Hard,R32,3,Emma Navarro,Emerson Jones,6-3 6-3,15,155,2467,463
Adelaide,WTA500,2026/1/12,Hard,R32,3,Victoria Mboko,Beatriz Haddad Maia,5-7 6-3 6-2,17,59,2157,1052
Adelaide,WTA500,2026/1/12,Hard,R32,3,Ajla Tomljanovic,Clara Tauson,7-6 RET,76,14,851,2530
Adelaide,WTA500,2026/1/12,Hard,R32,3,Anna Kalinskaya,Elena Gabriela Ruse,6-0 6-3,33,79,1483,849
Adelaide,WTA500,2026/1/12,Hard,R32,3,Marie Bouzkova,Paula Badosa,3-6 6-3 6-4,45,26,1184,1675
Adelaide,WTA500,2026/1/12,Hard,R32,3,Jaqueline Cristian,Ekaterina Alexandrova,6-4 6-4,37,11,1324,3375
Adelaide,WTA500,2026/1/12,Hard,R32,3,Daria Kasatkina,Maria Sakkari,7-6 6-4,48,52,1168,1133
Adelaide,WTA500,2026/1/13,Hard,R32,3,Diana Shnaider,Leylah Fernandez,7-5 6-3,23,22,1818,1821
Adelaide,WTA500,2026/1/13,Hard,R32,3,Kimberly Birrell,Anastasia Potapova,6-4 6-4,107,54,726,1103
Adelaide,WTA500,2026/1/13,Hard,R32,3,Marketa Vondrousova,Liudmila Samsonova,6-1 4-6 6-2,34,18,1386,2122
Adelaide,WTA500,2026/1/13,Hard,R32,3,Maya Joint,Sofia Kenin,7-6 6-4,32,28,1490,1567
Adelaide,WTA500,2026/1/13,Hard,R32,3,Tereza Valentova,Jelena Ostapenko,7-5 3-2 RET,60,24,1036,1741
Adelaide,WTA500,2026/1/13,Hard,R32,3,Yulia Putintseva,Dalma Galfi,6-4 6-4,105,93,741,789
Adelaide,WTA500,2026/1/13,Hard,R32,3,Katerina Siniakova,Dayana Yastremska,6-0 6-1,46,27,1172,1610
Adelaide,WTA500,2026/1/13,Hard,R16,3,Victoria Mboko,Anna Kalinskaya,6-2 3-6 7-6,17,33,2157,1483
Adelaide,WTA500,2026/1/13,Hard,R16,3,Mirra Andreeva,Marie Bouzkova,6-3 6-1,8,45,4232,1184
Adelaide,WTA500,2026/1/14,Hard,R16,3,Kimberly Birrell,Marketa Vondrousova,W/O,107,34,726,1386
Adelaide,WTA500,2026/1/14,Hard,R16,3,Jaqueline Cristian,Daria Kasatkina,6-4 6-0,37,48,1324,1168
Adelaide,WTA500,2026/1/14,Hard,R16,3,Madison Keys,Tereza Valentova,6-4 6-1,9,60,4003,1036
Adelaide,WTA500,2026/1/14,Hard,R16,3,Diana Shnaider,Katerina Siniakova,6-1 2-6 7-5,23,46,1818,1172
Adelaide,WTA500,2026/1/14,Hard,R16,3,Emma Navarro,Yulia Putintseva,6-1 6-4,15,105,2467,741
Adelaide,WTA500,2026/1/14,Hard,R16,3,Maya Joint,Ajla Tomljanovic,0-2 RET,32,76,1490,851
Adelaide,WTA500,2026/1/15,Hard,QF,3,Kimberly Birrell,Jaqueline Cristian,5-7 6-1 7-5,107,37,726,1324
Adelaide,WTA500,2026/1/15,Hard,QF,3,Victoria Mboko,Madison Keys,6-4 4-6 6-2,17,9,2157,4003
Adelaide,WTA500,2026/1/15,Hard,QF,3,Diana Shnaider,Emma Navarro,6-3 6-3,23,15,1818,2467
Adelaide,WTA500,2026/1/15,Hard,QF,3,Mirra Andreeva,Maya Joint,6-2 6-0,8,32,4232,1490
Adelaide,WTA500,2026/1/16,Hard,SF,3,Victoria Mboko,Kimberly Birrell,6-2 6-1,17,107,2157,726
Adelaide,WTA500,2026/1/16,Hard,SF,3,Mirra Andreeva,Diana Shnaider,6-3 6-2,8,23,4232,1818
Adelaide,WTA500,2026/1/17,Hard,F,3,Mirra Andreeva,Victoria Mboko,6-3 6-1,8,17,4232,2157
Hobart,WTA250,2026/1/12,Hard,R32,3,Renata Zarazua,Hailey Baptiste,6-7 6-3 6-3,84,66,832,979
Hobart,WTA250,2026/1/12,Hard,R32,3,Taylah Preston,Jessica Bouzas Maneiro,6-4 7-6,204,40,354,1262
Hobart,WTA250,2026/1/12,Hard,R32,3,Ann Li,Katie Volynets,4-6 7-5 6-2,38,94,1316,783
Hobart,WTA250,2026/1/12,Hard,R32,3,Elisabetta Cocciaretto,Ayano Shimizu,6-3 6-4,80,425,849,137
Hobart,WTA250,2026/1/12,Hard,R32,3,Solana Sierra,Caty Mcnally,1-6 6-4 6-1,64,83,1001,836
Hobart,WTA250,2026/1/12,Hard,R32,3,Olga Danilovic,Mccartney Kessler,4-6 6-4 6-4,68,36,957,1335
Hobart,WTA250,2026/1/12,Hard,R32,3,Antonia Ruzic,Emiliana Arango,7-5 6-1,71,50,925,1149
Hobart,WTA250,2026/1/13,Hard,R32,3,Anna Bondar,Ella Seidel,6-0 6-1,75,78,877,850
Hobart,WTA250,2026/1/13,Hard,R32,3,Rebecca Sramkova,Varvara Gracheva,6-4 4-6 6-2,72,74,914,887
Hobart,WTA250,2026/1/13,Hard,R32,3,Peyton Stearns,Barbora Krejcikova,6-4 1-6 7-6,67,55,958,1080
Hobart,WTA250,2026/1/13,Hard,R32,3,Iva Jovic,Janice Tjen,6-0 6-1,30,56,1520,1075
Hobart,WTA250,2026/1/13,Hard,R32,3,Magdalena Frech,Elsa Jacquemot,6-4 6-0,57,58,1073,1070
Hobart,WTA250,2026/1/13,Hard,R32,3,Tatjana Maria,Venus Williams,6-4 6-3,42,576,1229,81
Hobart,WTA250,2026/1/13,Hard,R32,3,Xinyu Wang,Talia Gibson,6-2 6-3,43,119,1194,634
Hobart,WTA250,2026/1/14,Hard,R32,3,Magda Linette,Oksana Selekhmeteva,6-3 1-6 6-1,53,98,1113,766
Hobart,WTA250,2026/1/14,Hard,R32,3,Emma Raducanu,Camila Osorio,6-3 7-6,29,82,1563,840
Hobart,WTA250,2026/1/14,Hard,R16,3,Elisabetta Cocciaretto,Ann Li,1-6 7-5 7-5,80,38,849,1316
Hobart,WTA250,2026/1/14,Hard,R16,3,Taylah Preston,Rebecca Sramkova,6-4 6-1,204,72,354,914
Hobart,WTA250,2026/1/14,Hard,R16,3,Iva Jovic,Renata Zarazua,6-1 6-2,30,84,1520,832
Hobart,WTA250,2026/1/14,Hard,R16,3,Anna Bondar,Tatjana Maria,7-6 7-5,75,42,877,1229
Hobart,WTA250,2026/1/14,Hard,R16,3,Antonia Ruzic,Solana Sierra,7-5 6-4,71,64,925,1001
Hobart,WTA250,2026/1/14,Hard,R16,3,Magda Linette,Xinyu Wang,6-1 7-5,53,43,1113,1194
Hobart,WTA250,2026/1/14,Hard,R16,3,Olga Danilovic,Peyton Stearns,7-6 6-1,68,67,957,958
Hobart,WTA250,2026/1/14,Hard,R16,3,Emma Raducanu,Magdalena Frech,W/O,29,57,1563,1073
Hobart,WTA250,2026/1/15,Hard,QF,3,Elisabetta Cocciaretto,Anna Bondar,6-2 6-2,80,75,849,877
Hobart,WTA250,2026/1/15,Hard,QF,3,Taylah Preston,Emma Raducanu,6-2 6-4,204,29,354,1563
Hobart,WTA250,2026/1/15,Hard,QF,3,Antonia Ruzic,Olga Danilovic,6-3 6-3,71,68,925,957
Hobart,WTA250,2026/1/15,Hard,QF,3,Iva Jovic,Magda Linette,6-3 6-7 6-2,30,53,1520,1113
Hobart,WTA250,2026/1/16,Hard,SF,3,Elisabetta Cocciaretto,Antonia Ruzic,6-3 6-2,80,71,849,925
Hobart,WTA250,2026/1/16,Hard,SF,3,Iva Jovic,Taylah Preston,4-6 6-4 6-1,30,204,1520,354
Hobart,WTA250,2026/1/17,Hard,F,3,Elisabetta Cocciaretto,Iva Jovic,6-4 6-4,80,30,849,1520
Australian Open,Grand Slam,2026/1/18,Hard,R128,3,Yulia Putintseva,Beatriz Haddad Maia,3-6 7-5 6-3,94,61,799,1052
Australian Open,Grand Slam,2026/1/18,Hard,R128,3,Elena Gabriela Ruse,Dayana Yastremska,6-4 7-5,79,28,872,1610
Australian Open,Grand Slam,2026/1/18,Hard,R128,3,Talia Gibson,Anna Blinkova,6-1 6-3,119,64,634,1016
Australian Open,Grand Slam,2026/1/18,Hard,R128,3,Jasmine Paolini,Aliaksandra Sasnovich,6-1 6-2,8,104,4267,755
Australian Open,Grand Slam,2026/1/18,Hard,R128,3,Maria Sakkari,Leolia Jeanjean,6-4 6-2,53,103,1133,760
Australian Open,Grand Slam,2026/1/18,Hard,R128,3,Caty Mcnally,Himeno Sakatsume,6-3 6-1,85,140,836,514
Australian Open,Grand Slam,2026/1/18,Hard,R128,3,Elsa Jacquemot,Marta Kostyuk,6-7 7-6 7-6,60,20,1070,1983
Australian Open,Grand Slam,2026/1/18,Hard,R128,3,Elina Svitolina,Cristina Bucsa,6-4 6-1,12,52,2856,1134
Australian Open,Grand Slam,2026/1/18,Hard,R128,3,Hailey Baptiste,Taylor Townsend,6-3 6-7 6-3,70,116,979,652
Australian Open,Grand Slam,2026/1/18,Hard,R128,3,Zeynep Sonmez,Ekaterina Alexandrova,7-5 4-6 6-4,112,11,694,3375
Australian Open,Grand Slam,2026/1/18,Hard,R128,3,Polina Kudermetova,Guiomar Maristany Zuleta De Reales,6-2 6-3,150,185,490,386
Australian Open,Grand Slam,2026/1/18,Hard,R128,3,Aryna Sabalenka,Tiantsoa Sarah Rakotomanga Rajaonah,6-4 6-1,1,118,10990,640
Australian Open,Grand Slam,2026/1/18,Hard,R128,3,Anastasia Potapova,Suzan Lamens,3-6 7-5 6-2,55,97,1106,780
Australian Open,Grand Slam,2026/1/18,Hard,R128,3,Zhuoxuan Bai,Anastasia Pavlyuchenkova,6-4 2-6 7-6,702,47,55,1185
Australian Open,Grand Slam,2026/1/18,Hard,R128,3,Olga Danilovic,Venus Williams,6-7 6-3 6-4,69,578,981,82
Australian Open,Grand Slam,2026/1/18,Hard,R128,3,Emma Raducanu,Mananchaya Sawangkaew,6-4 6-1,29,197,1607,366
Australian Open,Grand Slam,2026/1/19,Hard,R128,3,Peyton Stearns,Sofia Kenin,6-3 6-2,68,30,987,1567
Australian Open,Grand Slam,2026/1/19,Hard,R128,3,Magdalena Frech,Veronika Erjavec,6-1 6-1,57,102,1093,765
Australian Open,Grand Slam,2026/1/19,Hard,R128,3,Mccartney Kessler,Emiliana Arango,6-3 6-2,37,51,1335,1149
Australian Open,Grand Slam,2026/1/19,Hard,R128,3,Magda Linette,Emma Navarro,3-6 6-3 6-3,50,15,1157,2515
Australian Open,Grand Slam,2026/1/19,Hard,R128,3,Storm Hunter,Jessica Bouzas Maneiro,6-4 6-4,367,40,169,1262
Australian Open,Grand Slam,2026/1/19,Hard,R128,3,Petra Marcinko,Tatjana Maria,6-3 7-5,81,42,854,1232
Australian Open,Grand Slam,2026/1/19,Hard,R128,3,Ann Li,Camila Osorio,6-4 6-7 7-5,38,84,1316,840
Australian Open,Grand Slam,2026/1/19,Hard,R128,3,Anna Bondar,Elizabeth Mandlik,6-0 6-4,74,182,913,387
Australian Open,Grand Slam,2026/1/19,Hard,R128,3,Coco Gauff,Kamilla Rakhimova,6-2 6-3,3,93,6423,802
Australian Open,Grand Slam,2026/1/19,Hard,R128,3,Priscilla Hon,Marina Stakusic,1-6 6-4 5-3 RET,121,127,620,565
Australian Open,Grand Slam,2026/1/19,Hard,R128,3,Linda Klimovicova,Francesca Jones,6-2 3-2 RET,134,71,538,951
Australian Open,Grand Slam,2026/1/19,Hard,R128,3,Jessica Pegula,Anastasia Zakharova,6-2 6-1,6,105,5453,742
Australian Open,Grand Slam,2026/1/19,Hard,R128,3,Clara Tauson,Dalma Galfi,6-3 6-3,14,91,2530,805
Australian Open,Grand Slam,2026/1/19,Hard,R128,3,Alycia Parks,Alexandra Eala,0-6 6-3 6-2,99,49,770,1159
Australian Open,Grand Slam,2026/1/19,Hard,R128,3,Karolina Muchova,Jaqueline Cristian,6-3 7-6,19,35,2083,1427
Australian Open,Grand Slam,2026/1/19,Hard,R128,3,Amanda Anisimova,Simona Waltert,6-3 6-2,4,87,6320,824
Australian Open,Grand Slam,2026/1/19,Hard,R128,3,Oksana Selekhmeteva,Ella Seidel,6-3 3-6 6-0,101,82,769,850
Australian Open,Grand Slam,2026/1/19,Hard,R128,3,Iva Jovic,Katie Volynets,6-2 6-3,27,96,1671,783
Australian Open,Grand Slam,2026/1/19,Hard,R128,3,Victoria Mboko,Emerson Jones,6-4 6-1,16,153,2447,464
Australian Open,Grand Slam,2026/1/19,Hard,R128,3,Linda Noskova,Darja Semenistaja,6-3 6-0,13,98,2641,779
Australian Open,Grand Slam,2026/1/19,Hard,R128,3,Ajla Tomljanovic,Yuliia Starodubtseva,4-6 7-6 6-1,78,110,881,701
Australian Open,Grand Slam,2026/1/19,Hard,R128,3,Paula Badosa,Zarina Diyas,6-2 6-4,26,290,1676,232
Australian Open,Grand Slam,2026/1/19,Hard,R128,3,Marie Bouzkova,Renata Zarazua,6-2 7-5,44,80,1225,855
Australian Open,Grand Slam,2026/1/19,Hard,R128,3,Diana Shnaider,Barbora Krejcikova,2-6 6-3 6-3,22,58,1953,1081
Australian Open,Grand Slam,2026/1/19,Hard,R128,3,Mirra Andreeva,Donna Vekic,4-6 6-3 6-0,7,72,4731,935
Australian Open,Grand Slam,2026/1/19,Hard,R128,3,Iga Swiatek,Yue Yuan,7-6 6-3,2,130,8328,552
Australian Open,Grand Slam,2026/1/19,Hard,R128,3,Moyuka Uchijima,Solana Sierra,6-3 6-1,88,63,822,1018
Australian Open,Grand Slam,2026/1/19,Hard,R128,3,Elise Mertens,Lanlana Tararudee,7-5 6-1,21,131,1956,549
Australian Open,Grand Slam,2026/1/20,Hard,R128,3,Katerina Siniakova,Panna Udvardy,6-1 6-2,45,90,1215,819
Australian Open,Grand Slam,2026/1/20,Hard,R128,3,Janice Tjen,Leylah Fernandez,6-2 7-6,59,23,1075,1821
Australian Open,Grand Slam,2026/1/20,Hard,R128,3,Taylah Preston,Shuai Zhang,6-3 2-6 6-3,161,75,443,899
Australian Open,Grand Slam,2026/1/20,Hard,R128,3,Varvara Gracheva,Viktorija Golubic,6-1 2-6 6-1,77,83,887,841
Australian Open,Grand Slam,2026/1/20,Hard,R128,3,Ashlyn Krueger,Sara Bejlek,6-3 6-3,62,89,1026,821
Australian Open,Grand Slam,2026/1/20,Hard,R128,3,Tereza Valentova,Maya Joint,6-4 6-4,54,31,1121,1549
Australian Open,Grand Slam,2026/1/20,Hard,R128,3,Madison Keys,Oleksandra Oliynykova,7-6 6-1,9,92,4111,804
Australian Open,Grand Slam,2026/1/20,Hard,R128,3,Xinyu Wang,Anhelina Kalinina,6-3 6-3,46,179,1197,393
Australian Open,Grand Slam,2026/1/20,Hard,R128,3,Julia Grabher,Elisabetta Cocciaretto,7-5 2-6 6-4,95,56,799,1099
Australian Open,Grand Slam,2026/1/20,Hard,R128,3,Karolina Pliskova,Sloane Stephens,7-6 6-2,1057,1102,16,14
Australian Open,Grand Slam,2026/1/20,Hard,R128,3,Linda Fruhvirtova,Lulu Sun,6-3 7-5,132,86,548,825
Australian Open,Grand Slam,2026/1/20,Hard,R128,3,Anna Kalinskaya,Sonay Kartal,7-6 6-1,33,66,1511,1004
Australian Open,Grand Slam,2026/1/20,Hard,R128,3,Elena Rybakina,Kaja Juvan,6-4 6-3,5,100,5850,770
Australian Open,Grand Slam,2026/1/20,Hard,R128,3,Sorana Cirstea,Eva Lys,3-6 6-4 6-3,41,39,1249,1303
Australian Open,Grand Slam,2026/1/20,Hard,R128,3,Jelena Ostapenko,Rebecca Sramkova,6-4 6-4,24,73,1741,914
Australian Open,Grand Slam,2026/1/20,Hard,R128,3,Laura Siegemund,Liudmila Samsonova,0-6 7-5 6-4,48,18,1171,2122
Australian Open,Grand Slam,2026/1/20,Hard,R128,3,Belinda Bencic,Katie Boulter,6-0 7-5,10,113,3512,684
Australian Open,Grand Slam,2026/1/20,Hard,R128,3,Naomi Osaka,Antonia Ruzic,6-3 3-6 6-4,17,65,2366,1008
Australian Open,Grand Slam,2026/1/20,Hard,R128,3,Maddison Inglis,Kimberly Birrell,7-6 6-7 6-4,168,76,418,892
Australian Open,Grand Slam,2026/1/20,Hard,R128,3,Nikola Bartunkova,Daria Kasatkina,7-6 0-6 6-3,126,43,582,1227
Australian Open,Grand Slam,2026/1/21,Hard,R64,3,Diana Shnaider,Talia Gibson,3-6 7-5 6-3,22,119,1953,634
Australian Open,Grand Slam,2026/1/21,Hard,R64,3,Zeynep Sonmez,Anna Bondar,6-2 6-4,112,74,694,913
Australian Open,Grand Slam,2026/1/21,Hard,R64,3,Elina Svitolina,Linda Klimovicova,7-5 6-1,12,134,2856,538
Australian Open,Grand Slam,2026/1/21,Hard,R64,3,Aryna Sabalenka,Zhuoxuan Bai,6-3 6-1,1,702,10990,55
Australian Open,Grand Slam,2026/1/21,Hard,R64,3,Yulia Putintseva,Elsa Jacquemot,6-1 6-2,94,60,799,1070
Australian Open,Grand Slam,2026/1/21,Hard,R64,3,Hailey Baptiste,Storm Hunter,6-2 6-1,70,367,979,169
Australian Open,Grand Slam,2026/1/21,Hard,R64,3,Victoria Mboko,Caty Mcnally,6-4 6-3,16,85,2447,836
Australian Open,Grand Slam,2026/1/21,Hard,R64,3,Clara Tauson,Polina Kudermetova,6-3 3-6 7-5,14,150,2530,490
Australian Open,Grand Slam,2026/1/21,Hard,R64,3,Anastasia Potapova,Emma Raducanu,7-6 6-2,55,29,1106,1607
Australian Open,Grand Slam,2026/1/21,Hard,R64,3,Coco Gauff,Olga Danilovic,6-2 6-2,3,69,6423,981
Australian Open,Grand Slam,2026/1/21,Hard,R64,3,Elena Gabriela Ruse,Ajla Tomljanovic,6-4 6-4,79,78,872,881
Australian Open,Grand Slam,2026/1/21,Hard,R64,3,Magda Linette,Ann Li,6-3 6-3,50,38,1157,1316
Australian Open,Grand Slam,2026/1/21,Hard,R64,3,Karolina Muchova,Alycia Parks,4-6 6-4 6-4,19,99,2083,770
Australian Open,Grand Slam,2026/1/21,Hard,R64,3,Mirra Andreeva,Maria Sakkari,6-0 6-4,7,53,4731,1133
Australian Open,Grand Slam,2026/1/21,Hard,R64,3,Jasmine Paolini,Magdalena Frech,6-2 6-3,8,57,4267,1093
Australian Open,Grand Slam,2026/1/21,Hard,R64,3,Iva Jovic,Priscilla Hon,6-1 6-2,27,121,1671,620
Australian Open,Grand Slam,2026/1/22,Hard,R64,3,Madison Keys,Ashlyn Krueger,6-1 7-5,9,62,4111,1026
Australian Open,Grand Slam,2026/1/22,Hard,R64,3,Oksana Selekhmeteva,Paula Badosa,6-4 6-4,101,26,769,1676
Australian Open,Grand Slam,2026/1/22,Hard,R64,3,Jessica Pegula,Mccartney Kessler,6-0 6-2,6,37,5453,1335
Australian Open,Grand Slam,2026/1/22,Hard,R64,3,Karolina Pliskova,Janice Tjen,6-4 6-4,1057,59,16,1075
Australian Open,Grand Slam,2026/1/22,Hard,R64,3,Anna Kalinskaya,Julia Grabher,6-3 6-3,33,95,1511,799
Australian Open,Grand Slam,2026/1/22,Hard,R64,3,Maddison Inglis,Laura Siegemund,6-4 6-7 7-6,168,48,418,1171
Australian Open,Grand Slam,2026/1/22,Hard,R64,3,Xinyu Wang,Jelena Ostapenko,4-6 6-4 6-4,46,24,1197,1741
Australian Open,Grand Slam,2026/1/22,Hard,R64,3,Linda Noskova,Taylah Preston,6-2 4-6 6-2,13,161,2641,443
Australian Open,Grand Slam,2026/1/22,Hard,R64,3,Peyton Stearns,Petra Marcinko,6-2 7-5,68,81,987,854
Australian Open,Grand Slam,2026/1/22,Hard,R64,3,Amanda Anisimova,Katerina Siniakova,6-1 6-4,4,45,6320,1215
Australian Open,Grand Slam,2026/1/22,Hard,R64,3,Elise Mertens,Moyuka Uchijima,6-3 6-1,21,88,1956,822
Australian Open,Grand Slam,2026/1/22,Hard,R64,3,Tereza Valentova,Linda Fruhvirtova,7-5 2-6 6-3,54,132,1121,548
Australian Open,Grand Slam,2026/1/22,Hard,R64,3,Iga Swiatek,Marie Bouzkova,6-2 6-3,2,44,8328,1225
Australian Open,Grand Slam,2026/1/22,Hard,R64,3,Naomi Osaka,Sorana Cirstea,6-3 4-6 6-2,17,41,2366,1249
Australian Open,Grand Slam,2026/1/22,Hard,R64,3,Nikola Bartunkova,Belinda Bencic,6-3 0-6 6-4,126,10,582,3512
Australian Open,Grand Slam,2026/1/22,Hard,R64,3,Elena Rybakina,Varvara Gracheva,7-5 6-2,5,77,5850,887
Australian Open,Grand Slam,2026/1/23,Hard,R32,3,Victoria Mboko,Clara Tauson,7-6 5-7 6-3,16,14,2447,2530
Australian Open,Grand Slam,2026/1/23,Hard,R32,3,Aryna Sabalenka,Anastasia Potapova,7-6 7-6,1,55,10990,1106
Australian Open,Grand Slam,2026/1/23,Hard,R32,3,Yulia Putintseva,Zeynep Sonmez,6-3 6-7 6-3,94,112,799,694
Australian Open,Grand Slam,2026/1/23,Hard,R32,3,Coco Gauff,Hailey Baptiste,3-6 6-0 6-3,3,70,6423,979
Australian Open,Grand Slam,2026/1/23,Hard,R32,3,Karolina Muchova,Magda Linette,6-1 6-1,19,50,2083,1157
Australian Open,Grand Slam,2026/1/23,Hard,R32,3,Iva Jovic,Jasmine Paolini,6-2 7-6,27,8,1671,4267
Australian Open,Grand Slam,2026/1/23,Hard,R32,3,Elina Svitolina,Diana Shnaider,7-6 6-3,12,22,2856,1953
Australian Open,Grand Slam,2026/1/23,Hard,R32,3,Mirra Andreeva,Elena Gabriela Ruse,6-3 6-4,7,79,4731,872
Australian Open,Grand Slam,2026/1/23,Hard,R32,3,Jessica Pegula,Oksana Selekhmeteva,6-3 6-2,6,101,5453,769
Australian Open,Grand Slam,2026/1/23,Hard,R32,3,Madison Keys,Karolina Pliskova,6-3 6-3,9,1057,4111,16
Australian Open,Grand Slam,2026/1/24,Hard,R32,3,Amanda Anisimova,Peyton Stearns,6-1 6-4,4,68,6320,987
Australian Open,Grand Slam,2026/1/24,Hard,R32,3,Xinyu Wang,Linda Noskova,7-5 6-4,46,13,1197,2641
Australian Open,Grand Slam,2026/1/24,Hard,R32,3,Elise Mertens,Nikola Bartunkova,6-0 6-4,21,126,1956,582
Australian Open,Grand Slam,2026/1/24,Hard,R32,3,Iga Swiatek,Anna Kalinskaya,6-1 1-6 6-1,2,33,8328,1511
Australian Open,Grand Slam,2026/1/24,Hard,R32,3,Maddison Inglis,Naomi Osaka,W/O,168,17,418,2366
Australian Open,Grand Slam,2026/1/24,Hard,R32,3,Elena Rybakina,Tereza Valentova,6-2 6-3,5,54,5850,1121
Australian Open,Grand Slam,2026/1/25,Hard,R16,3,Aryna Sabalenka,Victoria Mboko,6-1 7-6,1,16,10990,2447
Australian Open,Grand Slam,2026/1/25,Hard,R16,3,Iva Jovic,Yulia Putintseva,6-0 6-1,27,94,1671,799
Australian Open,Grand Slam,2026/1/25,Hard,R16,3,Coco Gauff,Karolina Muchova,6-1 3-6 6-3,3,19,6423,2083
Australian Open,Grand Slam,2026/1/25,Hard,R16,3,Elina Svitolina,Mirra Andreeva,6-2 6-4,12,7,2856,4731
Australian Open,Grand Slam,2026/1/26,Hard,R16,3,Jessica Pegula,Madison Keys,6-3 6-4,6,9,5453,4111
Australian Open,Grand Slam,2026/1/26,Hard,R16,3,Amanda Anisimova,Xinyu Wang,7-6 6-4,4,46,6320,1197
Australian Open,Grand Slam,2026/1/26,Hard,R16,3,Elena Rybakina,Elise Mertens,6-1 6-3,5,21,5850,1956
Australian Open,Grand Slam,2026/1/26,Hard,R16,3,Iga Swiatek,Maddison Inglis,6-0 6-3,2,168,8328,418
Australian Open,Grand Slam,2026/1/27,Hard,QF,3,Aryna Sabalenka,Iva Jovic,6-3 6-0,1,27,10990,1671
Australian Open,Grand Slam,2026/1/27,Hard,QF,3,Elina Svitolina,Coco Gauff,6-1 6-2,12,3,2856,6423
Australian Open,Grand Slam,2026/1/28,Hard,QF,3,Elena Rybakina,Iga Swiatek,7-5 6-1,5,2,5850,8328
Australian Open,Grand Slam,2026/1/28,Hard,QF,3,Jessica Pegula,Amanda Anisimova,6-2 7-6,6,4,5453,6320
Australian Open,Grand Slam,2026/1/29,Hard,SF,3,Aryna Sabalenka,Elina Svitolina,6-2 6-3,1,12,10990,2856
Australian Open,Grand Slam,2026/1/29,Hard,SF,3,Elena Rybakina,Jessica Pegula,6-3 7-6,5,6,5850,5453
Australian Open,Grand Slam,2026/1/31,Hard,F,3,Elena Rybakina,Aryna Sabalenka,6-4 4-6 6-4,5,1,5850,10990
Abu Dhabi,WTA500,2026/2/1,Hard,R32,3,Liudmila Samsonova,Sofia Kenin,6-4 6-0,18,28,2062,1567
Abu Dhabi,WTA500,2026/2/1,Hard,R32,3,Mccartney Kessler,Anastasia Pavlyuchenkova,6-3 6-3,32,100,1395,765
Abu Dhabi,WTA500,2026/2/1,Hard,R32,3,Leylah Fernandez,Chloe Paquet,6-0 6-3,25,220,1701,323
Abu Dhabi,WTA500,2026/2/1,Hard,R32,3,Hailey Baptiste,Teodora Kostovic,4-6 6-3 6-4,56,171,1071,416
Abu Dhabi,WTA500,2026/2/2,Hard,R32,3,Sara Bejlek,Ashlyn Krueger,6-3 6-0,101,55,753,1086
Abu Dhabi,WTA500,2026/2/2,Hard,R32,3,Aliaksandra Sasnovich,Paula Badosa,6-4 3-6 6-1,109,65,710,966
Abu Dhabi,WTA500,2026/2/2,Hard,R32,3,Sonay Kartal,Cristina Bucsa,6-3 7-6,61,57,1004,1069
Abu Dhabi,WTA500,2026/2/2,Hard,R32,3,Simona Waltert,Daria Kasatkina,7-6 3-6 6-4,94,62,786,997
Abu Dhabi,WTA500,2026/2/2,Hard,R32,3,Janice Tjen,Maya Joint,7-6 3-6 6-3,47,29,1139,1549
Abu Dhabi,WTA500,2026/2/2,Hard,R32,3,Dayana Yastremska,Beatriz Haddad Maia,6-2 7-5,43,68,1175,932
Abu Dhabi,WTA500,2026/2/2,Hard,R32,3,Jelena Ostapenko,Oksana Selekhmeteva,5-7 7-6 6-2,24,76,1801,868
Abu Dhabi,WTA500,2026/2/2,Hard,R32,3,Alexandra Eala,Zeynep Sonmez,6-4 6-3,45,79,1163,854
Abu Dhabi,WTA500,2026/2/3,Hard,R16,3,Liudmila Samsonova,Janice Tjen,6-2 6-2,18,47,2062,1139
Abu Dhabi,WTA500,2026/2/3,Hard,R16,3,Mccartney Kessler,Leylah Fernandez,6-3 6-2,32,25,1395,1701
Abu Dhabi,WTA500,2026/2/3,Hard,R16,3,Hailey Baptiste,Emma Navarro,7-6 0-6 6-3,56,17,1071,2095
Abu Dhabi,WTA500,2026/2/3,Hard,R16,3,Clara Tauson,Simona Waltert,6-3 6-1,16,94,2345,786
Abu Dhabi,WTA500,2026/2/4,Hard,R16,3,Ekaterina Alexandrova,Dayana Yastremska,6-3 6-0,11,43,2983,1175
Abu Dhabi,WTA500,2026/2/4,Hard,R16,3,Sara Bejlek,Jelena Ostapenko,6-4 6-3,101,24,753,1801
Abu Dhabi,WTA500,2026/2/4,Hard,R16,3,Sonay Kartal,Renata Zarazua,6-0 6-3,61,92,1004,804
Abu Dhabi,WTA500,2026/2/4,Hard,R16,3,Alexandra Eala,Aliaksandra Sasnovich,2-6 6-4 7-6,45,109,1163,710
Abu Dhabi,WTA500,2026/2/5,Hard,QF,3,Clara Tauson,Mccartney Kessler,6-3 6-4,16,32,2345,1395
Abu Dhabi,WTA500,2026/2/5,Hard,QF,3,Sara Bejlek,Sonay Kartal,6-0 6-2,101,61,753,1004
Abu Dhabi,WTA500,2026/2/5,Hard,QF,3,Ekaterina Alexandrova,Alexandra Eala,6-3 6-3,11,45,2983,1163
Abu Dhabi,WTA500,2026/2/5,Hard,QF,3,Hailey Baptiste,Liudmila Samsonova,6-2 4-6 6-4,56,18,1071,2062
Abu Dhabi,WTA500,2026/2/6,Hard,SF,3,Ekaterina Alexandrova,Hailey Baptiste,3-6 7-6 6-3,11,56,2983,1071
Abu Dhabi,WTA500,2026/2/6,Hard,SF,3,Sara Bejlek,Clara Tauson,7-5 3-6 7-5,101,16,753,2345
Abu Dhabi,WTA500,2026/2/7,Hard,F,3,Sara Bejlek,Ekaterina Alexandrova,7-6 6-1,101,11,753,2983
Cluj-Napoca,WTA250,2026/2/1,Hard,R32,3,Yue Yuan,Antonia Ruzic,6-4 5-7 6-2,130,67,582,933
Cluj-Napoca,WTA250,2026/2/1,Hard,R32,3,Sara Sorribes Tormo,Viktoriya Tomova,6-2 7-5,478,143,113,518
Cluj-Napoca,WTA250,2026/2/1,Hard,R32,3,Anna Bondar,Ella Seidel,4-6 7-6 6-0,64,83,973,837
Cluj-Napoca,WTA250,2026/2/1,Hard,R32,3,Oleksandra Oliynykova,Mayar Sherif,6-7 6-4 6-4,91,106,805,720
Cluj-Napoca,WTA250,2026/2/2,Hard,R32,3,Kaja Juvan,Elena Ruxandra Bertea,6-3 6-4,97,295,778,215
Cluj-Napoca,WTA250,2026/2/2,Hard,R32,3,Anastasia Zakharova,Karolina Pliskova,4-6 6-2 6-2,107,416,719,146
Cluj-Napoca,WTA250,2026/2/2,Hard,R32,3,Tamara Zidansek,Veronika Erjavec,6-1 6-4,153,103,467,735
Cluj-Napoca,WTA250,2026/2/2,Hard,R32,3,Olga Danilovic,Miriam Bianca Bulgaru,6-4 6-3,88,206,811,346
Cluj-Napoca,WTA250,2026/2/2,Hard,R32,3,Maja Chwalinska,Ana Bogdan,6-3 6-2,146,538,493,97
Cluj-Napoca,WTA250,2026/2/2,Hard,R32,3,Emma Raducanu,Greet Minnen,6-0 6-4,30,125,1547,599
Cluj-Napoca,WTA250,2026/2/2,Hard,R32,3,Sorana Cirstea,Kamilla Rakhimova,6-4 6-4,36,93,1303,802
Cluj-Napoca,WTA250,2026/2/3,Hard,R32,3,Anastasia Potapova,Lucia Bronzetti,5-7 6-4 7-5,58,110,1068,688
Cluj-Napoca,WTA250,2026/2/3,Hard,R32,3,Xinyu Wang,Kaitlin Quevedo,6-3 6-0,33,134,1356,553
Cluj-Napoca,WTA250,2026/2/3,Hard,R32,3,Rebeka Masarova,Elena Gabriela Ruse,6-1 4-6 6-2,114,72,649,892
Cluj-Napoca,WTA250,2026/2/3,Hard,R32,3,Daria Snigur,Tiantsoa Sarah Rakotomanga Rajaonah,6-3 6-3,144,116,516,649
Cluj-Napoca,WTA250,2026/2/3,Hard,R32,3,Jaqueline Cristian,Lucrezia Stefanini,6-2 2-6 7-5,35,140,1307,527
Cluj-Napoca,WTA250,2026/2/3,Hard,R16,3,Oleksandra Oliynykova,Anna Bondar,6-4 6-4,91,64,805,973
Cluj-Napoca,WTA250,2026/2/3,Hard,R16,3,Yue Yuan,Sara Sorribes Tormo,4-6 6-2 7-6,130,478,582,113
Cluj-Napoca,WTA250,2026/2/4,Hard,R16,3,Xinyu Wang,Rebeka Masarova,6-4 6-2,33,114,1356,649
Cluj-Napoca,WTA250,2026/2/4,Hard,R16,3,Anastasia Potapova,Anastasia Zakharova,1-6 6-4 6-3,58,107,1068,719
Cluj-Napoca,WTA250,2026/2/4,Hard,R16,3,Maja Chwalinska,Olga Danilovic,6-1 1-6 6-2,146,88,493,811
Cluj-Napoca,WTA250,2026/2/4,Hard,R16,3,Daria Snigur,Jaqueline Cristian,6-1 6-0,144,35,516,1307
Cluj-Napoca,WTA250,2026/2/4,Hard,R16,3,Sorana Cirstea,Tamara Zidansek,6-1 6-0,36,153,1303,467
Cluj-Napoca,WTA250,2026/2/4,Hard,R16,3,Emma Raducanu,Kaja Juvan,7-5 6-1,30,97,1547,778
Cluj-Napoca,WTA250,2026/2/5,Hard,QF,3,Oleksandra Oliynykova,Xinyu Wang,6-4 6-4,91,33,805,1356
Cluj-Napoca,WTA250,2026/2/5,Hard,QF,3,Emma Raducanu,Maja Chwalinska,6-0 6-4,30,146,1547,493
Cluj-Napoca,WTA250,2026/2/5,Hard,QF,3,Sorana Cirstea,Anastasia Potapova,7-5 6-4,36,58,1303,1068
Cluj-Napoca,WTA250,2026/2/5,Hard,QF,3,Daria Snigur,Yue Yuan,4-6 6-0 7-5,144,130,516,582
Cluj-Napoca,WTA250,2026/2/6,Hard,SF,3,Emma Raducanu,Oleksandra Oliynykova,7-5 3-6 6-3,30,91,1547,805
Cluj-Napoca,WTA250,2026/2/6,Hard,SF,3,Sorana Cirstea,Daria Snigur,6-0 6-3,36,144,1303,516
Cluj-Napoca,WTA250,2026/2/7,Hard,F,3,Sorana Cirstea,Emma Raducanu,6-0 6-2,36,30,1303,1547
Ostrava,WTA250,2026/2/1,Hard,R32,3,Elina Avanesyan,Moyuka Uchijima,6-3 2-6 6-3,169,87,421,822
Ostrava,WTA250,2026/2/1,Hard,R32,3,Katie Volynets,Linda Klimovicova,6-2 6-1,96,131,783,569
Ostrava,WTA250,2026/2/1,Hard,R32,3,Tereza Martincova,Dalma Galfi,2-6 6-3 7-5,459,90,120,806
Ostrava,WTA250,2026/2/1,Hard,R32,3,Panna Udvardy,Darja Vidmanova,7-5 6-3,98,137,771,536
Ostrava,WTA250,2026/2/1,Hard,R32,3,Caty Mcnally,Suzan Lamens,6-3 7-5,71,105,896,720
Ostrava,WTA250,2026/2/2,Hard,R32,3,Diane Parry,Oceane Dodin,6-1 6-4,119,686,627,59
Ostrava,WTA250,2026/2/2,Hard,R32,3,Alycia Parks,Julia Grabher,7-6 6-2,85,78,830,859
Ostrava,WTA250,2026/2/2,Hard,R32,3,Tamara Korpatsch,Anna Siskova,6-4 6-4,124,255,600,274
Ostrava,WTA250,2026/2/2,Hard,R32,3,Fiona Ferro,Brenda Fruhvirtova,6-1 6-1,281,1311,240,7
Ostrava,WTA250,2026/2/2,Hard,R32,3,Nikola Bartunkova,Anna Blinkova,6-4 6-4,108,75,712,868
Ostrava,WTA250,2026/2/2,Hard,R32,3,Linda Fruhvirtova,Mona Barthel,7-6 6-4,121,215,618,333
Ostrava,WTA250,2026/2/3,Hard,R32,3,Rebecca Sramkova,Vendula Valdmannova,6-2 6-3,81,300,848,210
Ostrava,WTA250,2026/2/3,Hard,R32,3,Katie Boulter,Lucie Havlickova,6-4 3-6 6-1,120,276,624,244
Ostrava,WTA250,2026/2/3,Hard,R32,3,Viktorija Golubic,Sinja Kraus,6-4 6-0,89,104,810,727
Ostrava,WTA250,2026/2/3,Hard,R16,3,Katie Volynets,Tatjana Maria,7-5 6-1,96,54,783,1089
Ostrava,WTA250,2026/2/3,Hard,R16,3,Caty Mcnally,Tereza Martincova,6-4 6-4,71,459,896,120
Ostrava,WTA250,2026/2/3,Hard,R16,3,Alycia Parks,Elina Avanesyan,6-4 6-2,85,169,830,421
Ostrava,WTA250,2026/2/4,Hard,R16,3,Tamara Korpatsch,Emiliana Arango,6-3 6-4,124,46,600,1142
Ostrava,WTA250,2026/2/4,Hard,R16,3,Katie Boulter,Viktorija Golubic,6-2 6-2,120,89,624,810
Ostrava,WTA250,2026/2/4,Hard,R16,3,Linda Fruhvirtova,Rebecca Sramkova,6-3 6-1,121,81,618,848
Ostrava,WTA250,2026/2/4,Hard,R16,3,Nikola Bartunkova,Fiona Ferro,6-4 3-6 6-1,108,281,712,240
Ostrava,WTA250,2026/2/4,Hard,R16,3,Diane Parry,Panna Udvardy,6-1 6-2,119,98,627,771
Ostrava,WTA250,2026/2/5,Hard,QF,3,Katie Volynets,Alycia Parks,5-7 6-4 6-2,96,85,783,830
Ostrava,WTA250,2026/2/5,Hard,QF,3,Katie Boulter,Linda Fruhvirtova,6-3 6-2,120,121,624,618
Ostrava,WTA250,2026/2/5,Hard,QF,3,Diane Parry,Nikola Bartunkova,6-1 6-3,119,108,627,712
Ostrava,WTA250,2026/2/5,Hard,QF,3,Tamara Korpatsch,Caty Mcnally,6-4 6-2,124,71,600,896
Ostrava,WTA250,2026/2/6,Hard,SF,3,Katie Boulter,Katie Volynets,6-1 6-3,120,96,624,783
Ostrava,WTA250,2026/2/6,Hard,SF,3,Tamara Korpatsch,Diane Parry,6-4 6-4,124,119,600,627
Ostrava,WTA250,2026/2/7,Hard,F,3,Katie Boulter,Tamara Korpatsch,5-7 6-2 6-1,120,124,624,600
Doha,WTA1000,2026/2/8,Hard,R64,3,Magdalena Frech,Liudmila Samsonova,6-3 4-6 7-6,59,17,1033,2116
Doha,WTA1000,2026/2/8,Hard,R64,3,Vera Zvonareva,Peyton Stearns,2-6 6-2 6-3,580,55,83,1078
Doha,WTA1000,2026/2/8,Hard,R64,3,Varvara Gracheva,Laura Siegemund,7-6 6-4,73,51,887,1111
Doha,WTA1000,2026/2/8,Hard,R64,3,Elise Mertens,Anastasia Pavlyuchenkova,6-2 6-1,22,110,1936,706
Doha,WTA1000,2026/2/8,Hard,R64,3,Alycia Parks,Diana Shnaider,1-6 6-4 7-6,77,21,872,1953
Doha,WTA1000,2026/2/8,Hard,R64,3,Elisabetta Cocciaretto,Elsa Jacquemot,7-6 6-2,57,60,1063,1031
Doha,WTA1000,2026/2/8,Hard,R64,3,Ann Li,Leylah Fernandez,6-4 6-3,41,27,1243,1653
Doha,WTA1000,2026/2/8,Hard,R64,3,Magda Linette,Sonay Kartal,6-4 3-6 6-3,47,50,1179,1112
Doha,WTA1000,2026/2/8,Hard,R64,3,Victoria Mboko,Marie Bouzkova,7-5 6-2,13,37,2606,1285
Doha,WTA1000,2026/2/8,Hard,R64,3,Karolina Pliskova,Solana Sierra,6-1 6-2,418,62,147,987
Doha,WTA1000,2026/2/8,Hard,R64,3,Daria Kasatkina,Moyuka Uchijima,4-6 6-3 6-0,61,88,997,810
Doha,WTA1000,2026/2/8,Hard,R64,3,Karolina Muchova,Jaqueline Cristian,6-2 6-3,19,36,2058,1307
Doha,WTA1000,2026/2/9,Hard,R64,3,Linda Noskova,Maya Joint,6-4 6-0,12,30,2626,1549
Doha,WTA1000,2026/2/9,Hard,R64,3,Dayana Yastremska,Cristina Bucsa,6-4 4-6 7-6,42,56,1225,1069
Doha,WTA1000,2026/2/9,Hard,R64,3,Xinyu Wang,Emiliana Arango,6-1 7-5,33,49,1383,1142
Doha,WTA1000,2026/2/9,Hard,R64,3,Katerina Siniakova,Clara Tauson,6-4 6-1,44,14,1207,2530
Doha,WTA1000,2026/2/9,Hard,R64,3,Tereza Valentova,Alexandra Eala,7-6 6-1,48,40,1175,1244
Doha,WTA1000,2026/2/9,Hard,R64,3,Emma Navarro,Tatjana Maria,7-5 6-1,18,54,2095,1089
Doha,WTA1000,2026/2/9,Hard,R64,3,Qinwen Zheng,Sofia Kenin,4-6 6-1 6-2,26,29,1658,1567
Doha,WTA1000,2026/2/9,Hard,R64,3,Jelena Ostapenko,Anastasia Zakharova,6-7 6-3 6-4,24,105,1860,737
Doha,WTA1000,2026/2/9,Hard,R64,3,Maria Sakkari,Zeynep Sonmez,6-1 6-3,52,85,1110,843
Doha,WTA1000,2026/2/9,Hard,R64,3,Anna Kalinskaya,Jessica Bouzas Maneiro,6-2 6-1,28,45,1575,1202
Doha,WTA1000,2026/2/9,Hard,R64,3,Camila Osorio,Emma Raducanu,2-6 6-4 2-0 RET,80,25,851,1700
Doha,WTA1000,2026/2/9,Hard,R64,3,Janice Tjen,Beatriz Haddad Maia,6-0 6-1,46,67,1185,932
Doha,WTA1000,2026/2/9,Hard,R32,3,Karolina Pliskova,Amanda Anisimova,5-7 7-6 4-1 RET,418,4,147,6680
Doha,WTA1000,2026/2/9,Hard,R32,3,Mirra Andreeva,Magda Linette,7-6 6-1,7,47,4731,1179
Doha,WTA1000,2026/2/10,Hard,R32,3,Daria Kasatkina,Elise Mertens,6-4 6-0,61,22,997,1936
Doha,WTA1000,2026/2/10,Hard,R32,3,Ann Li,Magdalena Frech,6-3 6-4,41,59,1243,1033
Doha,WTA1000,2026/2/10,Hard,R32,3,Maria Sakkari,Jasmine Paolini,6-4 6-2,52,8,1110,4267
Doha,WTA1000,2026/2/10,Hard,R32,3,Jelena Ostapenko,Ekaterina Alexandrova,6-4 6-2,24,10,1860,3200
Doha,WTA1000,2026/2/10,Hard,R32,3,Elisabetta Cocciaretto,Coco Gauff,6-4 6-2,57,5,1063,6423
Doha,WTA1000,2026/2/10,Hard,R32,3,Victoria Mboko,Vera Zvonareva,6-4 6-4,13,580,2606,83
Doha,WTA1000,2026/2/10,Hard,R32,3,Varvara Gracheva,Linda Noskova,6-2 2-6 7-5,73,12,887,2626
Doha,WTA1000,2026/2/10,Hard,R32,3,Elina Svitolina,Dayana Yastremska,6-1 6-4,9,42,3205,1225
Doha,WTA1000,2026/2/10,Hard,R32,3,Iga Swiatek,Janice Tjen,6-0 6-3,2,46,7978,1185
Doha,WTA1000,2026/2/10,Hard,R32,3,Camila Osorio,Katerina Siniakova,6-2 5-7 6-3,80,44,851,1207
Doha,WTA1000,2026/2/10,Hard,R32,3,Karolina Muchova,Tereza Valentova,6-1 6-4,19,48,2058,1175
Doha,WTA1000,2026/2/10,Hard,R32,3,Qinwen Zheng,Alycia Parks,7-6 3-6 6-2,26,77,1658,872
Doha,WTA1000,2026/2/10,Hard,R32,3,Elena Rybakina,Xinyu Wang,6-2 6-4,3,33,7523,1383
Doha,WTA1000,2026/2/10,Hard,R32,3,Anna Kalinskaya,Emma Navarro,7-5 2-6 6-2,28,18,1575,2095
Doha,WTA1000,2026/2/11,Hard,R16,3,Maria Sakkari,Varvara Gracheva,7-6 6-0,52,73,1110,887
Doha,WTA1000,2026/2/11,Hard,R16,3,Elisabetta Cocciaretto,Ann Li,7-6 5-7 6-4,57,41,1063,1243
Doha,WTA1000,2026/2/11,Hard,R16,3,Victoria Mboko,Mirra Andreeva,6-3 3-6 7-6,13,7,2606,4731
Doha,WTA1000,2026/2/11,Hard,R16,3,Jelena Ostapenko,Camila Osorio,6-3 6-1,24,80,1860,851
Doha,WTA1000,2026/2/11,Hard,R16,3,Iga Swiatek,Daria Kasatkina,5-7 6-1 6-1,2,61,7978,997
Doha,WTA1000,2026/2/11,Hard,R16,3,Karolina Muchova,Karolina Pliskova,5-2 RET,19,418,2058,147
Doha,WTA1000,2026/2/11,Hard,R16,3,Elena Rybakina,Qinwen Zheng,4-6 6-2 7-5,3,26,7523,1658
Doha,WTA1000,2026/2/11,Hard,R16,3,Anna Kalinskaya,Elina Svitolina,6-4 6-3,28,9,1575,3205
Doha,WTA1000,2026/2/12,Hard,QF,3,Jelena Ostapenko,Elisabetta Cocciaretto,7-5 6-4,24,57,1860,1063
Doha,WTA1000,2026/2/12,Hard,QF,3,Maria Sakkari,Iga Swiatek,2-6 6-4 7-5,52,2,1110,7978
Doha,WTA1000,2026/2/12,Hard,QF,3,Victoria Mboko,Elena Rybakina,7-5 4-6 6-4,13,3,2606,7523
Doha,WTA1000,2026/2/12,Hard,QF,3,Karolina Muchova,Anna Kalinskaya,6-3 6-4,19,28,2058,1575
Doha,WTA1000,2026/2/13,Hard,SF,3,Victoria Mboko,Jelena Ostapenko,6-3 6-2,13,24,2606,1860
Doha,WTA1000,2026/2/13,Hard,SF,3,Karolina Muchova,Maria Sakkari,3-6 6-4 6-1,19,52,2058,1110
Doha,WTA1000,2026/2/14,Hard,F,3,Karolina Muchova,Victoria Mboko,6-4 7-5,19,13,2058,2606
Dubai,WTA1000,2026/2/15,Hard,R64,3,Janice Tjen,Dayana Yastremska,6-4 6-1,46,44,1236,1265
Dubai,WTA1000,2026/2/15,Hard,R64,3,Linda Noskova,Ann Li,6-3 5-7 6-4,14,36,2571,1333
Dubai,WTA1000,2026/2/15,Hard,R64,3,Peyton Stearns,Magdalena Frech,6-4 6-2,58,55,1023,1053
Dubai,WTA1000,2026/2/15,Hard,R64,3,Kimberly Birrell,Tatjana Maria,6-4 3-6 7-5,94,54,789,1079
Dubai,WTA1000,2026/2/15,Hard,R64,3,Elise Mertens,Marie Bouzkova,6-2 6-2,22,38,1881,1317
Dubai,WTA1000,2026/2/15,Hard,R64,3,Barbora Krejcikova,Anastasia Pavlyuchenkova,6-4 6-4,53,110,1091,716
Dubai,WTA1000,2026/2/15,Hard,R64,3,Leylah Fernandez,Liudmila Samsonova,5-7 7-5 6-3,29,18,1543,2105
Dubai,WTA1000,2026/2/15,Hard,R64,3,Ella Seidel,Cristina Bucsa,6-1 6-4,95,63,785,984
Dubai,WTA1000,2026/2/15,Hard,R64,3,Diana Shnaider,Maya Joint,6-4 6-1,21,28,1953,1549
Dubai,WTA1000,2026/2/15,Hard,R64,3,Magda Linette,Lulu Sun,4-6 6-4 6-1,50,98,1124,780
Dubai,WTA1000,2026/2/15,Hard,R64,3,Alexandra Eala,Hailey Baptiste,6-4 0-1 RET,47,45,1227,1264
Dubai,WTA1000,2026/2/15,Hard,R64,3,Sara Bejlek,Zeynep Sonmez,6-2 6-2,41,84,1277,843
Dubai,WTA1000,2026/2/16,Hard,R64,3,Iva Jovic,Kamilla Rakhimova,6-1 1-6 6-1,20,91,2008,802
Dubai,WTA1000,2026/2/16,Hard,R64,3,Emma Navarro,Elena Gabriela Ruse,6-4 7-5,19,80,2100,864
Dubai,WTA1000,2026/2/16,Hard,R64,3,Varvara Gracheva,Rebecca Sramkova,7-5 1-6 6-4,60,103,1007,758
Dubai,WTA1000,2026/2/16,Hard,R64,3,Sorana Cirstea,Aliaksandra Sasnovich,6-3 7-6,32,113,1439,673
Dubai,WTA1000,2026/2/16,Hard,R64,3,Clara Tauson,Sofia Kenin,7-6 6-2,15,30,2530,1472
Dubai,WTA1000,2026/2/16,Hard,R64,3,Daria Kasatkina,Laura Siegemund,6-2 6-3,61,52,997,1101
Dubai,WTA1000,2026/2/16,Hard,R64,3,Belinda Bencic,Jessica Bouzas Maneiro,2-6 6-1 6-2,13,48,2843,1202
Dubai,WTA1000,2026/2/16,Hard,R64,3,Anastasia Zakharova,Moyuka Uchijima,6-2 6-4,104,90,754,810
Dubai,WTA1000,2026/2/16,Hard,R64,3,Anna Kalinskaya,Jelena Ostapenko,2-6 6-1 6-4,23,27,1780,1600
Dubai,WTA1000,2026/2/16,Hard,R64,3,Antonia Ruzic,Emma Raducanu,6-1 5-7 6-2,67,25,933,1700
Dubai,WTA1000,2026/2/16,Hard,R64,3,Paula Badosa,Katerina Siniakova,6-3 7-5,70,42,901,1272
Dubai,WTA1000,2026/2/16,Hard,R64,3,Jaqueline Cristian,Petra Marcinko,6-1 6-1,39,69,1307,912
Dubai,WTA1000,2026/2/16,Hard,R32,3,Janice Tjen,Leylah Fernandez,7-6 6-4,46,29,1236,1543
Dubai,WTA1000,2026/2/16,Hard,R32,3,Amanda Anisimova,Barbora Krejcikova,W/O,6,53,5690,1091
Dubai,WTA1000,2026/2/17,Hard,R32,3,Clara Tauson,Peyton Stearns,6-2 6-4,15,58,2530,1023
Dubai,WTA1000,2026/2/17,Hard,R32,3,Magda Linette,Ekaterina Alexandrova,6-2 4-6 6-1,50,12,1124,2918
Dubai,WTA1000,2026/2/17,Hard,R32,3,Jessica Pegula,Varvara Gracheva,6-4 6-0,5,60,5888,1007
Dubai,WTA1000,2026/2/17,Hard,R32,3,Mirra Andreeva,Daria Kasatkina,W/O,7,61,4786,997
Dubai,WTA1000,2026/2/17,Hard,R32,3,Iva Jovic,Diana Shnaider,6-4 1-6 6-0,20,21,2008,1953
Dubai,WTA1000,2026/2/17,Hard,R32,3,Belinda Bencic,Sara Bejlek,W/O,13,41,2843,1277
Dubai,WTA1000,2026/2/17,Hard,R32,3,Elise Mertens,Emma Navarro,6-2 6-2,22,19,1881,2100
Dubai,WTA1000,2026/2/17,Hard,R32,3,Jaqueline Cristian,Ella Seidel,6-0 RET,39,95,1307,785
Dubai,WTA1000,2026/2/17,Hard,R32,3,Antonia Ruzic,Anastasia Zakharova,6-1 6-7 6-1,67,104,933,754
Dubai,WTA1000,2026/2/17,Hard,R32,3,Coco Gauff,Anna Kalinskaya,6-4 6-4,4,23,6423,1780
Dubai,WTA1000,2026/2/17,Hard,R32,3,Elina Svitolina,Paula Badosa,6-4 RET,9,70,3260,901
Dubai,WTA1000,2026/2/17,Hard,R32,3,Sorana Cirstea,Linda Noskova,6-1 6-4,32,14,1439,2571
Dubai,WTA1000,2026/2/17,Hard,R32,3,Elena Rybakina,Kimberly Birrell,6-1 6-2,3,94,7523,789
Dubai,WTA1000,2026/2/17,Hard,R32,3,Alexandra Eala,Jasmine Paolini,6-1 7-6,47,8,1227,4157
Dubai,WTA1000,2026/2/18,Hard,R16,3,Amanda Anisimova,Janice Tjen,6-1 6-3,6,46,5690,1236
Dubai,WTA1000,2026/2/18,Hard,R16,3,Clara Tauson,Magda Linette,6-4 6-2,15,50,2530,1124
Dubai,WTA1000,2026/2/18,Hard,R16,3,Mirra Andreeva,Jaqueline Cristian,7-5 6-3,7,39,4786,1307
Dubai,WTA1000,2026/2/18,Hard,R16,3,Jessica Pegula,Iva Jovic,6-4 6-2,5,20,5888,2008
Dubai,WTA1000,2026/2/18,Hard,R16,3,Antonia Ruzic,Elena Rybakina,5-7 6-4 1-0 RET,67,3,933,7523
Dubai,WTA1000,2026/2/18,Hard,R16,3,Elina Svitolina,Belinda Bencic,4-6 6-1 6-3,9,13,3260,2843
Dubai,WTA1000,2026/2/18,Hard,R16,3,Coco Gauff,Elise Mertens,2-6 7-6 6-3,4,22,6423,1881
Dubai,WTA1000,2026/2/18,Hard,R16,3,Alexandra Eala,Sorana Cirstea,7-5 6-4,47,32,1227,1439
Dubai,WTA1000,2026/2/19,Hard,QF,3,Jessica Pegula,Clara Tauson,6-3 2-6 6-4,5,15,5888,2530
Dubai,WTA1000,2026/2/19,Hard,QF,3,Amanda Anisimova,Mirra Andreeva,2-6 7-5 7-6,6,7,5690,4786
Dubai,WTA1000,2026/2/19,Hard,QF,3,Coco Gauff,Alexandra Eala,6-0 6-2,4,47,6423,1227
Dubai,WTA1000,2026/2/19,Hard,QF,3,Elina Svitolina,Antonia Ruzic,3-6 6-2 6-3,9,67,3260,933
Dubai,WTA1000,2026/2/20,Hard,SF,3,Jessica Pegula,Amanda Anisimova,1-6 6-4 6-3,5,6,5888,5690
Dubai,WTA1000,2026/2/20,Hard,SF,3,Elina Svitolina,Coco Gauff,6-4 6-7 6-4,9,4,3260,6423
Dubai,WTA1000,2026/2/21,Hard,F,3,Jessica Pegula,Elina Svitolina,6-2 6-4,5,9,5888,3260
Austin,WTA250,2026/2/23,Hard,R32,3,Oksana Selekhmeteva,Alycia Parks,6-4 3-6 6-3,76,95,878,789
Austin,WTA250,2026/2/23,Hard,R32,3,Kamilla Rakhimova,Anna Bondar,6-3 7-5,92,65,802,978
Austin,WTA250,2026/2/23,Hard,R32,3,Nikola Bartunkova,Katie Volynets,6-4 7-5,107,96,728,786
Austin,WTA250,2026/2/24,Hard,R32,3,Whitney Osuigwe,Elizabeth Mandlik,2-6 6-3 6-1,163,174,444,408
Austin,WTA250,2026/2/24,Hard,R32,3,Taylor Townsend,Linda Fruhvirtova,4-6 7-6 7-5,119,121,666,657
Austin,WTA250,2026/2/24,Hard,R32,3,Rebeka Masarova,Xinyu Wang,6-3 6-2,120,30,660,1438
Austin,WTA250,2026/2/24,Hard,R32,3,Iva Jovic,Anna Blinkova,6-3 6-4,18,84,2095,848
Austin,WTA250,2026/2/24,Hard,R32,3,Dalma Galfi,Bianca Andreescu,6-3 5-7 6-4,87,164,821,443
Austin,WTA250,2026/2/24,Hard,R32,3,Kaja Juvan,Claire Liu,6-4 7-6,93,214,796,338
Austin,WTA250,2026/2/24,Hard,R32,3,Ajla Tomljanovic,Venus Williams,6-4 6-1,74,560,881,92
Austin,WTA250,2026/2/24,Hard,R32,3,Kimberly Birrell,Petra Marcinko,0-6 6-3 6-4,80,70,857,902
Austin,WTA250,2026/2/24,Hard,R32,3,Ashlyn Krueger,Caty Mcnally,6-1 7-6,103,67,752,928
Austin,WTA250,2026/2/24,Hard,R32,3,Yue Yuan,Rebecca Sramkova,4-6 7-5 6-1,128,102,607,758
Austin,WTA250,2026/2/25,Hard,R32,3,Peyton Stearns,Francesca Jones,3-6 6-3 6-2,62,73,988,890
Austin,WTA250,2026/2/25,Hard,R32,3,Anastasia Zakharova,Mary Stoiana,3-6 6-2 6-4,88,176,819,399
Austin,WTA250,2026/2/25,Hard,R32,3,Caroline Dolehide,Lulu Sun,6-2 6-3,126,98,627,780
Austin,WTA250,2026/2/25,Hard,R16,3,Oksana Selekhmeteva,Kamilla Rakhimova,6-2 7-5,76,92,878,802
Austin,WTA250,2026/2/25,Hard,R16,3,Rebeka Masarova,Whitney Osuigwe,7-6 6-3,120,163,660,444
Austin,WTA250,2026/2/25,Hard,R16,3,Taylor Townsend,Nikola Bartunkova,6-1 6-4,119,107,666,728
Austin,WTA250,2026/2/26,Hard,R16,3,Yue Yuan,Dalma Galfi,6-3 6-2,128,87,607,821
Austin,WTA250,2026/2/26,Hard,R16,3,Ashlyn Krueger,Anastasia Zakharova,7-5 6-3,103,88,752,819
Austin,WTA250,2026/2/26,Hard,R16,3,Peyton Stearns,Kaja Juvan,6-0 6-2,62,93,988,796
Austin,WTA250,2026/2/26,Hard,R16,3,Kimberly Birrell,Caroline Dolehide,6-4 6-2,80,126,857,627
Austin,WTA250,2026/2/27,Hard,R16,3,Ajla Tomljanovic,Iva Jovic,4-6 6-4 6-4,74,18,881,2095
Austin,WTA250,2026/2/27,Hard,QF,3,Kimberly Birrell,Ajla Tomljanovic,6-3 6-3,80,74,857,881
Austin,WTA250,2026/2/27,Hard,QF,3,Taylor Townsend,Rebeka Masarova,5-7 6-2 6-2,119,120,666,660
Austin,WTA250,2026/2/28,Hard,QF,3,Peyton Stearns,Oksana Selekhmeteva,6-1 5-7 7-5,62,76,988,878
Austin,WTA250,2026/2/28,Hard,QF,3,Ashlyn Krueger,Yue Yuan,7-6 6-4,103,128,752,607
Austin,WTA250,2026/2/28,Hard,SF,3,Peyton Stearns,Kimberly Birrell,6-3 3-6 6-2,62,80,988,857
Austin,WTA250,2026/2/28,Hard,SF,3,Taylor Townsend,Ashlyn Krueger,7-6 6-3,119,103,666,752
Austin,WTA250,2026/3/1,Hard,F,3,Peyton Stearns,Taylor Townsend,7-6 7-5,62,119,988,666
Merida,WTA500,2026/2/23,Hard,R32,3,Marina Stakusic,Dayana Yastremska,6-4 6-3,142,49,542,1170
Merida,WTA500,2026/2/23,Hard,R32,3,Victoria Jimenez Kasintseva,Yulia Putintseva,6-4 1-6 6-4,122,77,657,871
Merida,WTA500,2026/2/24,Hard,R32,3,Katie Boulter,Beatriz Haddad Maia,6-4 6-4,69,66,904,942
Merida,WTA500,2026/2/24,Hard,R32,3,Emiliana Arango,Anastasia Potapova,7-6 6-2,59,91,1027,810
Merida,WTA500,2026/2/24,Hard,R32,3,Camila Osorio,Janice Tjen,6-4 6-3,61,36,991,1341
Merida,WTA500,2026/2/24,Hard,R32,3,Magda Linette,Tatjana Maria,7-6 6-3,47,55,1234,1079
Merida,WTA500,2026/2/24,Hard,R32,3,Cristina Bucsa,Donna Vekic,6-3 6-2,63,100,984,768
Merida,WTA500,2026/2/24,Hard,R32,3,Jessica Bouzas Maneiro,Heather Watson,6-3 6-1,48,281,1202,241
Merida,WTA500,2026/2/24,Hard,R32,3,Magdalena Frech,Maria Timofeeva,6-4 7-6,57,155,1053,463
Merida,WTA500,2026/2/25,Hard,R32,3,Zeynep Sonmez,Cadence Brace,6-2 6-0,81,204,851,359
Merida,WTA500,2026/2/25,Hard,R32,3,Priscilla Hon,Renata Zarazua,6-2 2-6 6-4,136,89,555,814
Merida,WTA500,2026/2/25,Hard,R32,3,Shuai Zhang,Varvara Lepchenko,6-2 6-1,86,152,821,483
Merida,WTA500,2026/2/25,Hard,R16,3,Victoria Jimenez Kasintseva,Magda Linette,5-7 7-6 7-5,122,47,657,1234
Merida,WTA500,2026/2/25,Hard,R16,3,Marie Bouzkova,Emiliana Arango,2-6 6-1 2-0 RET,34,59,1347,1027
Merida,WTA500,2026/2/26,Hard,R16,3,Katie Boulter,Camila Osorio,6-3 0-0 RET,69,61,904,991
Merida,WTA500,2026/2/26,Hard,R16,3,Cristina Bucsa,Marina Stakusic,7-6 6-3,63,142,984,542
Merida,WTA500,2026/2/26,Hard,R16,3,Magdalena Frech,Jessica Bouzas Maneiro,6-0 6-3,57,48,1053,1202
Merida,WTA500,2026/2/26,Hard,R16,3,Zeynep Sonmez,Ann Li,3-6 7-6 6-4,81,39,851,1333
Merida,WTA500,2026/2/27,Hard,R16,3,Jasmine Paolini,Priscilla Hon,6-0 6-2,7,136,4047,555
Merida,WTA500,2026/2/27,Hard,R16,3,Shuai Zhang,Emma Navarro,6-4 6-4,86,20,821,2045
Merida,WTA500,2026/2/27,Hard,QF,3,Magdalena Frech,Marie Bouzkova,6-3 4-6 6-3,57,34,1053,1347
Merida,WTA500,2026/2/27,Hard,QF,3,Cristina Bucsa,Zeynep Sonmez,6-3 6-4,63,81,984,851
Merida,WTA500,2026/2/28,Hard,QF,3,Shuai Zhang,Victoria Jimenez Kasintseva,6-1 6-3,86,122,821,657
Merida,WTA500,2026/2/28,Hard,QF,3,Jasmine Paolini,Katie Boulter,0-6 6-3 6-3,7,69,4047,904
Merida,WTA500,2026/3/1,Hard,SF,3,Magdalena Frech,Shuai Zhang,6-2 6-7 6-3,57,86,1053,821
Merida,WTA500,2026/3/1,Hard,SF,3,Cristina Bucsa,Jasmine Paolini,7-5 6-4,63,7,984,4047
Merida,WTA500,2026/3/1,Hard,F,3,Cristina Bucsa,Magdalena Frech,6-1 4-6 6-4,63,57,984,1053
Indian Wells,WTA1000,2026/3/4,Hard,R128,3,Sorana Cirstea,Tatjana Maria,6-4 4-6 6-3,38,59,1344,1069
Indian Wells,WTA1000,2026/3/4,Hard,R128,3,Yulia Putintseva,Paula Badosa,6-4 6-2 0-0,76,106,871,738
Indian Wells,WTA1000,2026/3/4,Hard,R128,3,Kimberly Birrell,Oksana Selekhmeteva,6-1 6-4,69,71,925,917
Indian Wells,WTA1000,2026/3/4,Hard,R128,3,Anastasia Potapova,Marina Stakusic,4-6 6-1 7-5,91,130,810,601
Indian Wells,WTA1000,2026/3/4,Hard,R128,3,Ajla Tomljanovic,Elena Gabriela Ruse,7-5 6-2,85,74,837,892
Indian Wells,WTA1000,2026/3/4,Hard,R128,3,Talia Gibson,Ann Li,6-3 7-5,112,41,721,1333
Indian Wells,WTA1000,2026/3/4,Hard,R128,3,Zeynep Sonmez,Mccartney Kessler,7-6 6-0,80,51,851,1193
Indian Wells,WTA1000,2026/3/4,Hard,R128,3,Jessica Bouzas Maneiro,Beatriz Haddad Maia,6-1 6-7 6-1,50,67,1202,942
Indian Wells,WTA1000,2026/3/4,Hard,R128,3,Anastasia Zakharova,Ella Seidel,6-2 6-2,86,83,831,847
Indian Wells,WTA1000,2026/3/4,Hard,R128,3,Himeno Sakatsume,Alycia Parks,6-4 6-3,136,96,556,789
Indian Wells,WTA1000,2026/3/4,Hard,R128,3,Victoria Jimenez Kasintseva,Caty Mcnally,6-2 6-7 6-4,97,68,788,928
Indian Wells,WTA1000,2026/3/5,Hard,R128,3,Anna Blinkova,Dalma Galfi,6-4 7-5,94,84,795,838
Indian Wells,WTA1000,2026/3/5,Hard,R128,3,Jaqueline Cristian,Janice Tjen,4-6 6-4 7-6,35,39,1367,1341
Indian Wells,WTA1000,2026/3/5,Hard,R128,3,Kamilla Rakhimova,Bianca Andreescu,6-7 6-0 6-1,88,165,814,444
Indian Wells,WTA1000,2026/3/5,Hard,R128,3,Camila Osorio,Sloane Stephens,6-4 6-1,61,780,1041,43
Indian Wells,WTA1000,2026/3/5,Hard,R128,3,Dayana Yastremska,Shuai Zhang,6-3 6-2,52,62,1170,1039
Indian Wells,WTA1000,2026/3/5,Hard,R128,3,Ashlyn Krueger,Magda Linette,6-1 6-4,82,49,849,1234
Indian Wells,WTA1000,2026/3/5,Hard,R128,3,Taylor Townsend,Marie Bouzkova,6-2 6-1,87,33,829,1425
Indian Wells,WTA1000,2026/3/5,Hard,R128,3,Laura Siegemund,Petra Marcinko,3-6 6-3 6-4,55,72,1110,902
Indian Wells,WTA1000,2026/3/5,Hard,R128,3,Sonay Kartal,Lanlana Tararudee,6-4 6-4,54,124,1127,632
Indian Wells,WTA1000,2026/3/5,Hard,R128,3,Donna Vekic,Tereza Valentova,7-6 7-6,103,47,768,1256
Indian Wells,WTA1000,2026/3/5,Hard,R128,3,Kayla Day,Francesca Jones,6-3 6-1,187,93,386,806
Indian Wells,WTA1000,2026/3/5,Hard,R128,3,Diane Parry,Venus Williams,6-3 6-7 6-1,111,554,724,93
Indian Wells,WTA1000,2026/3/5,Hard,R128,3,Anna Bondar,Elsa Jacquemot,7-6 7-5,66,63,978,1026
Indian Wells,WTA1000,2026/3/5,Hard,R128,3,Cristina Bucsa,Darja Vidmanova,6-4 6-0,31,122,1436,667
Indian Wells,WTA1000,2026/3/5,Hard,R128,3,Lilli Tagger,Varvara Gracheva,6-2 6-4,119,58,673,1072
Indian Wells,WTA1000,2026/3/6,Hard,R128,3,Storm Hunter,Magdalena Frech,3-6 7-5 6-3,234,36,301,1348
Indian Wells,WTA1000,2026/3/6,Hard,R128,3,Katerina Siniakova,Sofia Kenin,1-6 6-4 6-1,44,45,1269,1267
Indian Wells,WTA1000,2026/3/6,Hard,R128,3,Katie Volynets,Rebecca Sramkova,6-1 0-0 RET,98,118,786,680
Indian Wells,WTA1000,2026/3/6,Hard,R128,3,Antonia Ruzic,Jennifer Brady,3-6 6-4 6-2,57,801,1075,40
Indian Wells,WTA1000,2026/3/6,Hard,R128,3,Hailey Baptiste,Emiliana Arango,2-6 6-2 6-3,43,108,1274,737
Indian Wells,WTA1000,2026/3/6,Hard,R128,3,Solana Sierra,Peyton Stearns,7-5 7-5,65,48,980,1237
Indian Wells,WTA1000,2026/3/6,Hard,R64,3,Linda Noskova,Jessica Bouzas Maneiro,6-3 6-3,14,50,2421,1202
Indian Wells,WTA1000,2026/3/6,Hard,R64,3,Talia Gibson,Ekaterina Alexandrova,6-3 7-5,112,11,721,2918
Indian Wells,WTA1000,2026/3/6,Hard,R64,3,Emma Raducanu,Anastasia Zakharova,6-1 6-3,24,86,1645,831
Indian Wells,WTA1000,2026/3/6,Hard,R64,3,Victoria Mboko,Kimberly Birrell,6-4 7-6,10,69,3211,925
Indian Wells,WTA1000,2026/3/6,Hard,R64,3,Clara Tauson,Yulia Putintseva,7-6 6-2,17,76,2095,871
Indian Wells,WTA1000,2026/3/6,Hard,R64,3,Sorana Cirstea,Diana Shnaider,6-2 7-6,38,20,1344,1953
Indian Wells,WTA1000,2026/3/6,Hard,R64,3,Anna Kalinskaya,Zeynep Sonmez,6-4 7-6,22,80,1813,851
Indian Wells,WTA1000,2026/3/6,Hard,R64,3,Aryna Sabalenka,Himeno Sakatsume,6-4 6-2,1,136,10675,556
Indian Wells,WTA1000,2026/3/6,Hard,R64,3,Ajla Tomljanovic,Xinyu Wang,6-3 6-1,85,30,837,1438
Indian Wells,WTA1000,2026/3/6,Hard,R64,3,Jasmine Paolini,Anastasia Potapova,6-7 6-2 6-3,7,91,4232,810
Indian Wells,WTA1000,2026/3/6,Hard,R64,3,Coco Gauff,Kamilla Rakhimova,6-3 7-6,4,88,6803,814
Indian Wells,WTA1000,2026/3/6,Hard,R64,3,Jaqueline Cristian,Maya Joint,0-6 6-2 7-5,35,29,1367,1465
Indian Wells,WTA1000,2026/3/7,Hard,R64,3,Naomi Osaka,Victoria Jimenez Kasintseva,7-5 6-2,16,97,2324,788
Indian Wells,WTA1000,2026/3/7,Hard,R64,3,Camila Osorio,Iva Jovic,4-6 7-6 6-3,61,18,1041,2095
Indian Wells,WTA1000,2026/3/7,Hard,R64,3,Amanda Anisimova,Anna Blinkova,5-7 6-1 6-0,6,94,6070,795
Indian Wells,WTA1000,2026/3/7,Hard,R64,3,Alexandra Eala,Dayana Yastremska,7-5 4-6 7-5,32,52,1432,1170
Indian Wells,WTA1000,2026/3/7,Hard,R64,3,Belinda Bencic,Storm Hunter,6-3 6-2,12,234,2898,301
Indian Wells,WTA1000,2026/3/7,Hard,R64,3,Maria Sakkari,Lilli Tagger,7-5 6-0,34,119,1410,673
Indian Wells,WTA1000,2026/3/7,Hard,R64,3,Karolina Muchova,Anna Bondar,7-5 6-2,13,66,2668,978
Indian Wells,WTA1000,2026/3/7,Hard,R64,3,Elena Rybakina,Hailey Baptiste,7-6 2-6 6-2,3,43,7253,1274
Indian Wells,WTA1000,2026/3/7,Hard,R64,3,Jelena Ostapenko,Katie Volynets,6-4 7-6,26,98,1600,786
Indian Wells,WTA1000,2026/3/7,Hard,R64,3,Iga Swiatek,Kayla Day,6-0 7-6,2,187,7588,386
Indian Wells,WTA1000,2026/3/7,Hard,R64,3,Sonay Kartal,Emma Navarro,6-1 3-6 7-6,54,25,1127,1605
Indian Wells,WTA1000,2026/3/7,Hard,R64,3,Ashlyn Krueger,Liudmila Samsonova,3-6 7-5 6-2,82,19,849,2050
Indian Wells,WTA1000,2026/3/7,Hard,R64,3,Mirra Andreeva,Solana Sierra,6-0 6-0,8,65,4001,980
Indian Wells,WTA1000,2026/3/7,Hard,R64,3,Katerina Siniakova,Leylah Fernandez,5-7 6-4 7-6,44,27,1269,1598
Indian Wells,WTA1000,2026/3/8,Hard,R64,3,Antonia Ruzic,Qinwen Zheng,6-4 7-5,57,23,1075,1758
Indian Wells,WTA1000,2026/3/8,Hard,R64,3,Elise Mertens,Cristina Bucsa,6-2 6-1,21,31,1936,1436
Indian Wells,WTA1000,2026/3/8,Hard,R64,3,Jessica Pegula,Donna Vekic,4-6 6-2 6-3,5,103,6583,768
Indian Wells,WTA1000,2026/3/8,Hard,R64,3,Madison Keys,Diane Parry,6-4 6-3,15,111,2351,724
Indian Wells,WTA1000,2026/3/8,Hard,R64,3,Marta Kostyuk,Taylor Townsend,6-3 6-2,28,87,1583,829
Indian Wells,WTA1000,2026/3/8,Hard,R64,3,Elina Svitolina,Laura Siegemund,7-6 4-6 6-3,9,55,3845,1110
Indian Wells,WTA1000,2026/3/8,Hard,R32,3,Linda Noskova,Sorana Cirstea,6-7 6-4 6-4,14,38,2421,1344
Indian Wells,WTA1000,2026/3/8,Hard,R32,3,Talia Gibson,Clara Tauson,7-6 4-6 6-4,112,17,721,2095
Indian Wells,WTA1000,2026/3/8,Hard,R32,3,Aryna Sabalenka,Jaqueline Cristian,6-4 6-1,1,35,10675,1367
Indian Wells,WTA1000,2026/3/8,Hard,R32,3,Jasmine Paolini,Ajla Tomljanovic,7-5 5-7 6-1,7,85,4232,837
Indian Wells,WTA1000,2026/3/8,Hard,R32,3,Naomi Osaka,Camila Osorio,6-1 3-6 6-1,16,61,2324,1041
Indian Wells,WTA1000,2026/3/8,Hard,R32,3,Amanda Anisimova,Emma Raducanu,6-1 6-1,6,24,6070,1645
Indian Wells,WTA1000,2026/3/9,Hard,R32,3,Alexandra Eala,Coco Gauff,6-2 2-0 RET,32,4,1432,6803
Indian Wells,WTA1000,2026/3/9,Hard,R32,3,Victoria Mboko,Anna Kalinskaya,6-4 6-1,10,22,3211,1813
Indian Wells,WTA1000,2026/3/9,Hard,R32,3,Jessica Pegula,Jelena Ostapenko,4-6 6-3 6-2,5,26,6583,1600
Indian Wells,WTA1000,2026/3/9,Hard,R32,3,Karolina Muchova,Antonia Ruzic,6-0 6-3,13,57,2668,1075
Indian Wells,WTA1000,2026/3/9,Hard,R32,3,Katerina Siniakova,Mirra Andreeva,4-6 7-6 6-3,44,8,1269,4001
Indian Wells,WTA1000,2026/3/9,Hard,R32,3,Belinda Bencic,Elise Mertens,6-2 6-3,12,21,2898,1936
Indian Wells,WTA1000,2026/3/9,Hard,R32,3,Elina Svitolina,Ashlyn Krueger,6-4 6-2,9,82,3845,849
Indian Wells,WTA1000,2026/3/9,Hard,R32,3,Iga Swiatek,Maria Sakkari,6-3 6-2,2,34,7588,1410
Indian Wells,WTA1000,2026/3/10,Hard,R32,3,Sonay Kartal,Madison Keys,2-6 6-2 6-3,54,15,1127,2351
Indian Wells,WTA1000,2026/3/10,Hard,R32,3,Elena Rybakina,Marta Kostyuk,6-4 6-4,3,28,7253,1583
Indian Wells,WTA1000,2026/3/10,Hard,R16,3,Aryna Sabalenka,Naomi Osaka,6-2 6-4,1,16,10675,2324
Indian Wells,WTA1000,2026/3/10,Hard,R16,3,Talia Gibson,Jasmine Paolini,7-5 2-6 6-1,112,7,721,4232
Indian Wells,WTA1000,2026/3/11,Hard,R16,3,Victoria Mboko,Amanda Anisimova,6-4 6-1,10,6,3211,6070
Indian Wells,WTA1000,2026/3/11,Hard,R16,3,Linda Noskova,Alexandra Eala,6-2 6-0,14,32,2421,1432
Indian Wells,WTA1000,2026/3/11,Hard,R16,3,Iga Swiatek,Karolina Muchova,6-2 6-0,2,13,7588,2668
Indian Wells,WTA1000,2026/3/11,Hard,R16,3,Jessica Pegula,Belinda Bencic,6-3 7-6,5,12,6583,2898
Indian Wells,WTA1000,2026/3/11,Hard,R16,3,Elina Svitolina,Katerina Siniakova,6-1 1-1 RET,9,44,3845,1269
Indian Wells,WTA1000,2026/3/11,Hard,R16,3,Elena Rybakina,Sonay Kartal,6-4 4-3 RET,3,54,7253,1127
Indian Wells,WTA1000,2026/3/12,Hard,QF,3,Aryna Sabalenka,Victoria Mboko,7-6 6-4,1,10,10675,3211
Indian Wells,WTA1000,2026/3/12,Hard,QF,3,Linda Noskova,Talia Gibson,6-2 4-6 6-2,14,112,2421,721
Indian Wells,WTA1000,2026/3/12,Hard,QF,3,Elina Svitolina,Iga Swiatek,6-2 4-6 6-4,9,2,3845,7588
Indian Wells,WTA1000,2026/3/13,Hard,QF,3,Elena Rybakina,Jessica Pegula,6-1 7-6,3,5,7253,6583
Indian Wells,WTA1000,2026/3/13,Hard,SF,3,Aryna Sabalenka,Linda Noskova,6-3 6-4,1,14,10675,2421
Indian Wells,WTA1000,2026/3/14,Hard,SF,3,Elena Rybakina,Elina Svitolina,7-5 6-4,3,9,7253,3845
Indian Wells,WTA1000,2026/3/15,Hard,F,3,Aryna Sabalenka,Elena Rybakina,3-6 6-3 7-6,1,3,10675,7253
Miami,WTA1000,2026/3/17,Hard,R128,3,Elsa Jacquemot,Darja Vidmanova,6-7 7-5 7-5,62,118,1021,697
Miami,WTA1000,2026/3/17,Hard,R128,3,Ajla Tomljanovic,Simona Waltert,6-3 6-4,81,88,872,842
Miami,WTA1000,2026/3/17,Hard,R128,3,Magda Linette,Varvara Gracheva,2-6 6-2 6-0,50,60,1209,1047
Miami,WTA1000,2026/3/17,Hard,R128,3,Mccartney Kessler,Magdalena Frech,2-6 6-4 6-2,51,37,1168,1348
Miami,WTA1000,2026/3/17,Hard,R128,3,Laura Siegemund,Petra Marcinko,6-4 6-4,53,76,1143,896
Miami,WTA1000,2026/3/17,Hard,R128,3,Katie Boulter,Jessica Bouzas Maneiro,7-6 6-4,67,48,957,1227
Miami,WTA1000,2026/3/17,Hard,R128,3,Sorana Cirstea,Shuai Zhang,6-3 6-4,35,61,1374,1036
Miami,WTA1000,2026/3/17,Hard,R128,3,Zeynep Sonmez,Beatriz Haddad Maia,6-3 6-2,83,69,866,942
Miami,WTA1000,2026/3/17,Hard,R128,3,Anna Blinkova,Sofia Kenin,3-6 6-1 6-3,92,46,820,1242
Miami,WTA1000,2026/3/18,Hard,R128,3,Camila Osorio,Katerina Siniakova,6-1 6-4,58,42,1071,1324
Miami,WTA1000,2026/3/19,Hard,R128,3,Talia Gibson,Sara Bejlek,6-1 6-0,68,41,950,1326
Miami,WTA1000,2026/3/19,Hard,R128,3,Paula Badosa,Aliaksandra Sasnovich,7-5 6-3,100,116,797,701
Miami,WTA1000,2026/3/19,Hard,R128,3,Alycia Parks,Sinja Kraus,7-5 7-6,105,120,764,690
Miami,WTA1000,2026/3/19,Hard,R128,3,Tereza Valentova,Katie Volynets,6-2 6-4,49,95,1217,811
Miami,WTA1000,2026/3/19,Hard,R128,3,Elvina Kalieva,Dalma Galfi,6-3 6-7 7-6,154,87,484,842
Miami,WTA1000,2026/3/19,Hard,R128,3,Anastasia Zakharova,Anna Bondar,5-7 6-3 6-1,74,65,899,986
Miami,WTA1000,2026/3/19,Hard,R128,3,Yuliia Starodubtseva,Eva Lys,6-1 6-4,108,77,751,893
Miami,WTA1000,2026/3/19,Hard,R128,3,Elisabetta Cocciaretto,Darja Semenistaja,6-4 6-1,44,103,1255,786
Miami,WTA1000,2026/3/19,Hard,R128,3,Francesca Jones,Venus Williams,7-5 7-5,93,517,815,103
Miami,WTA1000,2026/3/19,Hard,R128,3,Peyton Stearns,Viktorija Golubic,7-6 6-4,47,84,1237,864
Miami,WTA1000,2026/3/19,Hard,R128,3,Lilli Tagger,Ella Seidel,6-7 6-4 7-5,115,86,708,845
Miami,WTA1000,2026/3/19,Hard,R128,3,Oksana Selekhmeteva,Emiliana Arango,6-3 4-6 6-3,71,109,912,746
Miami,WTA1000,2026/3/19,Hard,R128,3,Ann Li,Kimberly Birrell,6-2 2-6 6-3,39,70,1333,915
Miami,WTA1000,2026/3/19,Hard,R128,3,Yulia Putintseva,Janice Tjen,3-6 6-3 6-4,75,40,896,1330
Miami,WTA1000,2026/3/19,Hard,R128,3,Hailey Baptiste,Tatjana Maria,7-5 6-2,45,59,1244,1069
Miami,WTA1000,2026/3/19,Hard,R128,3,Caty Mcnally,Rebeka Masarova,6-2 7-5,72,113,903,730
Miami,WTA1000,2026/3/19,Hard,R128,3,Kamilla Rakhimova,Solana Sierra,6-1 6-3,82,63,869,1000
Miami,WTA1000,2026/3/19,Hard,R128,3,Dayana Yastremska,Ashlyn Krueger,2-6 6-4 7-5,54,79,1140,879
Miami,WTA1000,2026/3/19,Hard,R128,3,Taylor Townsend,Lulu Sun,7-6 6-3,80,111,874,735
Miami,WTA1000,2026/3/19,Hard,R128,3,Elena Gabriela Ruse,Antonia Ruzic,7-5 7-6,73,55,900,1111
Miami,WTA1000,2026/3/19,Hard,R128,3,Emerson Jones,Linda Fruhvirtova,3-6 7-6 7-6,147,121,532,685
Miami,WTA1000,2026/3/20,Hard,R128,3,Sloane Stephens,Jennifer Brady,6-4 6-2,717,744,54,50
Miami,WTA1000,2026/3/19,Hard,R64,3,Alexandra Eala,Laura Siegemund,6-7 6-3 6-3,29,53,1525,1143
Miami,WTA1000,2026/3/19,Hard,R64,3,Magda Linette,Iga Swiatek,1-6 7-5 6-3,50,3,1209,7413
Miami,WTA1000,2026/3/19,Hard,R64,3,Marie Bouzkova,Elsa Jacquemot,6-2 6-2,32,62,1425,1021
Miami,WTA1000,2026/3/20,Hard,R64,3,Mirra Andreeva,Mccartney Kessler,6-1 6-7 6-1,10,51,3066,1168
Miami,WTA1000,2026/3/20,Hard,R64,3,Victoria Mboko,Anna Blinkova,6-2 6-0,9,92,3351,820
Miami,WTA1000,2026/3/20,Hard,R64,3,Belinda Bencic,Zeynep Sonmez,6-3 6-2,12,83,2803,866
Miami,WTA1000,2026/3/20,Hard,R64,3,Sorana Cirstea,Linda Noskova,6-2 3-6 6-4,35,13,1374,2801
Miami,WTA1000,2026/3/20,Hard,R64,3,Anastasia Zakharova,Anna Kalinskaya,3-6 6-1 7-5,74,21,899,1868
Miami,WTA1000,2026/3/20,Hard,R64,3,Diana Shnaider,Tereza Valentova,7-6 7-6,20,49,1898,1217
Miami,WTA1000,2026/3/20,Hard,R64,3,Amanda Anisimova,Ajla Tomljanovic,6-1 5-7 6-4,6,81,6180,872
Miami,WTA1000,2026/3/20,Hard,R64,3,Alycia Parks,Maria Sakkari,6-3 6-3,105,33,764,1410
Miami,WTA1000,2026/3/20,Hard,R64,3,Katie Boulter,Clara Tauson,6-7 6-4 1-0 RET,67,16,957,2095
Miami,WTA1000,2026/3/20,Hard,R64,3,Yuliia Starodubtseva,Cristina Bucsa,6-2 3-2 RET,108,30,751,1446
Miami,WTA1000,2026/3/20,Hard,R64,3,Elise Mertens,Elvina Kalieva,6-2 6-0,19,154,1936,484
Miami,WTA1000,2026/3/20,Hard,R64,3,Jasmine Paolini,Taylor Townsend,6-3 1-6 6-2,7,80,4232,874
Miami,WTA1000,2026/3/20,Hard,R64,3,Karolina Muchova,Camila Osorio,4-6 6-2 7-5,14,58,2668,1071
Miami,WTA1000,2026/3/20,Hard,R64,3,Coco Gauff,Elisabetta Cocciaretto,3-6 6-4 6-3,4,44,6748,1255
Miami,WTA1000,2026/3/20,Hard,R64,3,Hailey Baptiste,Liudmila Samsonova,6-3 7-5,45,22,1244,1845
Miami,WTA1000,2026/3/20,Hard,R64,3,Jelena Ostapenko,Dayana Yastremska,6-4 6-4,24,54,1655,1140
Miami,WTA1000,2026/3/20,Hard,R64,3,Ekaterina Alexandrova,Lilli Tagger,6-3 6-3,11,115,2918,708
Miami,WTA1000,2026/3/20,Hard,R64,3,Elina Svitolina,Emerson Jones,6-2 6-4,8,147,4020,532
Miami,WTA1000,2026/3/20,Hard,R64,3,Caty Mcnally,Xinyu Wang,6-4 1-6 6-0,72,34,903,1383
Miami,WTA1000,2026/3/21,Hard,R64,3,Marta Kostyuk,Kamilla Rakhimova,6-2 6-4,28,82,1528,869
Miami,WTA1000,2026/3/21,Hard,R64,3,Aryna Sabalenka,Ann Li,7-6 6-4,1,39,11025,1333
Miami,WTA1000,2026/3/21,Hard,R64,3,Jaqueline Cristian,Peyton Stearns,6-4 7-5,36,47,1367,1237
Miami,WTA1000,2026/3/21,Hard,R64,3,Elena Rybakina,Yulia Putintseva,6-3 6-3,2,75,7783,896
Miami,WTA1000,2026/3/21,Hard,R64,3,Iva Jovic,Paula Badosa,6-2 6-1,17,100,2070,797
Miami,WTA1000,2026/3/21,Hard,R64,3,Leylah Fernandez,Oksana Selekhmeteva,7-6 3-6 6-1,25,71,1598,912
Miami,WTA1000,2026/3/21,Hard,R64,3,Jessica Pegula,Francesca Jones,6-1 3-0 RET,5,93,6678,815
Miami,WTA1000,2026/3/21,Hard,R64,3,Qinwen Zheng,Sloane Stephens,6-3 6-2,26,717,1553,54
Miami,WTA1000,2026/3/21,Hard,R64,3,Madison Keys,Elena Gabriela Ruse,6-0 6-3,18,73,2026,900
Miami,WTA1000,2026/3/21,Hard,R64,3,Talia Gibson,Naomi Osaka,7-5 6-4,68,15,950,2434
Miami,WTA1000,2026/3/21,Hard,R32,3,Belinda Bencic,Diana Shnaider,6-3 6-3,12,20,2803,1898
Miami,WTA1000,2026/3/21,Hard,R32,3,Mirra Andreeva,Marie Bouzkova,7-6 6-2,10,32,3066,1425
Miami,WTA1000,2026/3/21,Hard,R32,3,Amanda Anisimova,Yuliia Starodubtseva,6-4 6-2,6,108,6180,751
Miami,WTA1000,2026/3/21,Hard,R32,3,Victoria Mboko,Anastasia Zakharova,6-1 7-5,9,74,3351,899
Miami,WTA1000,2026/3/21,Hard,R32,3,Karolina Muchova,Katie Boulter,6-3 7-5,14,67,2668,957
Miami,WTA1000,2026/3/21,Hard,R32,3,Sorana Cirstea,Elise Mertens,6-3 6-2,35,19,1374,1936
Miami,WTA1000,2026/3/21,Hard,R32,3,Alexandra Eala,Magda Linette,6-3 7-6,29,50,1525,1209
Miami,WTA1000,2026/3/21,Hard,R32,3,Coco Gauff,Alycia Parks,3-6 6-0 6-1,4,105,6748,764
Miami,WTA1000,2026/3/22,Hard,R32,3,Jaqueline Cristian,Ekaterina Alexandrova,6-3 4-6 7-6,36,11,1367,2918
Miami,WTA1000,2026/3/22,Hard,R32,3,Jelena Ostapenko,Jasmine Paolini,5-7 6-2 7-5,24,7,1655,4232
Miami,WTA1000,2026/3/22,Hard,R32,3,Jessica Pegula,Leylah Fernandez,6-2 6-2,5,25,6678,1598
Miami,WTA1000,2026/3/22,Hard,R32,3,Hailey Baptiste,Elina Svitolina,6-3 7-5,45,8,1244,4020
Miami,WTA1000,2026/3/22,Hard,R32,3,Talia Gibson,Iva Jovic,6-2 6-2,68,17,950,2070
Miami,WTA1000,2026/3/22,Hard,R32,3,Elena Rybakina,Marta Kostyuk,6-3 6-4,2,28,7783,1528
Miami,WTA1000,2026/3/22,Hard,R32,3,Qinwen Zheng,Madison Keys,4-6 6-2 6-4,26,18,1553,2026
Miami,WTA1000,2026/3/22,Hard,R32,3,Aryna Sabalenka,Caty Mcnally,6-4 6-2,1,72,11025,903
Miami,WTA1000,2026/3/23,Hard,R16,3,Karolina Muchova,Alexandra Eala,6-0 6-2,14,29,2668,1525
Miami,WTA1000,2026/3/23,Hard,R16,3,Victoria Mboko,Mirra Andreeva,7-6 4-6 6-0,9,10,3351,3066
Miami,WTA1000,2026/3/23,Hard,R16,3,Coco Gauff,Sorana Cirstea,6-4 3-6 6-2,4,35,6748,1374
Miami,WTA1000,2026/3/23,Hard,R16,3,Hailey Baptiste,Jelena Ostapenko,6-3 6-4,45,24,1244,1655
Miami,WTA1000,2026/3/23,Hard,R16,3,Jessica Pegula,Jaqueline Cristian,6-4 6-1,5,36,6678,1367
Miami,WTA1000,2026/3/23,Hard,R16,3,Aryna Sabalenka,Qinwen Zheng,6-3 6-4,1,26,11025,1553
Miami,WTA1000,2026/3/24,Hard,R16,3,Belinda Bencic,Amanda Anisimova,6-2 6-2,12,6,2803,6180
Miami,WTA1000,2026/3/24,Hard,R16,3,Elena Rybakina,Talia Gibson,6-2 6-2,2,68,7783,950
Miami,WTA1000,2026/3/24,Hard,QF,3,Karolina Muchova,Victoria Mboko,7-5 7-6,14,9,2668,3351
Miami,WTA1000,2026/3/24,Hard,QF,3,Coco Gauff,Belinda Bencic,6-3 1-6 6-3,4,12,6748,2803
Miami,WTA1000,2026/3/25,Hard,QF,3,Elena Rybakina,Jessica Pegula,2-6 6-3 6-4,2,5,7783,6678
Miami,WTA1000,2026/3/25,Hard,QF,3,Aryna Sabalenka,Hailey Baptiste,6-4 6-4,1,45,11025,1244
Miami,WTA1000,2026/3/26,Hard,SF,3,Coco Gauff,Karolina Muchova,6-1 6-1,4,14,6748,2668
Miami,WTA1000,2026/3/27,Hard,SF,3,Aryna Sabalenka,Elena Rybakina,6-4 6-3,1,2,11025,7783
Miami,WTA1000,2026/3/28,Hard,F,3,Aryna Sabalenka,Coco Gauff,6-2 4-6 6-3,1,4,11025,6748
Bogota,WTA250,2026/3/30,Clay,R32,3,Katarzyna Kawa,Carole Monnet,6-1 6-0,132,171,588,420
Bogota,WTA250,2026/3/30,Clay,R32,3,Julia Riera,Selena Janicijevic,7-6 6-1,186,245,387,287
Bogota,WTA250,2026/3/30,Clay,R32,3,Julieta Pareja,Elizabeth Mandlik,6-3 6-3,269,174,254,416
Bogota,WTA250,2026/3/30,Clay,R32,3,Despina Papamichail,Anastasia Tikhonova,6-3 6-1,163,1178,448,11
Bogota,WTA250,2026/3/30,Clay,R32,3,Tatjana Maria,Valentina Mediorreal Arias,6-2 6-1,60,753,1047,48
Bogota,WTA250,2026/3/31,Clay,R32,3,Panna Udvardy,Maria Camila Torres Murcia,6-1 1-6 6-0,92,880,804,30
Bogota,WTA250,2026/3/31,Clay,R32,3,Varvara Lepchenko,Lia Karatancheva,3-6 6-3 6-2,155,288,483,231
Bogota,WTA250,2026/3/31,Clay,R32,3,Darja Semenistaja,Ella Seidel,6-2 6-2,98,82,791,850
Bogota,WTA250,2026/3/31,Clay,R32,3,Guiomar Maristany Zuleta De Reales,Francesca Jones,6-1 6-1,178,101,401,775
Bogota,WTA250,2026/3/31,Clay,R32,3,Camila Osorio,Caroline Dolehide,6-7 6-2 6-1,54,135,1096,571
Bogota,WTA250,2026/3/31,Clay,R32,3,Anna Blinkova,Robin Montgomery,6-2 6-3,99,368,790,169
Bogota,WTA250,2026/3/31,Clay,R32,3,Jessica Bouzas Maneiro,Tiantsoa Sarah Rakotomanga Rajaonah,6-2 6-2,48,131,1210,597
Bogota,WTA250,2026/3/31,Clay,R32,3,Jazmin Ortenzi,Irene Burillo Escorihuela,6-1 6-4,206,211,339,329
Bogota,WTA250,2026/3/31,Clay,R32,3,Emiliana Arango,Maria Lourdes Carle,1-6 6-2 6-0,106,177,755,402
Bogota,WTA250,2026/3/31,Clay,R32,3,Hanne Vandewinkel,Sofia Costoulas,6-3 2-6 6-3,96,134,795,580
Bogota,WTA250,2026/4/1,Clay,R32,3,Marie Bouzkova,Ana Sofia Sanchez,6-0 6-2,26,231,1480,304
Bogota,WTA250,2026/4/1,Clay,R16,3,Darja Semenistaja,Despina Papamichail,6-1 1-6 6-2,98,163,791,448
Bogota,WTA250,2026/4/1,Clay,R16,3,Panna Udvardy,Julieta Pareja,6-0 2-6 6-1,92,269,804,254
Bogota,WTA250,2026/4/1,Clay,R16,3,Katarzyna Kawa,Tatjana Maria,6-3 6-3,132,60,588,1047
Bogota,WTA250,2026/4/2,Clay,R16,3,Julia Riera,Anna Blinkova,0-6 6-2 6-1,186,99,387,790
Bogota,WTA250,2026/4/2,Clay,R16,3,Emiliana Arango,Guiomar Maristany Zuleta De Reales,7-5 6-2,106,178,755,401
Bogota,WTA250,2026/4/2,Clay,R16,3,Jazmin Ortenzi,Camila Osorio,7-6 7-6,206,54,339,1096
Bogota,WTA250,2026/4/2,Clay,R16,3,Marie Bouzkova,Hanne Vandewinkel,6-4 RET,26,96,1480,795
Bogota,WTA250,2026/4/2,Clay,R16,3,Varvara Lepchenko,Jessica Bouzas Maneiro,6-0 2-6 7-5,155,48,483,1210
Bogota,WTA250,2026/4/3,Clay,QF,3,Jazmin Ortenzi,Julia Riera,6-7 6-3 6-2,206,186,339,387
Bogota,WTA250,2026/4/3,Clay,QF,3,Marie Bouzkova,Darja Semenistaja,6-1 7-5,26,98,1480,791
Bogota,WTA250,2026/4/3,Clay,QF,3,Emiliana Arango,Varvara Lepchenko,6-4 6-3,106,155,755,483
Bogota,WTA250,2026/4/3,Clay,QF,3,Panna Udvardy,Katarzyna Kawa,7-6 6-1,92,132,804,588
Bogota,WTA250,2026/4/4,Clay,SF,3,Marie Bouzkova,Jazmin Ortenzi,7-6 6-2,26,206,1480,339
Bogota,WTA250,2026/4/4,Clay,SF,3,Panna Udvardy,Emiliana Arango,6-7 6-3 7-6,92,106,804,755
Bogota,WTA250,2026/4/5,Clay,F,3,Marie Bouzkova,Panna Udvardy,6-7 6-2 6-2,26,92,1480,804
Charleston,WTA500,2026/3/30,Clay,R64,3,Katie Volynets,Eva Lys,5-7 6-2 6-0,86,76,831,893
Charleston,WTA500,2026/3/30,Clay,R64,3,Yulia Putintseva,Lulu Sun,7-6 6-2,72,105,921,755
Charleston,WTA500,2026/3/30,Clay,R64,3,Dayana Yastremska,Anastasia Zakharova,7-5 6-2,49,66,1165,978
Charleston,WTA500,2026/3/30,Clay,R64,3,Mccartney Kessler,Elvina Kalieva,4-6 6-3 6-3,53,143,1138,543
Charleston,WTA500,2026/3/30,Clay,R64,3,Akasha Urhobo,Solana Sierra,7-5 3-0 RET,273,65,245,989
Charleston,WTA500,2026/3/30,Clay,R64,3,Renata Zarazua,Sloane Stephens,6-2 6-0,85,554,835,89
Charleston,WTA500,2026/3/30,Clay,R64,3,Viktoriya Tomova,Jennifer Brady,6-4 6-3,169,689,424,60
Charleston,WTA500,2026/3/30,Clay,R64,3,Anna Bondar,Darja Vidmanova,7-5 7-5,68,116,966,706
Charleston,WTA500,2026/3/30,Clay,R64,3,Donna Vekic,Ajla Tomljanovic,3-6 6-1 6-4,115,75,707,897
Charleston,WTA500,2026/3/31,Clay,R64,3,Alycia Parks,Mary Stoiana,2-6 6-4 6-1,97,173,794,419
Charleston,WTA500,2026/3/31,Clay,R64,3,Bianca Andreescu,Dalma Galfi,1-6 6-4 6-1,140,84,553,837
Charleston,WTA500,2026/3/31,Clay,R64,3,Yue Yuan,Mayar Sherif,2-6 7-6 7-6,121,102,674,773
Charleston,WTA500,2026/3/31,Clay,R64,3,Yuliia Starodubtseva,Shuai Zhang,6-3 6-0,89,62,816,1031
Charleston,WTA500,2026/3/31,Clay,R64,3,Ashlyn Krueger,Caty Mcnally,6-4 1-6 6-3,103,69,769,958
Charleston,WTA500,2026/3/31,Clay,R64,3,Paula Badosa,Kayla Day,6-4 6-3,113,162,712,448
Charleston,WTA500,2026/3/31,Clay,R64,3,Polina Kudermetova,Oleksandra Oliynykova,3-6 7-6 6-4,156,71,481,931
Charleston,WTA500,2026/3/31,Clay,R32,3,Anna Kalinskaya,Viktoriya Tomova,6-2 6-4,22,169,1813,424
Charleston,WTA500,2026/3/31,Clay,R32,3,Sara Bejlek,Akasha Urhobo,6-1 6-1,40,273,1321,245
Charleston,WTA500,2026/3/31,Clay,R32,3,Belinda Bencic,Dayana Yastremska,6-2 6-7 6-3,12,49,2983,1165
Charleston,WTA500,2026/4/1,Clay,R32,3,Diana Shnaider,Katie Volynets,7-5 7-5,19,86,1953,831
Charleston,WTA500,2026/4/1,Clay,R32,3,Mccartney Kessler,Janice Tjen,6-2 6-1,53,41,1138,1317
Charleston,WTA500,2026/4/1,Clay,R32,3,Elisabetta Cocciaretto,Yue Yuan,6-0 7-5,43,121,1280,674
Charleston,WTA500,2026/4/1,Clay,R32,3,Iva Jovic,Alycia Parks,6-3 6-2,16,97,2105,794
Charleston,WTA500,2026/4/1,Clay,R32,3,Peyton Stearns,Ashlyn Krueger,7-6 7-5,46,103,1237,769
Charleston,WTA500,2026/4/1,Clay,R32,3,Anna Bondar,Magdalena Frech,7-5 6-3,68,38,966,1348
Charleston,WTA500,2026/4/1,Clay,R32,3,Jessica Pegula,Yulia Putintseva,4-6 6-4 7-5,5,72,6243,921
Charleston,WTA500,2026/4/1,Clay,R32,3,Paula Badosa,Maria Sakkari,6-3 6-4,113,36,712,1370
Charleston,WTA500,2026/4/1,Clay,R32,3,Leylah Fernandez,Polina Kudermetova,6-2 6-1,24,156,1598,481
Charleston,WTA500,2026/4/1,Clay,R32,3,Madison Keys,Donna Vekic,6-2 6-3,18,115,2026,707
Charleston,WTA500,2026/4/1,Clay,R32,3,Sofia Kenin,Bianca Andreescu,6-4 6-4,47,140,1217,553
Charleston,WTA500,2026/4/1,Clay,R32,3,Yuliia Starodubtseva,Ekaterine Gorgodze,3-6 6-1 6-2,89,164,816,446
Charleston,WTA500,2026/4/2,Clay,R32,3,Renata Zarazua,Hailey Baptiste,3-6 6-3 6-4,85,33,835,1394
Charleston,WTA500,2026/4/2,Clay,R16,3,Belinda Bencic,Sara Bejlek,7-6 6-2,12,40,2983,1321
Charleston,WTA500,2026/4/2,Clay,R16,3,Mccartney Kessler,Peyton Stearns,6-0 3-6 6-4,53,46,1138,1237
Charleston,WTA500,2026/4/2,Clay,R16,3,Jessica Pegula,Elisabetta Cocciaretto,1-6 6-1 7-6,5,43,6243,1280
Charleston,WTA500,2026/4/2,Clay,R16,3,Diana Shnaider,Leylah Fernandez,6-3 6-0,19,24,1953,1598
Charleston,WTA500,2026/4/2,Clay,R16,3,Yuliia Starodubtseva,Renata Zarazua,6-1 6-0,89,85,816,835
Charleston,WTA500,2026/4/2,Clay,R16,3,Madison Keys,Anna Bondar,6-2 7-5,18,68,2026,966
Charleston,WTA500,2026/4/2,Clay,R16,3,Iva Jovic,Sofia Kenin,7-5 7-5,16,47,2105,1217
Charleston,WTA500,2026/4/3,Clay,R16,3,Anna Kalinskaya,Paula Badosa,6-4 6-2,22,113,1813,712
Charleston,WTA500,2026/4/3,Clay,QF,3,Jessica Pegula,Diana Shnaider,3-6 6-3 6-2,5,19,6243,1953
Charleston,WTA500,2026/4/3,Clay,QF,3,Madison Keys,Belinda Bencic,4-6 6-3 6-2,18,12,2026,2983
Charleston,WTA500,2026/4/3,Clay,QF,3,Iva Jovic,Anna Kalinskaya,6-3 6-4,16,22,2105,1813
Charleston,WTA500,2026/4/3,Clay,QF,3,Yuliia Starodubtseva,Mccartney Kessler,6-4 6-4,89,53,816,1138
Charleston,WTA500,2026/4/4,Clay,SF,3,Jessica Pegula,Iva Jovic,6-4 5-7 6-3,5,16,6243,2105
Charleston,WTA500,2026/4/4,Clay,SF,3,Yuliia Starodubtseva,Madison Keys,6-1 6-4,89,18,816,2026
Charleston,WTA500,2026/4/5,Clay,F,3,Jessica Pegula,Yuliia Starodubtseva,6-2 6-2,5,89,6243,816
Linz,WTA500,2026/4/6,Clay,R32,3,Dalma Galfi,Alycia Parks,6-3 6-3,103,93,769,814
Linz,WTA500,2026/4/6,Clay,R32,3,Elena Gabriela Ruse,Katie Boulter,7-6 7-6,87,62,840,1012
Linz,WTA500,2026/4/6,Clay,R32,3,Sloane Stephens,Tatjana Maria,1-6 7-6 6-4,552,61,90,1023
Linz,WTA500,2026/4/7,Clay,R32,3,Dayana Yastremska,Ann Li,7-5 4-6 6-3,49,36,1172,1356
Linz,WTA500,2026/4/7,Clay,R32,3,Tamara Korpatsch,Jaqueline Cristian,4-6 6-1 6-4,109,33,737,1382
Linz,WTA500,2026/4/7,Clay,R32,3,Sorana Cirstea,Sinja Kraus,6-3 6-3,29,119,1459,699
Linz,WTA500,2026/4/7,Clay,R32,3,Lilli Tagger,Paula Badosa,6-4 7-6,117,102,705,771
Linz,WTA500,2026/4/7,Clay,R32,3,Donna Vekic,Katie Volynets,6-3 3-6 6-4,104,88,762,831
Linz,WTA500,2026/4/7,Clay,R32,3,Alexandra Eala,Julia Grabher,6-4 6-3,46,89,1255,829
Linz,WTA500,2026/4/7,Clay,R32,3,Karolina Pliskova,Aliaksandra Sasnovich,6-4 6-4,258,115,267,716
Linz,WTA500,2026/4/8,Clay,R32,3,Anhelina Kalinina,Panna Udvardy,5-7 6-1 6-0,120,71,695,918
Linz,WTA500,2026/4/8,Clay,R32,3,Anastasia Potapova,Shuai Zhang,6-4 6-4,97,64,800,989
Linz,WTA500,2026/4/8,Clay,R16,3,Elena Gabriela Ruse,Dayana Yastremska,4-6 6-4 6-4,87,49,840,1172
Linz,WTA500,2026/4/8,Clay,R16,3,Jelena Ostapenko,Alexandra Eala,6-4 7-5,23,46,1706,1255
Linz,WTA500,2026/4/8,Clay,R16,3,Mirra Andreeva,Sloane Stephens,6-4 6-2,10,552,3121,90
Linz,WTA500,2026/4/8,Clay,R16,3,Sorana Cirstea,Dalma Galfi,5-0 RET,29,103,1459,769
Linz,WTA500,2026/4/9,Clay,R16,3,Donna Vekic,Anhelina Kalinina,W/O,104,120,762,695
Linz,WTA500,2026/4/9,Clay,R16,3,Lilli Tagger,Liudmila Samsonova,6-2 7-6,117,21,705,1845
Linz,WTA500,2026/4/9,Clay,R16,3,Karolina Pliskova,Ekaterina Alexandrova,6-1 6-3,258,13,267,2886
Linz,WTA500,2026/4/9,Clay,R16,3,Anastasia Potapova,Tamara Korpatsch,6-2 6-1,97,109,800,737
Linz,WTA500,2026/4/10,Clay,QF,3,Elena Gabriela Ruse,Jelena Ostapenko,4-6 6-4 6-1,87,23,840,1706
Linz,WTA500,2026/4/10,Clay,QF,3,Mirra Andreeva,Sorana Cirstea,7-6 4-6 6-2,10,29,3121,1459
Linz,WTA500,2026/4/10,Clay,QF,3,Anastasia Potapova,Lilli Tagger,7-6 6-0,97,117,800,705
Linz,WTA500,2026/4/10,Clay,QF,3,Donna Vekic,Karolina Pliskova,7-5 6-4,104,258,762,267
Linz,WTA500,2026/4/11,Clay,SF,3,Mirra Andreeva,Elena Gabriela Ruse,6-4 6-1,10,87,3121,840
Linz,WTA500,2026/4/11,Clay,SF,3,Anastasia Potapova,Donna Vekic,6-4 6-2,97,104,800,762
Linz,WTA500,2026/4/12,Clay,F,3,Mirra Andreeva,Anastasia Potapova,1-6 6-4 6-3,10,97,3121,800
Rouen,WTA250,2026/4/13,Clay,R32,3,Ann Li,Daria Kasatkina,6-7 6-2 6-4,36,70,1356,918
Rouen,WTA250,2026/4/13,Clay,R32,3,Kamilla Rakhimova,Elvina Kalieva,6-3 7-6,72,140,914,543
Rouen,WTA250,2026/4/13,Clay,R32,3,Veronika Podrez,Sloane Stephens,6-2 6-1,206,552,338,90
Rouen,WTA250,2026/4/13,Clay,R32,3,Katie Boulter,Maria Timofeeva,6-2 6-2,62,153,1012,494
Rouen,WTA250,2026/4/14,Clay,R32,3,Dominika Salkova,Anna Blinkova,7-5 6-1,124,90,613,819
Rouen,WTA250,2026/4/14,Clay,R32,3,Iryna Shymanovich,Linda Fruhvirtova,6-3 7-5,182,143,398,541
Rouen,WTA250,2026/4/14,Clay,R32,3,Marta Kostyuk,Diane Parry,6-1 6-4,27,95,1473,806
Rouen,WTA250,2026/4/14,Clay,R32,3,Caty Mcnally,Katie Volynets,1-6 6-1 6-1,69,88,919,831
Rouen,WTA250,2026/4/14,Clay,R32,3,Xinyu Wang,Chloe Paquet,3-6 6-4 6-3,32,236,1383,295
Rouen,WTA250,2026/4/14,Clay,R32,3,Elisabetta Cocciaretto,Alina Charaeva,6-3 4-6 6-2,42,126,1310,600
Rouen,WTA250,2026/4/14,Clay,R32,3,Jaqueline Cristian,Tiantsoa Sarah Rakotomanga Rajaonah,2-6 7-6 7-5,33,136,1382,565
Rouen,WTA250,2026/4/14,Clay,R32,3,Hailey Baptiste,Jessika Ponchet,3-6 7-6 6-2,35,170,1372,427
Rouen,WTA250,2026/4/15,Clay,R32,3,Oleksandra Oliynykova,Lilli Tagger,6-3 4-6 6-4,68,117,931,705
Rouen,WTA250,2026/4/15,Clay,R32,3,Anna Bondar,Harmony Tan,6-2 4-6 6-0,63,202,999,352
Rouen,WTA250,2026/4/15,Clay,R32,3,Tatjana Maria,Elsa Jacquemot,6-4 6-3,61,59,1023,1029
Rouen,WTA250,2026/4/15,Clay,R32,3,Sorana Cirstea,Fiona Ferro,6-3 6-7 7-6,29,216,1459,323
Rouen,WTA250,2026/4/15,Clay,R16,3,Ann Li,Kamilla Rakhimova,4-6 6-2 6-3,36,72,1356,914
Rouen,WTA250,2026/4/15,Clay,R16,3,Marta Kostyuk,Caty Mcnally,2-6 6-2 6-1,27,69,1473,919
Rouen,WTA250,2026/4/15,Clay,R16,3,Katie Boulter,Jaqueline Cristian,7-6 4-6 6-1,62,33,1012,1382
Rouen,WTA250,2026/4/16,Clay,R16,3,Tatjana Maria,Dominika Salkova,6-3 6-2,61,124,1023,613
Rouen,WTA250,2026/4/16,Clay,R16,3,Iryna Shymanovich,Hailey Baptiste,6-3 5-7 6-3,182,35,398,1372
Rouen,WTA250,2026/4/16,Clay,R16,3,Veronika Podrez,Elisabetta Cocciaretto,7-6 4-6 6-4,206,42,338,1310
Rouen,WTA250,2026/4/16,Clay,R16,3,Sorana Cirstea,Xinyu Wang,5-3 RET,29,32,1459,1383
Rouen,WTA250,2026/4/16,Clay,R16,3,Anna Bondar,Oleksandra Oliynykova,6-0 4-6 6-0,63,68,999,931
Rouen,WTA250,2026/4/17,Clay,QF,3,Tatjana Maria,Iryna Shymanovich,7-6 6-2,61,182,1023,398
Rouen,WTA250,2026/4/17,Clay,QF,3,Veronika Podrez,Katie Boulter,6-4 6-1,206,62,338,1012
Rouen,WTA250,2026/4/17,Clay,QF,3,Marta Kostyuk,Ann Li,6-0 6-7 6-3,27,36,1473,1356
Rouen,WTA250,2026/4/17,Clay,QF,3,Sorana Cirstea,Anna Bondar,7-6 6-2,29,63,1459,999
Rouen,WTA250,2026/4/18,Clay,SF,3,Marta Kostyuk,Tatjana Maria,6-3 6-0,27,61,1473,1023
Rouen,WTA250,2026/4/18,Clay,SF,3,Veronika Podrez,Sorana Cirstea,W/O,206,29,338,1459
Rouen,WTA250,2026/4/19,Clay,F,3,Marta Kostyuk,Veronika Podrez,6-3 6-4,27,206,1473,338
Stuttgart,WTA500,2026/4/13,Clay,R32,3,Laura Siegemund,Viktoriya Tomova,4-6 7-6 6-1,51,155,1158,480
Stuttgart,WTA500,2026/4/13,Clay,R32,3,Liudmila Samsonova,Antonia Ruzic,6-0 6-4,21,57,1845,1046
Stuttgart,WTA500,2026/4/14,Clay,R32,3,Karolina Muchova,Aliaksandra Sasnovich,6-2 6-4,12,115,2993,716
Stuttgart,WTA500,2026/4/14,Clay,R32,3,Elise Mertens,Ella Seidel,6-3 6-4,20,85,1906,850
Stuttgart,WTA500,2026/4/14,Clay,R32,3,Ekaterina Alexandrova,Gabriela Andrea Knutson,6-2 6-2,13,223,2886,311
Stuttgart,WTA500,2026/4/14,Clay,R32,3,Leylah Fernandez,Alexandra Eala,6-1 6-4,25,46,1598,1255
Stuttgart,WTA500,2026/4/14,Clay,R32,3,Eva Lys,Paula Badosa,2-6 7-5 6-4,75,102,891,771
Stuttgart,WTA500,2026/4/14,Clay,R32,3,Diana Shnaider,Tamara Korpatsch,6-3 6-1,19,109,2001,737
Stuttgart,WTA500,2026/4/15,Clay,R32,3,Zeynep Sonmez,Jasmine Paolini,6-2 6-2,76,8,891,3907
Stuttgart,WTA500,2026/4/15,Clay,R32,3,Alycia Parks,Noma Noha Akugue,6-4 6-2,93,192,814,378
Stuttgart,WTA500,2026/4/15,Clay,R32,3,Linda Noskova,Shuai Zhang,5-7 6-1 6-4,14,64,2801,989
Stuttgart,WTA500,2026/4/15,Clay,R32,3,Mirra Andreeva,Jelena Ostapenko,5-7 6-2 6-4,10,23,3121,1706
Stuttgart,WTA500,2026/4/15,Clay,R16,3,Iga Swiatek,Laura Siegemund,6-2 6-3,4,51,7263,1158
Stuttgart,WTA500,2026/4/15,Clay,R16,3,Elina Svitolina,Eva Lys,6-1 6-0,7,75,3965,891
Stuttgart,WTA500,2026/4/16,Clay,R16,3,Karolina Muchova,Elise Mertens,1-6 6-3 6-0,12,20,2993,1906
Stuttgart,WTA500,2026/4/16,Clay,R16,3,Linda Noskova,Ekaterina Alexandrova,6-1 6-1,14,13,2801,2886
Stuttgart,WTA500,2026/4/16,Clay,R16,3,Mirra Andreeva,Alycia Parks,7-6 6-3,10,93,3121,814
Stuttgart,WTA500,2026/4/16,Clay,R16,3,Elena Rybakina,Diana Shnaider,6-3 6-4,2,19,8108,2001
Stuttgart,WTA500,2026/4/16,Clay,R16,3,Coco Gauff,Liudmila Samsonova,7-5 6-1,3,21,7278,1845
Stuttgart,WTA500,2026/4/16,Clay,R16,3,Leylah Fernandez,Zeynep Sonmez,6-7 6-1 7-6,25,76,1598,891
Stuttgart,WTA500,2026/4/17,Clay,QF,3,Elina Svitolina,Linda Noskova,7-6 7-5,7,14,3965,2801
Stuttgart,WTA500,2026/4/17,Clay,QF,3,Karolina Muchova,Coco Gauff,6-3 5-7 6-3,12,3,2993,7278
Stuttgart,WTA500,2026/4/17,Clay,QF,3,Mirra Andreeva,Iga Swiatek,3-6 6-4 6-3,10,4,3121,7263
Stuttgart,WTA500,2026/4/17,Clay,QF,3,Elena Rybakina,Leylah Fernandez,6-7 6-4 7-6,2,25,8108,1598
Stuttgart,WTA500,2026/4/18,Clay,SF,3,Karolina Muchova,Elina Svitolina,6-4 2-6 6-4,12,7,2993,3965
Stuttgart,WTA500,2026/4/18,Clay,SF,3,Elena Rybakina,Mirra Andreeva,7-5 6-1,2,10,8108,3121
Stuttgart,WTA500,2026/4/19,Clay,F,3,Elena Rybakina,Karolina Muchova,7-5 6-1,2,12,8108,2993
Madrid,WTA1000,2026/4/21,Clay,R128,3,Petra Marcinko,Victoria Jimenez Kasintseva,6-0 7-5,74,115,919,711
Madrid,WTA1000,2026/4/21,Clay,R128,3,Laura Samson,Tatjana Maria,6-4 6-2,171,54,428,1106
Madrid,WTA1000,2026/4/21,Clay,R128,3,Laura Siegemund,Irina Camelia Begu,6-4 6-0,47,182,1217,399
Madrid,WTA1000,2026/4/21,Clay,R128,3,Jessica Bouzas Maneiro,Beatriz Haddad Maia,6-1 6-1,50,69,1186,947
Madrid,WTA1000,2026/4/21,Clay,R128,3,Julia Grabher,Paula Badosa,7-6 4-6 6-0,107,103,746,771
Madrid,WTA1000,2026/4/21,Clay,R128,3,Anna Bondar,Viktorija Golubic,6-2 6-3,63,81,1023,881
Madrid,WTA1000,2026/4/21,Clay,R128,3,Magda Linette,Robin Montgomery,6-4 6-3,57,339,1059,188
Madrid,WTA1000,2026/4/21,Clay,R128,3,Kaitlin Quevedo,Venus Williams,6-2 6-4,140,479,541,113
Madrid,WTA1000,2026/4/21,Clay,R128,3,Camila Osorio,Anastasia Zakharova,6-0 6-3,83,79,876,894
Madrid,WTA1000,2026/4/21,Clay,R128,3,Peyton Stearns,Lois Boisson,6-1 6-3,43,46,1296,1259
Madrid,WTA1000,2026/4/22,Clay,R128,3,Elena Gabriela Ruse,Antonia Ruzic,6-3 4-6 6-0,71,59,937,1046
Madrid,WTA1000,2026/4/22,Clay,R128,3,Zeynep Sonmez,Carlota Martinez Cirez,7-5 6-2,67,352,963,180
Madrid,WTA1000,2026/4/22,Clay,R128,3,Panna Udvardy,Kimberly Birrell,6-4 1-6 6-1,78,82,906,880
Madrid,WTA1000,2026/4/22,Clay,R128,3,Shuai Zhang,Eva Lys,6-4 6-3,65,72,989,926
Madrid,WTA1000,2026/4/22,Clay,R128,3,Daria Snigur,Daria Kasatkina,6-3 3-6 7-6,98,75,796,918
Madrid,WTA1000,2026/4/22,Clay,R128,3,Dalma Galfi,Ajla Tomljanovic,7-6 6-4,117,85,704,867
Madrid,WTA1000,2026/4/22,Clay,R128,3,Alycia Parks,Elisabetta Cocciaretto,6-3 6-2,84,41,872,1310
Madrid,WTA1000,2026/4/22,Clay,R128,3,Yuliia Starodubtseva,Moyuka Uchijima,6-3 1-6 6-3,53,94,1139,810
Madrid,WTA1000,2026/4/22,Clay,R128,3,Alexandra Eala,Anastasia Pavlyuchenkova,6-3 6-3,44,116,1285,707
Madrid,WTA1000,2026/4/22,Clay,R128,3,Anhelina Kalinina,Kamilla Rakhimova,6-2 5-7 6-2,110,73,738,919
Madrid,WTA1000,2026/4/22,Clay,R128,3,Emiliana Arango,Talia Gibson,6-3 6-2,86,58,843,1050
Madrid,WTA1000,2026/4/22,Clay,R128,3,Janice Tjen,Alina Charaeva,6-4 6-2,39,129,1317,573
Madrid,WTA1000,2026/4/22,Clay,R128,3,Yulia Putintseva,Tereza Valentova,6-4 4-6 6-3,80,51,893,1161
Madrid,WTA1000,2026/4/22,Clay,R128,3,Solana Sierra,Dayana Yastremska,7-6 7-6,88,49,825,1200
Madrid,WTA1000,2026/4/22,Clay,R128,3,Simona Waltert,Oleksandra Oliynykova,7-5 6-0,97,70,796,945
Madrid,WTA1000,2026/4/22,Clay,R128,3,Karolina Pliskova,Sinja Kraus,2-6 6-1 6-4,197,104,375,765
Madrid,WTA1000,2026/4/22,Clay,R128,3,Leolia Jeanjean,Oksana Selekhmeteva,6-4 6-1,126,77,586,910
Madrid,WTA1000,2026/4/22,Clay,R128,3,Sofia Kenin,Ashlyn Krueger,7-6 6-4,68,108,952,741
Madrid,WTA1000,2026/4/22,Clay,R128,3,Katie Boulter,Taylor Townsend,6-4 6-2,61,90,1036,814
Madrid,WTA1000,2026/4/22,Clay,R128,3,Katerina Siniakova,Elvina Kalieva,6-3 6-4,42,134,1299,562
Madrid,WTA1000,2026/4/22,Clay,R128,3,Caty Mcnally,Katie Volynets,6-1 6-2,76,101,916,775
Madrid,WTA1000,2026/4/22,Clay,R128,3,Tyra Caterina Grant,Elsa Jacquemot,6-1 6-2,262,62,260,1029
Madrid,WTA1000,2026/4/23,Clay,R64,3,Belinda Bencic,Petra Marcinko,6-4 6-2,12,74,3090,919
Madrid,WTA1000,2026/4/23,Clay,R64,3,Anna Bondar,Elina Svitolina,6-3 6-4,63,7,1023,3910
Madrid,WTA1000,2026/4/23,Clay,R64,3,Jaqueline Cristian,Yuliia Starodubtseva,3-6 7-6 6-4,33,53,1382,1139
Madrid,WTA1000,2026/4/23,Clay,R64,3,Laura Samson,Xinyu Wang,2-6 6-3 6-0,171,31,428,1401
Madrid,WTA1000,2026/4/23,Clay,R64,3,Diana Shnaider,Jessica Bouzas Maneiro,3-6 7-5 6-1,19,50,2001,1186
Madrid,WTA1000,2026/4/23,Clay,R64,3,Iga Swiatek,Daria Snigur,6-1 6-2,4,98,7273,796
Madrid,WTA1000,2026/4/23,Clay,R64,3,Dalma Galfi,Anna Kalinskaya,6-3 6-3,117,22,704,1813
Madrid,WTA1000,2026/4/23,Clay,R64,3,Anhelina Kalinina,Marie Bouzkova,6-4 6-3,110,24,738,1676
Madrid,WTA1000,2026/4/23,Clay,R64,3,Jasmine Paolini,Laura Siegemund,3-6 6-2 6-4,9,47,3722,1217
Madrid,WTA1000,2026/4/23,Clay,R64,3,Aryna Sabalenka,Peyton Stearns,7-5 6-3,1,43,10895,1296
Madrid,WTA1000,2026/4/23,Clay,R64,3,Ann Li,Alycia Parks,6-2 6-7 6-3,34,84,1380,872
Madrid,WTA1000,2026/4/23,Clay,R64,3,Naomi Osaka,Camila Osorio,6-2 7-5,15,83,2324,876
Madrid,WTA1000,2026/4/23,Clay,R64,3,Iva Jovic,Magda Linette,6-4 6-1,16,57,2270,1059
Madrid,WTA1000,2026/4/23,Clay,R64,3,Leylah Fernandez,Julia Grabher,6-2 6-3,25,107,1646,746
Madrid,WTA1000,2026/4/23,Clay,R64,3,Mirra Andreeva,Panna Udvardy,7-5 6-2,8,78,3746,906
Madrid,WTA1000,2026/4/23,Clay,R64,3,Hailey Baptiste,Kaitlin Quevedo,6-1 6-4,32,140,1392,541
Madrid,WTA1000,2026/4/24,Clay,R64,3,Solana Sierra,Magdalena Frech,6-2 6-4,88,38,825,1318
Madrid,WTA1000,2026/4/24,Clay,R64,3,Karolina Pliskova,Maria Sakkari,6-4 7-6,197,37,375,1348
Madrid,WTA1000,2026/4/24,Clay,R64,3,Anastasia Potapova,Shuai Zhang,6-3 6-1,56,65,1065,989
Madrid,WTA1000,2026/4/24,Clay,R64,3,Qinwen Zheng,Sofia Kenin,1-6 6-3 6-3,36,68,1350,952
Madrid,WTA1000,2026/4/24,Clay,R64,3,Zeynep Sonmez,Cristina Bucsa,6-1 6-7 6-2,67,30,963,1426
Madrid,WTA1000,2026/4/24,Clay,R64,3,Liudmila Samsonova,Janice Tjen,6-2 6-1,20,39,1895,1317
Madrid,WTA1000,2026/4/24,Clay,R64,3,Elise Mertens,Alexandra Eala,6-2 6-1,21,44,1858,1285
Madrid,WTA1000,2026/4/24,Clay,R64,3,Elena Rybakina,Elena Gabriela Ruse,4-6 6-3 7-5,2,71,8500,937
Madrid,WTA1000,2026/4/24,Clay,R64,3,Jelena Ostapenko,Simona Waltert,6-2 7-5,40,97,1314,796
Madrid,WTA1000,2026/4/24,Clay,R64,3,Sorana Cirstea,Tyra Caterina Grant,6-2 7-6,26,262,1540,260
Madrid,WTA1000,2026/4/24,Clay,R64,3,Linda Noskova,Emiliana Arango,6-3 6-2,13,86,2849,843
Madrid,WTA1000,2026/4/24,Clay,R64,3,Marta Kostyuk,Yulia Putintseva,6-1 6-3,23,80,1722,893
Madrid,WTA1000,2026/4/24,Clay,R64,3,Katerina Siniakova,Anna Blinkova,6-2 6-2,42,89,1299,819
Madrid,WTA1000,2026/4/24,Clay,R64,3,Coco Gauff,Leolia Jeanjean,6-3 6-0,3,126,7279,586
Madrid,WTA1000,2026/4/24,Clay,R64,3,Caty Mcnally,Victoria Mboko,6-4 6-1,76,10,916,3531
Madrid,WTA1000,2026/4/24,Clay,R64,3,Jessica Pegula,Katie Boulter,6-4 6-4,5,61,6136,1036
Madrid,WTA1000,2026/4/25,Clay,R32,3,Belinda Bencic,Diana Shnaider,6-2 7-6,12,19,3090,2001
Madrid,WTA1000,2026/4/25,Clay,R32,3,Anna Bondar,Laura Samson,7-6 6-1,63,171,1023,428
Madrid,WTA1000,2026/4/25,Clay,R32,3,Leylah Fernandez,Iva Jovic,3-6 6-3 6-2,25,16,1646,2270
Madrid,WTA1000,2026/4/25,Clay,R32,3,Mirra Andreeva,Dalma Galfi,6-3 6-2,8,117,3746,704
Madrid,WTA1000,2026/4/25,Clay,R32,3,Ann Li,Iga Swiatek,7-6 2-6 3-0 RET,34,4,1380,7273
Madrid,WTA1000,2026/4/25,Clay,R32,3,Hailey Baptiste,Jasmine Paolini,7-5 6-3,32,9,1392,3722
Madrid,WTA1000,2026/4/25,Clay,R32,3,Aryna Sabalenka,Jaqueline Cristian,6-1 6-4,1,33,10895,1382
Madrid,WTA1000,2026/4/25,Clay,R32,3,Naomi Osaka,Anhelina Kalinina,6-1 6-3,15,110,2324,738
Madrid,WTA1000,2026/4/26,Clay,R32,3,Coco Gauff,Sorana Cirstea,4-6 7-5 6-1,3,26,7279,1540
Madrid,WTA1000,2026/4/26,Clay,R32,3,Solana Sierra,Zeynep Sonmez,0-6 6-2 6-3,88,67,825,963
Madrid,WTA1000,2026/4/26,Clay,R32,3,Caty Mcnally,Katerina Siniakova,6-3 2-6 7-6,76,42,916,1299
Madrid,WTA1000,2026/4/26,Clay,R32,3,Linda Noskova,Liudmila Samsonova,W/O,13,20,2849,1895
Madrid,WTA1000,2026/4/26,Clay,R32,3,Karolina Pliskova,Elise Mertens,7-5 2-6 7-6,197,21,375,1858
Madrid,WTA1000,2026/4/26,Clay,R32,3,Marta Kostyuk,Jessica Pegula,6-1 6-4,23,5,1722,6136
Madrid,WTA1000,2026/4/26,Clay,R32,3,Elena Rybakina,Qinwen Zheng,4-6 6-4 6-3,2,36,8500,1350
Madrid,WTA1000,2026/4/26,Clay,R32,3,Anastasia Potapova,Jelena Ostapenko,4-6 6-4 6-4,56,40,1065,1314
Madrid,WTA1000,2026/4/27,Clay,R16,3,Hailey Baptiste,Belinda Bencic,6-1 6-7 6-3,32,12,1392,3090
Madrid,WTA1000,2026/4/27,Clay,R16,3,Leylah Fernandez,Ann Li,6-3 6-2,25,34,1646,1380
Madrid,WTA1000,2026/4/27,Clay,R16,3,Aryna Sabalenka,Naomi Osaka,6-7 6-3 6-2,1,15,10895,2324
Madrid,WTA1000,2026/4/27,Clay,R16,3,Karolina Pliskova,Solana Sierra,6-4 6-3,197,88,375,825
Madrid,WTA1000,2026/4/27,Clay,R16,3,Mirra Andreeva,Anna Bondar,6-7 6-3 7-6,8,63,3746,1023
Madrid,WTA1000,2026/4/27,Clay,R16,3,Linda Noskova,Coco Gauff,6-4 1-6 7-6,13,3,2849,7279
Madrid,WTA1000,2026/4/27,Clay,R16,3,Marta Kostyuk,Caty Mcnally,6-2 6-3,23,76,1722,916
Madrid,WTA1000,2026/4/27,Clay,R16,3,Anastasia Potapova,Elena Rybakina,7-6 6-4,56,2,1065,8500
Madrid,WTA1000,2026/4/28,Clay,QF,3,Mirra Andreeva,Leylah Fernandez,7-6 6-3,8,25,3746,1646
Madrid,WTA1000,2026/4/28,Clay,QF,3,Hailey Baptiste,Aryna Sabalenka,2-6 6-2 7-6,32,1,1392,10895
Madrid,WTA1000,2026/4/29,Clay,QF,3,Anastasia Potapova,Karolina Pliskova,6-1 6-7 6-3,56,197,1065,375
Madrid,WTA1000,2026/4/29,Clay,QF,3,Marta Kostyuk,Linda Noskova,7-6 6-0,23,13,1722,2849
Madrid,WTA1000,2026/4/30,Clay,SF,3,Mirra Andreeva,Hailey Baptiste,6-4 7-6,8,32,3746,1392
Madrid,WTA1000,2026/4/30,Clay,SF,3,Marta Kostyuk,Anastasia Potapova,6-2 1-6 6-1,23,56,1722,1065
Madrid,WTA1000,2026/5/2,Clay,F,3,Marta Kostyuk,Mirra Andreeva,6-3 7-5,23,8,1722,3746
Rome,WTA1000,2026/5/5,Clay,R128,3,Barbora Krejcikova,Elsa Jacquemot,6-2 6-4,53,64,1156,1007
Rome,WTA1000,2026/5/5,Clay,R128,3,Qinwen Zheng,Anna Bondar,3-6 6-3 6-4,32,58,1405,1043
Rome,WTA1000,2026/5/5,Clay,R128,3,Oleksandra Oliynykova,Petra Marcinko,6-1 6-3,68,69,940,934
Rome,WTA1000,2026/5/5,Clay,R128,3,Bianca Andreescu,Sofia Kenin,6-4 7-5,137,74,564,922
Rome,WTA1000,2026/5/5,Clay,R128,3,Antonia Ruzic,Kamilla Rakhimova,6-4 1-6 6-3,59,76,1041,919
Rome,WTA1000,2026/5/5,Clay,R128,3,Mccartney Kessler,Lucia Bronzetti,6-3 5-7 6-4,50,173,1204,459
Rome,WTA1000,2026/5/5,Clay,R128,3,Anastasia Zakharova,Dayana Yastremska,4-6 7-5 7-6,81,52,888,1175
Rome,WTA1000,2026/5/5,Clay,R128,3,Zeynep Sonmez,Jennifer Ruggeri,4-6 6-2 6-2,65,265,998,260
Rome,WTA1000,2026/5/5,Clay,R128,3,Talia Gibson,Martina Trevisan,6-4 0-6 6-3,62,516,1021,100
Rome,WTA1000,2026/5/5,Clay,R128,3,Ann Li,Shuai Zhang,1-6 6-4 6-2,29,73,1435,924
Rome,WTA1000,2026/5/6,Clay,R128,3,Tatjana Maria,Magda Linette,6-0 6-3,54,55,1086,1084
Rome,WTA1000,2026/5/6,Clay,R128,3,Panna Udvardy,Alina Korneeva,6-2 7-6,71,122,931,657
Rome,WTA1000,2026/5/6,Clay,R128,3,Jelena Ostapenko,Lucrezia Stefanini,6-0 6-1,36,154,1369,495
Rome,WTA1000,2026/5/6,Clay,R128,3,Alexandra Eala,Magdalena Frech,6-0 3-6 6-4,42,45,1285,1263
Rome,WTA1000,2026/5/6,Clay,R128,3,Leolia Jeanjean,Beatriz Haddad Maia,7-6 6-4,127,78,608,904
Rome,WTA1000,2026/5/6,Clay,R128,3,Katerina Siniakova,Lois Boisson,6-2 6-3,39,43,1342,1268
Rome,WTA1000,2026/5/6,Clay,R128,3,Tyra Caterina Grant,Lisa Pigato,1-6 6-2 6-4,234,141,305,547
Rome,WTA1000,2026/5/6,Clay,R128,3,Viktorija Golubic,Federica Urgesi,6-1 6-1,90,410,854,145
Rome,WTA1000,2026/5/6,Clay,R128,3,Laura Siegemund,Sara Bejlek,6-4 6-4,46,37,1250,1360
Rome,WTA1000,2026/5/6,Clay,R128,3,Solana Sierra,Tamara Korpatsch,6-3 6-1,72,87,924,868
Rome,WTA1000,2026/5/6,Clay,R128,3,Taylor Townsend,Nuria Brancaccio,6-3 6-2,96,171,824,463
Rome,WTA1000,2026/5/6,Clay,R128,3,Peyton Stearns,Janice Tjen,6-4 6-4,49,40,1211,1317
Rome,WTA1000,2026/5/6,Clay,R128,3,Maria Sakkari,Lilli Tagger,5-7 6-3 6-0,47,92,1238,836
Rome,WTA1000,2026/5/6,Clay,R128,3,Tereza Valentova,Yulia Putintseva,6-3 6-2,48,77,1231,918
Rome,WTA1000,2026/5/6,Clay,R128,3,Anastasia Potapova,Dalma Galfi,5-7 6-2 6-4,38,119,1355,674
Rome,WTA1000,2026/5/6,Clay,R128,3,Rebeka Masarova,Oksana Selekhmeteva,7-5 5-7 6-1,160,84,479,871
Rome,WTA1000,2026/5/6,Clay,R128,3,Eva Lys,Katie Boulter,6-4 3-6 6-4,80,60,901,1036
Rome,WTA1000,2026/5/6,Clay,R128,3,Karolina Pliskova,Jessica Bouzas Maneiro,4-6 6-3 7-5,130,51,590,1186
Rome,WTA1000,2026/5/6,Clay,R128,3,Elisabetta Cocciaretto,Sinja Kraus,6-2 6-4,41,103,1290,780
Rome,WTA1000,2026/5/6,Clay,R128,3,Caty Mcnally,Daria Kasatkina,6-2 6-3,63,66,1018,987
Rome,WTA1000,2026/5/7,Clay,R128,3,Noemi Basiletti,Ajla Tomljanovic,7-5 6-4,427,88,137,867
Rome,WTA1000,2026/5/7,Clay,R128,3,Simona Waltert,Yuliia Starodubtseva,7-5 4-6 6-1,91,57,840,1044
Rome,WTA1000,2026/5/7,Clay,R64,3,Qinwen Zheng,Cristina Bucsa,7-6 6-2,32,31,1405,1406
Rome,WTA1000,2026/5/7,Clay,R64,3,Mirra Andreeva,Antonia Ruzic,6-1 6-0,7,59,4181,1041
Rome,WTA1000,2026/5/7,Clay,R64,3,Elise Mertens,Panna Udvardy,6-4 6-2,22,71,1858,931
Rome,WTA1000,2026/5/7,Clay,R64,3,Jasmine Paolini,Leolia Jeanjean,6-7 6-2 6-4,8,127,3722,608
Rome,WTA1000,2026/5/7,Clay,R64,3,Linda Noskova,Anastasia Zakharova,6-4 6-1,13,81,2999,888
Rome,WTA1000,2026/5/7,Clay,R64,3,Sorana Cirstea,Tatjana Maria,6-2 6-0,27,54,1595,1086
Rome,WTA1000,2026/5/7,Clay,R64,3,Oleksandra Oliynykova,Clara Tauson,6-1 3-1 RET,68,18,940,2030
Rome,WTA1000,2026/5/7,Clay,R64,3,Viktorija Golubic,Maya Joint,7-5 6-2,90,34,854,1380
Rome,WTA1000,2026/5/7,Clay,R64,3,Anna Kalinskaya,Katerina Siniakova,4-6 7-6 7-5,24,39,1758,1342
Rome,WTA1000,2026/5/7,Clay,R64,3,Coco Gauff,Tereza Valentova,6-3 6-4,4,48,6749,1231
Rome,WTA1000,2026/5/7,Clay,R64,3,Jelena Ostapenko,Elena Gabriela Ruse,2-6 6-2 6-3,36,67,1369,963
Rome,WTA1000,2026/5/7,Clay,R64,3,Belinda Bencic,Bianca Andreescu,6-4 6-1,12,137,3090,564
Rome,WTA1000,2026/5/7,Clay,R64,3,Taylor Townsend,Marie Bouzkova,6-3 7-5,96,26,824,1651
Rome,WTA1000,2026/5/7,Clay,R64,3,Solana Sierra,Anhelina Kalinina,6-2 6-3,72,93,924,833
Rome,WTA1000,2026/5/7,Clay,R64,3,Iva Jovic,Mccartney Kessler,7-6 7-6,17,50,2235,1204
Rome,WTA1000,2026/5/7,Clay,R64,3,Aryna Sabalenka,Barbora Krejcikova,6-2 6-3,1,53,10110,1156
Rome,WTA1000,2026/5/8,Clay,R64,3,Alexandra Eala,Xinyu Wang,6-4 6-3,42,33,1285,1401
Rome,WTA1000,2026/5/8,Clay,R64,3,Diana Shnaider,Talia Gibson,5-7 6-1 6-1,20,62,1946,1021
Rome,WTA1000,2026/5/8,Clay,R64,3,Iga Swiatek,Caty Mcnally,6-1 6-7 6-3,3,63,6948,1018
Rome,WTA1000,2026/5/8,Clay,R64,3,Liudmila Samsonova,Ann Li,6-4 6-3,21,29,1895,1435
Rome,WTA1000,2026/5/8,Clay,R64,3,Anastasia Potapova,Karolina Muchova,6-3 6-2,38,11,1355,3318
Rome,WTA1000,2026/5/8,Clay,R64,3,Madison Keys,Peyton Stearns,4-6 6-4 6-2,19,49,1946,1211
Rome,WTA1000,2026/5/8,Clay,R64,3,Naomi Osaka,Eva Lys,6-4 4-6 6-3,16,80,2341,901
Rome,WTA1000,2026/5/8,Clay,R64,3,Jessica Pegula,Zeynep Sonmez,6-4 6-0,5,65,6136,998
Rome,WTA1000,2026/5/8,Clay,R64,3,Laura Siegemund,Ekaterina Alexandrova,6-4 6-7 6-1,46,14,1250,2669
Rome,WTA1000,2026/5/8,Clay,R64,3,Hailey Baptiste,Simona Waltert,6-7 6-4 6-4,25,91,1747,840
Rome,WTA1000,2026/5/8,Clay,R64,3,Nikola Bartunkova,Tyra Caterina Grant,4-6 6-3 6-4,94,234,831,305
Rome,WTA1000,2026/5/8,Clay,R64,3,Elina Svitolina,Noemi Basiletti,6-1 6-3,10,427,3530,137
Rome,WTA1000,2026/5/8,Clay,R64,3,Karolina Pliskova,Jaqueline Cristian,6-7 7-6 6-4,130,28,590,1437
Rome,WTA1000,2026/5/8,Clay,R64,3,Rebeka Masarova,Leylah Fernandez,4-6 6-4 6-4,160,23,479,1851
Rome,WTA1000,2026/5/8,Clay,R64,3,Elisabetta Cocciaretto,Emma Navarro,6-3 6-3,41,35,1290,1377
Rome,WTA1000,2026/5/8,Clay,R64,3,Elena Rybakina,Maria Sakkari,6-4 6-1,2,47,8555,1238
Rome,WTA1000,2026/5/9,Clay,R32,3,Coco Gauff,Solana Sierra,5-7 6-0 6-4,4,72,6749,924
Rome,WTA1000,2026/5/9,Clay,R32,3,Linda Noskova,Oleksandra Oliynykova,6-1 6-3,13,68,2999,940
Rome,WTA1000,2026/5/9,Clay,R32,3,Elise Mertens,Jasmine Paolini,4-6 7-6 6-3,22,8,1858,3722
Rome,WTA1000,2026/5/9,Clay,R32,3,Jelena Ostapenko,Qinwen Zheng,4-6 6-4 6-4,36,32,1369,1405
Rome,WTA1000,2026/5/9,Clay,R32,3,Sorana Cirstea,Aryna Sabalenka,2-6 6-3 7-5,27,1,1595,10110
Rome,WTA1000,2026/5/9,Clay,R32,3,Mirra Andreeva,Viktorija Golubic,6-1 4-6 6-0,7,90,4181,854
Rome,WTA1000,2026/5/9,Clay,R32,3,Iva Jovic,Taylor Townsend,7-5 6-2,17,96,2235,824
Rome,WTA1000,2026/5/9,Clay,R32,3,Anna Kalinskaya,Belinda Bencic,6-4 6-3,24,12,1758,3090
Rome,WTA1000,2026/5/10,Clay,R32,3,Nikola Bartunkova,Madison Keys,6-3 1-6 6-4,94,19,831,1946
Rome,WTA1000,2026/5/10,Clay,R32,3,Elina Svitolina,Hailey Baptiste,6-1 6-2,10,25,3530,1747
Rome,WTA1000,2026/5/10,Clay,R32,3,Jessica Pegula,Rebeka Masarova,6-0 6-0,5,160,6136,479
Rome,WTA1000,2026/5/10,Clay,R32,3,Anastasia Potapova,Liudmila Samsonova,6-3 6-2,38,21,1355,1895
Rome,WTA1000,2026/5/10,Clay,R32,3,Naomi Osaka,Diana Shnaider,6-1 6-2,16,20,2341,1946
Rome,WTA1000,2026/5/10,Clay,R32,3,Elena Rybakina,Alexandra Eala,6-4 6-3,2,42,8555,1285
Rome,WTA1000,2026/5/10,Clay,R32,3,Iga Swiatek,Elisabetta Cocciaretto,6-1 6-0,3,41,6948,1290
Rome,WTA1000,2026/5/10,Clay,R32,3,Karolina Pliskova,Laura Siegemund,6-1 6-4,130,46,590,1250
Rome,WTA1000,2026/5/11,Clay,R16,3,Sorana Cirstea,Linda Noskova,6-2 6-4,27,13,1595,2999
Rome,WTA1000,2026/5/11,Clay,R16,3,Coco Gauff,Iva Jovic,5-7 7-5 6-2,4,17,6749,2235
Rome,WTA1000,2026/5/11,Clay,R16,3,Jelena Ostapenko,Anna Kalinskaya,6-1 6-2,36,24,1369,1758
Rome,WTA1000,2026/5/11,Clay,R16,3,Mirra Andreeva,Elise Mertens,6-3 6-3,7,22,4181,1858
Rome,WTA1000,2026/5/11,Clay,R16,3,Elina Svitolina,Nikola Bartunkova,6-2 6-3,10,94,3530,831
Rome,WTA1000,2026/5/11,Clay,R16,3,Jessica Pegula,Anastasia Potapova,7-6 6-2,5,38,6136,1355
Rome,WTA1000,2026/5/11,Clay,R16,3,Iga Swiatek,Naomi Osaka,6-2 6-1,3,16,6948,2341
Rome,WTA1000,2026/5/11,Clay,R16,3,Elena Rybakina,Karolina Pliskova,6-0 6-2,2,130,8555,590
Rome,WTA1000,2026/5/12,Clay,QF,3,Sorana Cirstea,Jelena Ostapenko,6-1 7-6,27,36,1595,1369
Rome,WTA1000,2026/5/12,Clay,QF,3,Coco Gauff,Mirra Andreeva,4-6 6-2 6-4,4,7,6749,4181
Rome,WTA1000,2026/5/13,Clay,QF,3,Iga Swiatek,Jessica Pegula,6-1 6-2,3,5,6948,6136
Rome,WTA1000,2026/5/13,Clay,QF,3,Elina Svitolina,Elena Rybakina,2-6 6-4 6-4,10,2,3530,8555
Rome,WTA1000,2026/5/14,Clay,SF,3,Coco Gauff,Sorana Cirstea,6-4 6-3,4,27,6749,1595
Rome,WTA1000,2026/5/14,Clay,SF,3,Elina Svitolina,Iga Swiatek,6-4 2-6 6-2,10,3,3530,6948
Rome,WTA1000,2026/5/16,Clay,F,3,Elina Svitolina,Coco Gauff,6-4 6-7 6-2,10,4,3530,6749
Rabat,WTA250,2026/5/18,Clay,R32,3,Jil Teichmann,Julia Grabher,6-4 7-6,207,123,352,661
Rabat,WTA250,2026/5/18,Clay,R32,3,Panna Udvardy,Hanne Vandewinkel,6-4 6-2,68,102,951,790
Rabat,WTA250,2026/5/18,Clay,R32,3,Anhelina Kalinina,Simona Waltert,6-3 6-4,84,93,873,856
Rabat,WTA250,2026/5/18,Clay,R32,3,Petra Marcinko,Vera Zvonareva,6-2 6-4,76,326,917,201
Rabat,WTA250,2026/5/18,Clay,R32,3,Alycia Parks,Moyuka Uchijima,6-2 6-4,80,110,902,707
Rabat,WTA250,2026/5/18,Clay,R32,3,Fiona Ferro,Danka Kovinic,6-2 6-3,200,,370,
Rabat,WTA250,2026/5/18,Clay,R32,3,Anna Bondar,Polona Hercog,1-1 RET,58,217,1023,333
Rabat,WTA250,2026/5/19,Clay,R32,3,Yelyzaveta Kotliar,Francesca Jones,2-6 6-3 6-4,528,105,100,736
Rabat,WTA250,2026/5/19,Clay,R32,3,Sada Nahimana,Ajla Tomljanovic,6-3 7-5,231,90,309,857
Rabat,WTA250,2026/5/19,Clay,R32,3,Janice Tjen,Caijsa Wilda Hennemann,6-1 7-5,41,292,1292,234
Rabat,WTA250,2026/5/19,Clay,R32,3,Yasmine Kabbaj,Berfu Cengiz,7-6 6-3,334,429,195,136
Rabat,WTA250,2026/5/19,Clay,R32,3,Jessica Bouzas Maneiro,Lisa Zaar,6-0 7-5,51,335,1200,195
Rabat,WTA250,2026/5/19,Clay,R32,3,Camila Osorio,Tereza Martincova,6-0 6-4,77,250,912,287
Rabat,WTA250,2026/5/19,Clay,R32,3,Tatjana Maria,Diae El Jardi,6-2 6-4,52,1023,1111,19
Rabat,WTA250,2026/5/19,Clay,R32,3,Yuliia Starodubtseva,Angela Fita Boluda,6-4 6-2,54,192,1078,383
Rabat,WTA250,2026/5/19,Clay,R32,3,Emiliana Arango,Ella Seidel,6-3 4-6 6-1,98,97,813,818
Rabat,WTA250,2026/5/20,Clay,R16,3,Jessica Bouzas Maneiro,Fiona Ferro,2-6 7-6 6-3,51,200,1200,370
Rabat,WTA250,2026/5/20,Clay,R16,3,Jil Teichmann,Alycia Parks,6-3 6-4,207,80,352,902
Rabat,WTA250,2026/5/20,Clay,R16,3,Panna Udvardy,Sada Nahimana,6-4 6-1,68,231,951,309
Rabat,WTA250,2026/5/20,Clay,R16,3,Petra Marcinko,Yelyzaveta Kotliar,5-7 6-2 7-6,76,528,917,100
Rabat,WTA250,2026/5/20,Clay,R16,3,Yasmine Kabbaj,Tatjana Maria,6-2 6-4,334,52,195,1111
Rabat,WTA250,2026/5/20,Clay,R16,3,Camila Osorio,Janice Tjen,6-3 3-6 6-0,77,41,912,1292
Rabat,WTA250,2026/5/20,Clay,R16,3,Anna Bondar,Emiliana Arango,7-6 1-6 6-0,58,98,1023,813
Rabat,WTA250,2026/5/20,Clay,R16,3,Anhelina Kalinina,Yuliia Starodubtseva,6-3 7-6,84,54,873,1078
Rabat,WTA250,2026/5/21,Clay,QF,3,Panna Udvardy,Camila Osorio,7-5 6-3,68,77,951,912
Rabat,WTA250,2026/5/21,Clay,QF,3,Petra Marcinko,Jessica Bouzas Maneiro,6-3 6-4,76,51,917,1200
Rabat,WTA250,2026/5/21,Clay,QF,3,Anhelina Kalinina,Anna Bondar,6-4 7-5,84,58,873,1023
Rabat,WTA250,2026/5/21,Clay,QF,3,Jil Teichmann,Yasmine Kabbaj,6-1 5-7 7-6,207,334,352,195
Rabat,WTA250,2026/5/22,Clay,SF,3,Anhelina Kalinina,Panna Udvardy,6-0 6-3,84,68,873,951
Rabat,WTA250,2026/5/22,Clay,SF,3,Petra Marcinko,Jil Teichmann,7-6 6-3,76,207,917,352
Rabat,WTA250,2026/5/23,Clay,F,3,Petra Marcinko,Anhelina Kalinina,6-2 3-0 RET,76,84,917,873
Strasbourg,WTA500,2026/5/17,Clay,R32,3,Ann Li,Maya Joint,6-1 6-2,30,34,1460,1370
Strasbourg,WTA500,2026/5/17,Clay,R32,3,Peyton Stearns,Maria Sakkari,6-3 6-1,92,48,856,1208
Strasbourg,WTA500,2026/5/17,Clay,R32,3,Emma Navarro,Sara Bejlek,6-1 6-4,39,35,1327,1369
Strasbourg,WTA500,2026/5/17,Clay,R32,3,Lois Boisson,Xinyu Wang,6-3 7-6,50,32,1204,1401
Strasbourg,WTA500,2026/5/17,Clay,R32,3,Leylah Fernandez,Leolia Jeanjean,6-1 7-5,24,124,1796,653
Strasbourg,WTA500,2026/5/18,Clay,R32,3,Magdalena Frech,Talia Gibson,7-6 6-3,49,55,1208,1036
Strasbourg,WTA500,2026/5/18,Clay,R32,3,Daria Kasatkina,Liudmila Samsonova,7-5 6-3,62,20,987,1950
Strasbourg,WTA500,2026/5/18,Clay,R32,3,Jaqueline Cristian,Mccartney Kessler,6-1 6-1,33,47,1382,1229
Strasbourg,WTA500,2026/5/18,Clay,R32,3,Oleksandra Oliynykova,Alexandra Eala,3-6 7-5 6-3,66,38,970,1340
Strasbourg,WTA500,2026/5/18,Clay,R32,3,Marie Bouzkova,Katerina Siniakova,7-6 6-3,27,36,1596,1362
Strasbourg,WTA500,2026/5/19,Clay,R32,3,Shuai Zhang,Cristina Bucsa,2-6 7-6 7-5,74,31,919,1406
Strasbourg,WTA500,2026/5/19,Clay,R32,3,Diane Parry,Emma Raducanu,6-4 7-6,94,37,853,1360
Strasbourg,WTA500,2026/5/19,Clay,R16,3,Ann Li,Ekaterina Alexandrova,4-6 6-4 6-3,30,14,1460,2679
Strasbourg,WTA500,2026/5/19,Clay,R16,3,Daria Kasatkina,Peyton Stearns,6-1 6-3,62,92,987,856
Strasbourg,WTA500,2026/5/19,Clay,R16,3,Leylah Fernandez,Magdalena Frech,6-4 3-6 6-4,24,49,1796,1208
Strasbourg,WTA500,2026/5/19,Clay,R16,3,Victoria Mboko,Lois Boisson,6-4 6-3,9,50,3395,1204
Strasbourg,WTA500,2026/5/20,Clay,R16,3,Marie Bouzkova,Oleksandra Oliynykova,3-1 RET,27,66,1596,970
Strasbourg,WTA500,2026/5/20,Clay,R16,3,Jaqueline Cristian,Clara Tauson,6-1 7-5,33,21,1382,1920
Strasbourg,WTA500,2026/5/20,Clay,R16,3,Shuai Zhang,Diane Parry,6-2 7-5,74,94,919,853
Strasbourg,WTA500,2026/5/20,Clay,R16,3,Emma Navarro,Iva Jovic,6-4 4-6 6-1,39,17,1327,2306
Strasbourg,WTA500,2026/5/21,Clay,QF,3,Ann Li,Marie Bouzkova,6-3 7-5,30,27,1460,1596
Strasbourg,WTA500,2026/5/21,Clay,QF,3,Jaqueline Cristian,Daria Kasatkina,7-6 3-6 6-2,33,62,1382,987
Strasbourg,WTA500,2026/5/21,Clay,QF,3,Emma Navarro,Shuai Zhang,2-6 7-6 6-2,39,74,1327,919
Strasbourg,WTA500,2026/5/21,Clay,QF,3,Victoria Mboko,Leylah Fernandez,6-4 6-4,9,24,3395,1796
Strasbourg,WTA500,2026/5/22,Clay,SF,3,Emma Navarro,Ann Li,6-1 6-3,39,30,1327,1460
Strasbourg,WTA500,2026/5/22,Clay,SF,3,Victoria Mboko,Jaqueline Cristian,7-6 3-6 6-2,9,33,3395,1382
Strasbourg,WTA500,2026/5/23,Clay,F,3,Emma Navarro,Victoria Mboko,6-0 5-7 6-2,39,9,1327,3395
Roland Garros,Grand Slam,2026/5/24,Clay,R128,3,Caty Mcnally,Ajla Tomljanovic,3-6 7-6 6-3,63,100,1018,784
Roland Garros,Grand Slam,2026/5/24,Clay,R128,3,Marta Kostyuk,Oksana Selekhmeteva,6-2 6-3,15,88,2387,865
Roland Garros,Grand Slam,2026/5/24,Clay,R128,3,Marie Bouzkova,Lucia Bronzetti,6-3 6-1,28,172,1631,448
Roland Garros,Grand Slam,2026/5/24,Clay,R128,3,Xinyu Wang,Lilli Tagger,6-3 3-6 6-4,34,90,1371,857
Roland Garros,Grand Slam,2026/5/24,Clay,R128,3,Belinda Bencic,Sinja Kraus,6-2 6-3,11,98,3145,795
Roland Garros,Grand Slam,2026/5/24,Clay,R128,3,Katie Volynets,Clara Burel,6-3 6-1,108,1486,705,3
Roland Garros,Grand Slam,2026/5/24,Clay,R128,3,Yuliia Starodubtseva,Anna Blinkova,6-3 6-1,55,103,1093,733
Roland Garros,Grand Slam,2026/5/24,Clay,R128,3,Xiyu Wang,Danka Kovinic,6-3 6-1,148,,516,
Roland Garros,Grand Slam,2026/5/24,Clay,R128,3,Magda Linette,Tereza Valentova,5-7 6-4 7-6,73,42,931,1265
Roland Garros,Grand Slam,2026/5/24,Clay,R128,3,Hailey Baptiste,Barbora Krejcikova,6-7 7-6 6-2,26,41,1683,1271
Roland Garros,Grand Slam,2026/5/24,Clay,R128,3,Tamara Korpatsch,Sara Sorribes Tormo,6-4 6-2,95,304,829,226
Roland Garros,Grand Slam,2026/5/24,Clay,R128,3,Francesca Jones,Beatriz Haddad Maia,1-6 7-6 6-2,102,105,736,724
Roland Garros,Grand Slam,2026/5/24,Clay,R128,3,Magdalena Frech,Elena Gabriela Ruse,7-6 2-1 RET,46,77,1238,918
Roland Garros,Grand Slam,2026/5/24,Clay,R128,3,Mirra Andreeva,Fiona Ferro,6-3 6-3,8,181,4181,418
Roland Garros,Grand Slam,2026/5/24,Clay,R128,3,Solana Sierra,Emma Raducanu,6-0 7-6,68,39,974,1301
Roland Garros,Grand Slam,2026/5/24,Clay,R128,3,Daria Snigur,Clara Tauson,3-6 7-5 6-2,93,20,839,1920
Roland Garros,Grand Slam,2026/5/24,Clay,R128,3,Sara Bejlek,Sloane Stephens,6-3 6-2,35,363,1369,173
Roland Garros,Grand Slam,2026/5/24,Clay,R128,3,Peyton Stearns,Sofia Kenin,6-3 6-3,78,87,915,867
Roland Garros,Grand Slam,2026/5/24,Clay,R128,3,Marina Bassols Ribera,Emiliana Arango,6-3 6-4,175,94,438,833
Roland Garros,Grand Slam,2026/5/24,Clay,R128,3,Sorana Cirstea,Ksenia Efremova,6-3 6-1,18,623,1985,75
Roland Garros,Grand Slam,2026/5/25,Clay,R128,3,Jil Teichmann,Liudmila Samsonova,6-4 6-4,170,27,449,1635
Roland Garros,Grand Slam,2026/5/25,Clay,R128,3,Maja Chwalinska,Qinwen Zheng,6-4 6-0,114,56,693,1080
Roland Garros,Grand Slam,2026/5/25,Clay,R128,3,Daria Kasatkina,Zeynep Sonmez,6-4 6-4,53,66,1119,1003
Roland Garros,Grand Slam,2026/5/25,Clay,R128,3,Jasmine Paolini,Dayana Yastremska,7-5 6-3,13,45,2787,1246
Roland Garros,Grand Slam,2026/5/25,Clay,R128,3,Susan Bandecchi,Cristina Bucsa,6-4 2-6 6-4,215,33,337,1406
Roland Garros,Grand Slam,2026/5/25,Clay,R128,3,Iga Swiatek,Emerson Jones,6-1 6-2,3,136,7273,557
Roland Garros,Grand Slam,2026/5/25,Clay,R128,3,Julia Grabher,Rebecca Sramkova,6-2 6-2,121,125,661,640
Roland Garros,Grand Slam,2026/5/25,Clay,R128,3,Elise Mertens,Tatjana Maria,7-5 6-0,21,54,1858,1111
Roland Garros,Grand Slam,2026/5/25,Clay,R128,3,Elena Rybakina,Veronika Erjavec,6-2 6-2,2,84,8313,873
Roland Garros,Grand Slam,2026/5/25,Clay,R128,3,Eva Lys,Petra Marcinko,6-3 6-0,81,51,901,1140
Roland Garros,Grand Slam,2026/5/25,Clay,R128,3,Elina Svitolina,Anna Bondar,3-6 6-1 7-6,7,57,4315,1047
Roland Garros,Grand Slam,2026/5/25,Clay,R128,3,Anastasia Potapova,Maya Joint,6-1 6-2,30,52,1470,1130
Roland Garros,Grand Slam,2026/5/25,Clay,R128,3,Yulia Putintseva,Talia Gibson,4-6 6-4 6-1,76,58,918,1040
Roland Garros,Grand Slam,2026/5/25,Clay,R128,3,Kaitlin Quevedo,Leolia Jeanjean,7-6 7-6,126,122,622,653
Roland Garros,Grand Slam,2026/5/25,Clay,R128,3,Viktorija Golubic,Panna Udvardy,6-0 6-2,82,59,901,1029
Roland Garros,Grand Slam,2026/5/25,Clay,R128,3,Amanda Anisimova,Tiantsoa Sarah Rakotomanga Rajaonah,6-3 6-1,6,153,5958,494
Roland Garros,Grand Slam,2026/5/25,Clay,R128,3,Kamilla Rakhimova,Jaqueline Cristian,6-3 4-6 6-4,89,32,860,1414
Roland Garros,Grand Slam,2026/5/25,Clay,R128,3,Jelena Ostapenko,Ella Seidel,6-4 6-4,31,96,1464,818
Roland Garros,Grand Slam,2026/5/25,Clay,R128,3,Katie Boulter,Akasha Urhobo,6-4 4-6 6-4,71,185,941,403
Roland Garros,Grand Slam,2026/5/25,Clay,R128,3,Camila Osorio,Ekaterina Alexandrova,6-2 6-4,86,14,868,2679
Roland Garros,Grand Slam,2026/5/25,Clay,R128,3,Mccartney Kessler,Hanyu Guo,4-6 7-6 7-5,48,166,1229,454
Roland Garros,Grand Slam,2026/5/25,Clay,R128,3,Diana Shnaider,Renata Zarazua,6-4 6-1,23,74,1796,925
Roland Garros,Grand Slam,2026/5/25,Clay,R128,3,Alycia Parks,Leylah Fernandez,6-4 6-4,79,22,905,1844
Roland Garros,Grand Slam,2026/5/25,Clay,R128,3,Karolina Muchova,Anastasia Zakharova,7-5 6-2,10,80,3318,903
Roland Garros,Grand Slam,2026/5/26,Clay,R128,3,Claire Liu,Moyuka Uchijima,3-6 6-0 4-1 RET,182,107,417,707
Roland Garros,Grand Slam,2026/5/26,Clay,R128,3,Iva Jovic,Alexandra Eala,6-4 6-2,17,37,2306,1340
Roland Garros,Grand Slam,2026/5/26,Clay,R128,3,Emma Navarro,Janice Tjen,6-4 6-3,25,40,1719,1292
Roland Garros,Grand Slam,2026/5/26,Clay,R128,3,Donna Vekic,Alice Tubello,6-3 6-2,72,226,933,317
Roland Garros,Grand Slam,2026/5/26,Clay,R128,3,Aryna Sabalenka,Jessica Bouzas Maneiro,6-4 6-2,1,50,9960,1200
Roland Garros,Grand Slam,2026/5/26,Clay,R128,3,Maria Sakkari,Linda Noskova,7-5 7-6,49,12,1208,3054
Roland Garros,Grand Slam,2026/5/26,Clay,R128,3,Ann Li,Shuai Zhang,6-4 6-2,29,61,1601,1025
Roland Garros,Grand Slam,2026/5/26,Clay,R128,3,Mayar Sherif,Dalma Galfi,7-5 6-4,129,115,593,691
Roland Garros,Grand Slam,2026/5/26,Clay,R128,3,Naomi Osaka,Laura Siegemund,6-3 7-6,16,47,2341,1230
Roland Garros,Grand Slam,2026/5/26,Clay,R128,3,Coco Gauff,Taylor Townsend,6-4 6-0,4,75,6749,919
Roland Garros,Grand Slam,2026/5/26,Clay,R128,3,Antonia Ruzic,Ashlyn Krueger,3-6 6-2 6-2,64,120,1011,663
Roland Garros,Grand Slam,2026/5/26,Clay,R128,3,Elsa Jacquemot,Linda Fruhvirtova,6-4 6-3,67,149,984,506
Roland Garros,Grand Slam,2026/5/26,Clay,R128,3,Alina Korneeva,Elisabetta Cocciaretto,6-3 6-3,117,38,685,1320
Roland Garros,Grand Slam,2026/5/26,Clay,R128,3,Diane Parry,Anhelina Kalinina,0-6 6-2 6-4,92,60,853,1026
Roland Garros,Grand Slam,2026/5/26,Clay,R128,3,Anna Kalinskaya,Lois Boisson,6-2 6-2,24,43,1792,1264
Roland Garros,Grand Slam,2026/5/26,Clay,R128,3,Katerina Siniakova,Simona Waltert,6-4 7-6,36,91,1362,856
Roland Garros,Grand Slam,2026/5/26,Clay,R128,3,Oleksandra Oliynykova,Elena Pridankina,6-1 6-2,65,218,1005,330
Roland Garros,Grand Slam,2026/5/26,Clay,R128,3,Madison Keys,Hanne Vandewinkel,6-3 6-0,19,99,1962,790
Roland Garros,Grand Slam,2026/5/26,Clay,R128,3,Victoria Mboko,Nikola Bartunkova,6-1 6-2,9,69,3710,970
Roland Garros,Grand Slam,2026/5/26,Clay,R128,3,Kimberly Birrell,Jessica Pegula,1-6 6-3 6-3,83,5,880,6286
Roland Garros,Grand Slam,2026/5/27,Clay,R64,3,Belinda Bencic,Caty Mcnally,6-4 6-0,11,63,3145,1018
Roland Garros,Grand Slam,2026/5/27,Clay,R64,3,Tamara Korpatsch,Xinyu Wang,6-2 2-6 6-3,95,34,829,1371
Roland Garros,Grand Slam,2026/5/27,Clay,R64,3,Iga Swiatek,Sara Bejlek,6-2 6-3,3,35,7273,1369
Roland Garros,Grand Slam,2026/5/27,Clay,R64,3,Peyton Stearns,Daria Snigur,6-4 6-0,78,93,915,839
Roland Garros,Grand Slam,2026/5/27,Clay,R64,3,Magda Linette,Jelena Ostapenko,6-2 2-6 6-2,73,31,931,1464
Roland Garros,Grand Slam,2026/5/27,Clay,R64,3,Elina Svitolina,Kaitlin Quevedo,6-0 6-4,7,126,4315,622
Roland Garros,Grand Slam,2026/5/27,Clay,R64,3,Viktorija Golubic,Alycia Parks,6-2 6-2,82,79,901,905
Roland Garros,Grand Slam,2026/5/27,Clay,R64,3,Marta Kostyuk,Katie Volynets,6-7 6-3 6-3,15,108,2387,705
Roland Garros,Grand Slam,2026/5/27,Clay,R64,3,Marie Bouzkova,Francesca Jones,6-0 7-6,28,102,1631,736
Roland Garros,Grand Slam,2026/5/27,Clay,R64,3,Yuliia Starodubtseva,Elena Rybakina,3-6 6-1 7-6,55,2,1093,8313
Roland Garros,Grand Slam,2026/5/27,Clay,R64,3,Jil Teichmann,Magdalena Frech,7-5 6-4,170,46,449,1238
Roland Garros,Grand Slam,2026/5/27,Clay,R64,3,Solana Sierra,Jasmine Paolini,3-6 6-4 6-3,68,13,974,2787
Roland Garros,Grand Slam,2026/5/27,Clay,R64,3,Xiyu Wang,Hailey Baptiste,5-4 RET,148,26,516,1683
Roland Garros,Grand Slam,2026/5/27,Clay,R64,3,Sorana Cirstea,Eva Lys,6-3 6-0,18,81,1985,901
Roland Garros,Grand Slam,2026/5/27,Clay,R64,3,Mirra Andreeva,Marina Bassols Ribera,3-6 6-1 6-1,8,175,4181,438
Roland Garros,Grand Slam,2026/5/27,Clay,R64,3,Karolina Muchova,Kamilla Rakhimova,6-2 6-2,10,89,3318,860
Roland Garros,Grand Slam,2026/5/28,Clay,R64,3,Naomi Osaka,Donna Vekic,7-6 6-4,16,72,2341,933
Roland Garros,Grand Slam,2026/5/28,Clay,R64,3,Oleksandra Oliynykova,Kimberly Birrell,6-3 0-6 7-6,65,83,1005,880
Roland Garros,Grand Slam,2026/5/28,Clay,R64,3,Iva Jovic,Emma Navarro,6-0 6-3,17,25,2306,1719
Roland Garros,Grand Slam,2026/5/28,Clay,R64,3,Diana Shnaider,Mccartney Kessler,7-6 6-1,23,48,1796,1229
Roland Garros,Grand Slam,2026/5/28,Clay,R64,3,Maja Chwalinska,Elise Mertens,6-4 6-0,114,21,693,1858
Roland Garros,Grand Slam,2026/5/28,Clay,R64,3,Camila Osorio,Yulia Putintseva,7-5 6-7 7-5,86,76,868,918
Roland Garros,Grand Slam,2026/5/28,Clay,R64,3,Anna Kalinskaya,Alina Korneeva,7-6 6-4,24,117,1792,685
Roland Garros,Grand Slam,2026/5/28,Clay,R64,3,Maria Sakkari,Claire Liu,6-7 6-3 6-3,49,182,1208,417
Roland Garros,Grand Slam,2026/5/28,Clay,R64,3,Daria Kasatkina,Susan Bandecchi,7-5 7-6,53,215,1119,337
Roland Garros,Grand Slam,2026/5/28,Clay,R64,3,Diane Parry,Ann Li,6-3 6-4,92,29,853,1601
Roland Garros,Grand Slam,2026/5/28,Clay,R64,3,Amanda Anisimova,Julia Grabher,6-0 RET,6,121,5958,661
Roland Garros,Grand Slam,2026/5/28,Clay,R64,3,Coco Gauff,Mayar Sherif,6-3 6-2,4,129,6749,593
Roland Garros,Grand Slam,2026/5/28,Clay,R64,3,Madison Keys,Antonia Ruzic,6-4 6-4,19,64,1962,1011
Roland Garros,Grand Slam,2026/5/28,Clay,R64,3,Aryna Sabalenka,Elsa Jacquemot,7-5 6-2,1,67,9960,984
Roland Garros,Grand Slam,2026/5/28,Clay,R64,3,Anastasia Potapova,Katie Boulter,5-7 6-4 6-2,30,71,1470,941
Roland Garros,Grand Slam,2026/5/28,Clay,R64,3,Victoria Mboko,Katerina Siniakova,5-7 6-4 6-2,9,36,3710,1362
Roland Garros,Grand Slam,2026/5/29,Clay,R32,3,Marta Kostyuk,Viktorija Golubic,6-4 6-3,15,82,2387,901
Roland Garros,Grand Slam,2026/5/29,Clay,R32,3,Xiyu Wang,Yuliia Starodubtseva,6-3 7-5,148,55,516,1093
Roland Garros,Grand Slam,2026/5/29,Clay,R32,3,Iga Swiatek,Magda Linette,6-4 6-4,3,73,7273,931
Roland Garros,Grand Slam,2026/5/29,Clay,R32,3,Mirra Andreeva,Marie Bouzkova,6-4 6-2,8,28,4181,1631
Roland Garros,Grand Slam,2026/5/29,Clay,R32,3,Jil Teichmann,Karolina Muchova,6-1 7-5,170,10,449,3318
Roland Garros,Grand Slam,2026/5/29,Clay,R32,3,Sorana Cirstea,Solana Sierra,6-0 6-0,18,68,1985,974
Roland Garros,Grand Slam,2026/5/29,Clay,R32,3,Elina Svitolina,Tamara Korpatsch,6-2 6-3,7,95,4315,829
Roland Garros,Grand Slam,2026/5/29,Clay,R32,3,Belinda Bencic,Peyton Stearns,6-3 6-3,11,78,3145,915
Roland Garros,Grand Slam,2026/5/30,Clay,R32,3,Naomi Osaka,Iva Jovic,7-6 6-7 6-4,16,17,2341,2306
Roland Garros,Grand Slam,2026/5/30,Clay,R32,3,Maja Chwalinska,Maria Sakkari,1-6 6-3 6-2,114,49,693,1208
Roland Garros,Grand Slam,2026/5/30,Clay,R32,3,Diana Shnaider,Oleksandra Oliynykova,7-5 6-1,23,65,1796,1005
Roland Garros,Grand Slam,2026/5/30,Clay,R32,3,Diane Parry,Amanda Anisimova,6-3 4-6 7-6,92,6,853,5958
Roland Garros,Grand Slam,2026/5/30,Clay,R32,3,Aryna Sabalenka,Daria Kasatkina,6-0 7-5,1,53,9960,1119
Roland Garros,Grand Slam,2026/5/30,Clay,R32,3,Anna Kalinskaya,Camila Osorio,6-3 0-6 6-2,24,86,1792,868
Roland Garros,Grand Slam,2026/5/30,Clay,R32,3,Anastasia Potapova,Coco Gauff,4-6 7-6 6-4,30,4,1470,6749
Roland Garros,Grand Slam,2026/5/30,Clay,R32,3,Madison Keys,Victoria Mboko,6-3 5-7 7-5,19,9,1962,3710
Roland Garros,Grand Slam,2026/5/31,Clay,R16,3,Sorana Cirstea,Xiyu Wang,6-3 7-6,18,148,1985,516
Roland Garros,Grand Slam,2026/5/31,Clay,R16,3,Marta Kostyuk,Iga Swiatek,7-5 6-1,15,3,2387,7273
Roland Garros,Grand Slam,2026/5/31,Clay,R16,3,Elina Svitolina,Belinda Bencic,4-6 6-4 6-0,7,11,4315,3145
Roland Garros,Grand Slam,2026/5/31,Clay,R16,3,Mirra Andreeva,Jil Teichmann,6-3 6-2,8,170,4181,449
Roland Garros,Grand Slam,2026/6/1,Clay,R16,3,Anna Kalinskaya,Anastasia Potapova,6-4 2-6 7-6,24,30,1792,1470
Roland Garros,Grand Slam,2026/6/1,Clay,R16,3,Diana Shnaider,Madison Keys,6-3 3-6 6-0,23,19,1796,1962
Roland Garros,Grand Slam,2026/6/1,Clay,R16,3,Maja Chwalinska,Diane Parry,6-3 6-2,114,92,693,853
Roland Garros,Grand Slam,2026/6/1,Clay,R16,3,Aryna Sabalenka,Naomi Osaka,7-5 6-3,1,16,9960,2341
Roland Garros,Grand Slam,2026/6/2,Clay,QF,3,Mirra Andreeva,Sorana Cirstea,6-0 6-3,8,18,4181,1985
Roland Garros,Grand Slam,2026/6/2,Clay,QF,3,Marta Kostyuk,Elina Svitolina,6-3 2-6 6-2,15,7,2387,4315
Roland Garros,Grand Slam,2026/6/3,Clay,QF,3,Maja Chwalinska,Anna Kalinskaya,7-6 6-3,114,24,693,1792
Roland Garros,Grand Slam,2026/6/3,Clay,QF,3,Diana Shnaider,Aryna Sabalenka,3-6 7-5 6-0,23,1,1796,9960
Roland Garros,Grand Slam,2026/6/4,Clay,SF,3,Mirra Andreeva,Marta Kostyuk,6-1 6-3,8,15,4181,2387
Roland Garros,Grand Slam,2026/6/4,Clay,SF,3,Maja Chwalinska,Diana Shnaider,7-6 6-4,114,23,693,1796
Roland Garros,Grand Slam,2026/6/6,Clay,F,3,Mirra Andreeva,Maja Chwalinska,6-3 6-2,8,114,4181,693
's-Hertogenbosch,WTA250,2026/6/8,Grass,R32,3,Panna Udvardy,Ekaterina Alexandrova,6-4 7-6,65,17,1012,2449
's-Hertogenbosch,WTA250,2026/6/8,Grass,R32,3,Magda Linette,Kimberly Birrell,2-6 6-1 6-2,60,74,1051,940
's-Hertogenbosch,WTA250,2026/6/8,Grass,R32,3,Robin Montgomery,Daria Kasatkina,5-7 6-0 6-4,484,66,116,1009
's-Hertogenbosch,WTA250,2026/6/8,Grass,R32,3,Elise Mertens,Bianca Andreescu,6-1 6-2,22,158,1918,479
's-Hertogenbosch,WTA250,2026/6/8,Grass,R32,3,Daria Snigur,Paula Badosa,6-1 7-6,84,141,889,546
's-Hertogenbosch,WTA250,2026/6/8,Grass,R32,3,Mia Pohankova,Clara Tauson,6-4 6-4,280,24,253,1800
's-Hertogenbosch,WTA250,2026/6/9,Grass,R32,3,Dayana Yastremska,Sara Bejlek,6-1 6-2,49,46,1126,1205
's-Hertogenbosch,WTA250,2026/6/9,Grass,R32,3,Zeynep Sonmez,Katie Volynets,6-3 2-6 6-3,67,101,1001,765
's-Hertogenbosch,WTA250,2026/6/9,Grass,R32,3,Greet Minnen,Janice Tjen,7-6 6-1,202,40,361,1267
's-Hertogenbosch,WTA250,2026/6/9,Grass,R32,3,Barbora Krejcikova,Renata Zarazua,6-1 6-2,45,77,1211,925
's-Hertogenbosch,WTA250,2026/6/9,Grass,R32,3,Elena Gabriela Ruse,Tamara Korpatsch,6-4 7-6,88,79,858,919
's-Hertogenbosch,WTA250,2026/6/10,Grass,R32,3,Solana Sierra,Lois Boisson,6-4 5-7 6-3,56,155,1064,494
's-Hertogenbosch,WTA250,2026/6/10,Grass,R32,3,Anastasia Potapova,Suzan Lamens,6-7 6-4 6-4,27,125,1640,624
's-Hertogenbosch,WTA250,2026/6/10,Grass,R32,3,Ajla Tomljanovic,Jessica Bouzas Maneiro,6-3 6-1,109,54,724,1080
's-Hertogenbosch,WTA250,2026/6/10,Grass,R32,3,Hanne Vandewinkel,Nikola Bartunkova,4-6 7-6 7-5,97,61,785,1048
's-Hertogenbosch,WTA250,2026/6/10,Grass,R32,3,Caty Mcnally,Emma Navarro,4-6 6-0 6-4,59,25,1056,1779
's-Hertogenbosch,WTA250,2026/6/11,Grass,R16,3,Zeynep Sonmez,Anastasia Potapova,6-1 2-0 RET,67,27,1001,1640
's-Hertogenbosch,WTA250,2026/6/11,Grass,R16,3,Robin Montgomery,Greet Minnen,6-4 7-6,484,202,116,361
's-Hertogenbosch,WTA250,2026/6/11,Grass,R16,3,Elena Gabriela Ruse,Elise Mertens,6-3 6-3,88,22,858,1918
's-Hertogenbosch,WTA250,2026/6/11,Grass,R16,3,Magda Linette,Mia Pohankova,6-2 6-2,60,280,1051,253
's-Hertogenbosch,WTA250,2026/6/11,Grass,R16,3,Daria Snigur,Panna Udvardy,6-4 3-6 6-4,84,65,889,1012
's-Hertogenbosch,WTA250,2026/6/11,Grass,R16,3,Barbora Krejcikova,Hanne Vandewinkel,6-1 6-4,45,97,1211,785
's-Hertogenbosch,WTA250,2026/6/12,Grass,R16,3,Caty Mcnally,Solana Sierra,6-4 6-3,59,56,1056,1064
's-Hertogenbosch,WTA250,2026/6/12,Grass,R16,3,Ajla Tomljanovic,Dayana Yastremska,4-6 6-4 7-5,109,49,724,1126
's-Hertogenbosch,WTA250,2026/6/12,Grass,QF,3,Barbora Krejcikova,Elena Gabriela Ruse,6-1 6-2,45,88,1211,858
's-Hertogenbosch,WTA250,2026/6/12,Grass,QF,3,Magda Linette,Zeynep Sonmez,6-4 6-2,60,67,1051,1001
's-Hertogenbosch,WTA250,2026/6/12,Grass,QF,3,Robin Montgomery,Daria Snigur,6-4 6-4,484,84,116,889
's-Hertogenbosch,WTA250,2026/6/13,Grass,QF,3,Ajla Tomljanovic,Caty Mcnally,6-4 6-4,109,59,724,1056
's-Hertogenbosch,WTA250,2026/6/13,Grass,SF,3,Barbora Krejcikova,Magda Linette,6-3 7-6,45,60,1211,1051
's-Hertogenbosch,WTA250,2026/6/13,Grass,SF,3,Robin Montgomery,Ajla Tomljanovic,6-4 6-2,484,109,116,724
's-Hertogenbosch,WTA250,2026/6/14,Grass,F,3,Robin Montgomery,Barbora Krejcikova,W/O,484,45,116,1211
Queens Club,WTA500,2026/6/8,Grass,R32,3,Harriet Dart,Liudmila Samsonova,5-7 6-4 6-3,160,35,467,1405
Queens Club,WTA500,2026/6/8,Grass,R32,3,Karolina Pliskova,Mccartney Kessler,6-7 6-3 6-4,106,39,730,1289
Queens Club,WTA500,2026/6/8,Grass,R32,3,Jaqueline Cristian,Qinwen Zheng,6-4 7-6,38,122,1294,660
Queens Club,WTA500,2026/6/9,Grass,R32,3,Sorana Cirstea,Maddison Inglis,6-4 5-7 6-2,18,151,2415,516
Queens Club,WTA500,2026/6/9,Grass,R32,3,Emma Raducanu,Anna Blinkova,6-0 6-3,42,105,1241,733
Queens Club,WTA500,2026/6/9,Grass,R32,3,Iva Jovic,Antonia Ruzic,6-3 6-4,19,58,2366,1061
Queens Club,WTA500,2026/6/9,Grass,R32,3,Katie Boulter,Leylah Fernandez,3-6 7-6 7-5,73,23,941,1844
Queens Club,WTA500,2026/6/9,Grass,R32,3,Laura Siegemund,Francesca Jones,6-2 6-3,44,98,1230,776
Queens Club,WTA500,2026/6/9,Grass,R32,3,Alexandra Eala,Shuai Zhang,6-3 6-2,33,64,1416,1015
Queens Club,WTA500,2026/6/9,Grass,R32,3,Tatjana Maria,Maria Sakkari,6-3 6-3,52,37,1111,1328
Queens Club,WTA500,2026/6/9,Grass,R32,3,Marie Bouzkova,Polina Kudermetova,6-0 6-3,28,121,1631,668
Queens Club,WTA500,2026/6/9,Grass,R32,3,Donna Vekic,Mika Stojsavljevic,6-2 6-3,76,261,933,270
Queens Club,WTA500,2026/6/10,Grass,R16,3,Iva Jovic,Alexandra Eala,6-2 6-2,19,33,2366,1416
Queens Club,WTA500,2026/6/10,Grass,R16,3,Amanda Anisimova,Laura Siegemund,6-1 6-3,5,44,5848,1230
Queens Club,WTA500,2026/6/10,Grass,R16,3,Karolina Pliskova,Victoria Mboko,6-2 3-4 RET,106,9,730,3670
Queens Club,WTA500,2026/6/12,Grass,R16,3,Donna Vekic,Marie Bouzkova,7-6 6-3,76,28,933,1631
Queens Club,WTA500,2026/6/12,Grass,R16,3,Katie Boulter,Jaqueline Cristian,6-1 6-3,73,38,941,1294
Queens Club,WTA500,2026/6/12,Grass,R16,3,Elena Rybakina,Tatjana Maria,6-7 7-5 6-0,2,52,8143,1111
Queens Club,WTA500,2026/6/12,Grass,R16,3,Kamilla Rakhimova,Harriet Dart,5-7 6-1 7-5,78,160,920,467
Queens Club,WTA500,2026/6/12,Grass,R16,3,Emma Raducanu,Sorana Cirstea,6-4 6-2,42,18,1241,2415
Queens Club,WTA500,2026/6/12,Grass,QF,3,Iva Jovic,Amanda Anisimova,6-2 3-6 6-3,19,5,2366,5848
Queens Club,WTA500,2026/6/12,Grass,QF,3,Donna Vekic,Karolina Pliskova,6-4 4-6 6-3,76,106,933,730
Queens Club,WTA500,2026/6/12,Grass,QF,3,Katie Boulter,Elena Rybakina,7-5 2-6 6-4,73,2,941,8143
Queens Club,WTA500,2026/6/13,Grass,QF,3,Emma Raducanu,Kamilla Rakhimova,6-3 7-5,42,78,1241,920
Queens Club,WTA500,2026/6/13,Grass,SF,3,Donna Vekic,Katie Boulter,6-1 6-3,76,73,933,941
Queens Club,WTA500,2026/6/13,Grass,SF,3,Emma Raducanu,Iva Jovic,6-2 6-2,42,19,1241,2366
Queens Club,WTA500,2026/6/14,Grass,F,3,Donna Vekic,Emma Raducanu,6-0 7-6,76,42,933,1241
Berlin,WTA500,2026/6/15,Grass,R32,3,Ekaterina Alexandrova,Anastasia Potapova,6-1 RET,19,26,2411,1669
Berlin,WTA500,2026/6/15,Grass,R32,3,Nikola Bartunkova,Diana Shnaider,6-2 6-7 6-3,62,16,1041,2458
Berlin,WTA500,2026/6/15,Grass,R32,3,Elise Mertens,Liudmila Samsonova,1-6 6-3 6-0,24,37,1698,1405
Berlin,WTA500,2026/6/16,Grass,R32,3,Eva Lys,Magdalena Frech,7-6 6-3,80,45,901,1238
Berlin,WTA500,2026/6/16,Grass,R32,3,Madison Keys,Xinyu Wang,7-6 6-1,28,32,1642,1431
Berlin,WTA500,2026/6/16,Grass,R32,3,Linda Noskova,Renata Zarazua,6-1 6-4,13,77,3054,925
Berlin,WTA500,2026/6/16,Grass,R32,3,Karolina Muchova,Shuai Zhang,6-1 6-3,10,67,3388,1015
Berlin,WTA500,2026/6/16,Grass,R32,3,Katerina Siniakova,Rebeka Masarova,6-2 6-4,34,141,1422,550
Berlin,WTA500,2026/6/16,Grass,R32,3,Elina Svitolina,Anna Kalinskaya,6-1 4-1 RET,8,20,4315,2212
Berlin,WTA500,2026/6/16,Grass,R32,3,Diane Parry,Clara Tauson,6-3 6-4,60,23,1045,1800
Berlin,WTA500,2026/6/16,Grass,R32,3,Paula Badosa,Suzan Lamens,6-3 6-2,142,134,546,572
Berlin,WTA500,2026/6/17,Grass,R32,3,Alexandra Eala,Donna Vekic,7-5 6-4,35,33,1422,1431
Berlin,WTA500,2026/6/17,Grass,R16,3,Nikola Bartunkova,Elise Mertens,6-1 6-4,62,24,1041,1698
Berlin,WTA500,2026/6/17,Grass,R16,3,Jessica Pegula,Katerina Siniakova,6-2 6-4,4,34,6056,1422
Berlin,WTA500,2026/6/17,Grass,R16,3,Paula Badosa,Coco Gauff,1-6 6-3 6-2,142,7,546,4879
Berlin,WTA500,2026/6/17,Grass,R16,3,Aryna Sabalenka,Ekaterina Alexandrova,6-4 6-4,1,19,9090,2411
Berlin,WTA500,2026/6/18,Grass,R16,3,Linda Noskova,Diane Parry,6-2 6-2,13,60,3054,1045
Berlin,WTA500,2026/6/18,Grass,R16,3,Elina Svitolina,Eva Lys,6-3 6-2,8,80,4315,901
Berlin,WTA500,2026/6/18,Grass,R16,3,Madison Keys,Karolina Muchova,6-4 7-5,28,10,1642,3388
Berlin,WTA500,2026/6/18,Grass,R16,3,Alexandra Eala,Elena Rybakina,7-5 6-4,35,2,1422,8143
Berlin,WTA500,2026/6/19,Grass,QF,3,Jessica Pegula,Madison Keys,7-6 7-6,4,28,6056,1642
Berlin,WTA500,2026/6/19,Grass,QF,3,Linda Noskova,Paula Badosa,6-1 6-3,13,142,3054,546
Berlin,WTA500,2026/6/19,Grass,QF,3,Aryna Sabalenka,Nikola Bartunkova,2-6 7-6 6-4,1,62,9090,1041
Berlin,WTA500,2026/6/19,Grass,QF,3,Alexandra Eala,Elina Svitolina,6-3 6-4,35,8,1422,4315
Berlin,WTA500,2026/6/20,Grass,SF,3,Jessica Pegula,Aryna Sabalenka,6-4 6-7 6-0,4,1,6056,9090
Berlin,WTA500,2026/6/20,Grass,SF,3,Linda Noskova,Alexandra Eala,6-2 6-4,13,35,3054,1422
Berlin,WTA500,2026/6/21,Grass,F,3,Linda Noskova,Jessica Pegula,6-4 4-6 6-3,13,4,3054,6056
Nottingham,WTA250,2026/6/15,Grass,R32,3,Marie Bouzkova,Tereza Valentova,6-3 6-3,27,63,1659,1040
Nottingham,WTA250,2026/6/15,Grass,R32,3,Tatjana Maria,Janice Tjen,6-3 6-2,117,43,671,1267
Nottingham,WTA250,2026/6/15,Grass,R32,3,Qinwen Zheng,Maria Sakkari,4-6 7-6 6-4,160,41,466,1299
Nottingham,WTA250,2026/6/15,Grass,R32,3,Emma Navarro,Anna Bondar,6-7 6-3 6-2,25,74,1681,936
Nottingham,WTA250,2026/6/15,Grass,R32,3,Yuliia Starodubtseva,Maya Joint,6-7 7-5 6-4,59,53,1063,1096
Nottingham,WTA250,2026/6/15,Grass,R32,3,Talia Gibson,Francesca Jones,6-3 5-7 7-6,66,99,1023,776
Nottingham,WTA250,2026/6/15,Grass,R32,3,Jessica Bouzas Maneiro,Himeno Sakatsume,7-5 6-2,55,125,1080,612
Nottingham,WTA250,2026/6/15,Grass,R32,3,Taylah Preston,Anna Blinkova,4-6 6-3 6-3,124,106,624,728
Nottingham,WTA250,2026/6/16,Grass,R32,3,Ann Li,Kimberly Birrell,4-6 7-6 6-4,29,73,1601,939
Nottingham,WTA250,2026/6/16,Grass,R32,3,Katie Volynets,Mccartney Kessler,6-3 6-3,102,44,765,1261
Nottingham,WTA250,2026/6/16,Grass,R32,3,Zeynep Sonmez,Leylah Fernandez,6-4 7-6,61,22,1042,1844
Nottingham,WTA250,2026/6/16,Grass,R32,3,Dayana Yastremska,Alicia Dudeney,6-4 7-6,50,248,1126,286
Nottingham,WTA250,2026/6/16,Grass,R32,3,Caty Mcnally,Antonia Ruzic,6-3 6-0,54,57,1095,1071
Nottingham,WTA250,2026/6/16,Grass,R32,3,Hannah Klugman,Harriet Dart,6-2 6-4,509,152,107,512
Nottingham,WTA250,2026/6/16,Grass,R32,3,Viktorija Golubic,Sofia Kenin,6-2 4-6 6-3,76,104,927,747
Nottingham,WTA250,2026/6/16,Grass,R32,3,Karolina Pliskova,Sara Bejlek,2-6 7-6 6-2,87,47,838,1179
Nottingham,WTA250,2026/6/17,Grass,R16,3,Emma Navarro,Yuliia Starodubtseva,6-4 6-7 6-4,25,59,1681,1063
Nottingham,WTA250,2026/6/17,Grass,R16,3,Jessica Bouzas Maneiro,Katie Volynets,7-5 1-0 RET,55,102,1080,765
Nottingham,WTA250,2026/6/17,Grass,R16,3,Tatjana Maria,Dayana Yastremska,6-1 6-2,117,50,671,1126
Nottingham,WTA250,2026/6/17,Grass,R16,3,Talia Gibson,Qinwen Zheng,6-3 7-6,66,160,1023,466
Nottingham,WTA250,2026/6/18,Grass,R16,3,Viktorija Golubic,Zeynep Sonmez,7-5 4-6 6-4,76,61,927,1042
Nottingham,WTA250,2026/6/18,Grass,R16,3,Karolina Pliskova,Caty Mcnally,6-4 7-6,87,54,838,1095
Nottingham,WTA250,2026/6/18,Grass,R16,3,Marie Bouzkova,Hannah Klugman,7-5 6-2,27,509,1659,107
Nottingham,WTA250,2026/6/18,Grass,R16,3,Ann Li,Taylah Preston,5-7 6-2 6-2,29,124,1601,624
Nottingham,WTA250,2026/6/19,Grass,QF,3,Marie Bouzkova,Tatjana Maria,7-5 6-0,27,117,1659,671
Nottingham,WTA250,2026/6/19,Grass,QF,3,Karolina Pliskova,Talia Gibson,7-5 6-4,87,66,838,1023
Nottingham,WTA250,2026/6/19,Grass,QF,3,Emma Navarro,Jessica Bouzas Maneiro,7-6 6-2,25,55,1681,1080
Nottingham,WTA250,2026/6/19,Grass,QF,3,Viktorija Golubic,Ann Li,6-3 2-6 6-3,76,29,927,1601
Nottingham,WTA250,2026/6/20,Grass,SF,3,Marie Bouzkova,Karolina Pliskova,6-4 6-1,27,87,1659,838
Nottingham,WTA250,2026/6/20,Grass,SF,3,Emma Navarro,Viktorija Golubic,7-6 6-2,25,76,1681,927
Nottingham,WTA250,2026/6/21,Grass,F,3,Marie Bouzkova,Emma Navarro,7-6 4-6 6-2,27,25,1659,1681
Bad Homburg,WTA250,2026/6/21,Grass,R32,3,Liudmila Samsonova,Katerina Siniakova,6-3 7-5,42,34,1220,1422
Bad Homburg,WTA250,2026/6/21,Grass,R32,3,Leylah Fernandez,Katie Boulter,6-7 6-3 6-3,23,59,1844,1047
Bad Homburg,WTA250,2026/6/22,Grass,R32,3,Clara Tauson,Diana Shnaider,6-4 6-4,25,16,1756,2458
Bad Homburg,WTA250,2026/6/22,Grass,R32,3,Xinyu Wang,Renata Zarazua,6-1 6-2,52,76,1096,935
Bad Homburg,WTA250,2026/6/22,Grass,R32,3,Naomi Osaka,Magdalena Frech,6-4 6-1,15,43,2571,1208
Bad Homburg,WTA250,2026/6/22,Grass,R32,3,Anna Kalinskaya,Sinja Kraus,6-4 6-1,20,93,2212,808
Bad Homburg,WTA250,2026/6/22,Grass,R32,3,Qinwen Zheng,Solana Sierra,7-5 4-6 6-4,153,56,496,1067
Bad Homburg,WTA250,2026/6/22,Grass,R32,3,Irina Camelia Begu,Venus Williams,6-2 4-6 7-6,211,471,352,123
Bad Homburg,WTA250,2026/6/22,Grass,R32,3,Elise Mertens,Alexandra Eala,6-3 6-3,26,30,1728,1557
Bad Homburg,WTA250,2026/6/23,Grass,R32,3,Emma Navarro,Eva Lys,7-6 6-3,24,77,1784,931
Bad Homburg,WTA250,2026/6/23,Grass,R32,3,Ekaterina Alexandrova,Ann Li,6-1 6-7 6-1,19,29,2411,1625
Bad Homburg,WTA250,2026/6/23,Grass,R32,3,Elena Gabriela Ruse,Linda Noskova,6-1 6-3,105,10,731,3489
Bad Homburg,WTA250,2026/6/23,Grass,R16,3,Xinyu Wang,Leylah Fernandez,6-3 6-4,52,23,1096,1844
Bad Homburg,WTA250,2026/6/23,Grass,R16,3,Naomi Osaka,Elise Mertens,6-3 6-3,15,26,2571,1728
Bad Homburg,WTA250,2026/6/23,Grass,R16,3,Elina Svitolina,Liudmila Samsonova,3-6 6-3 6-2,8,42,4423,1220
Bad Homburg,WTA250,2026/6/24,Grass,R16,3,Ekaterina Alexandrova,Mirra Andreeva,6-3 6-4,19,5,2411,5751
Bad Homburg,WTA250,2026/6/24,Grass,R16,3,Clara Tauson,Qinwen Zheng,5-7 6-4 6-2,25,153,1756,496
Bad Homburg,WTA250,2026/6/24,Grass,R16,3,Elena Gabriela Ruse,Anna Kalinskaya,7-5 6-2,105,20,731,2212
Bad Homburg,WTA250,2026/6/24,Grass,R16,3,Emma Navarro,Iga Swiatek,7-5 2-6 6-3,24,3,1784,6733
Bad Homburg,WTA250,2026/6/24,Grass,R16,3,Karolina Muchova,Irina Camelia Begu,6-1 6-1,11,211,3438,352
Bad Homburg,WTA250,2026/6/25,Grass,QF,3,Xinyu Wang,Elina Svitolina,W/O,52,8,1096,4423
Bad Homburg,WTA250,2026/6/25,Grass,QF,3,Naomi Osaka,Ekaterina Alexandrova,6-2 6-2,15,19,2571,2411
Bad Homburg,WTA250,2026/6/25,Grass,QF,3,Elena Gabriela Ruse,Emma Navarro,6-4 6-2,105,24,731,1784
Bad Homburg,WTA250,2026/6/25,Grass,QF,3,Karolina Muchova,Clara Tauson,1-6 6-2 6-4,11,25,3438,1756
Bad Homburg,WTA250,2026/6/26,Grass,SF,3,Naomi Osaka,Xinyu Wang,6-3 6-3,15,52,2571,1096
Bad Homburg,WTA250,2026/6/26,Grass,SF,3,Karolina Muchova,Elena Gabriela Ruse,6-4 6-4,11,105,3438,731
Bad Homburg,WTA250,2026/6/27,Grass,F,3,Naomi Osaka,Karolina Muchova,1-6 0-1 RET,15,11,2571,3438
Eastbourne,WTA250,2026/6/22,Grass,R32,3,Anhelina Kalinina,Daria Snigur,7-6 7-5,70,78,978,928
Eastbourne,WTA250,2026/6/22,Grass,R32,3,Tereza Valentova,Hannah Klugman,7-5 5-7 7-5,61,412,1041,148
Eastbourne,WTA250,2026/6/22,Grass,R32,3,Petra Marcinko,Antonia Ruzic,7-6 4-6 7-6,51,60,1101,1041
Eastbourne,WTA250,2026/6/22,Grass,R32,3,Emiliana Arango,Maya Joint,7-6 6-4,101,53,773,1096
Eastbourne,WTA250,2026/6/22,Grass,R32,3,Ajla Tomljanovic,Elisabetta Cocciaretto,6-2 6-7 7-5,98,44,797,1192
Eastbourne,WTA250,2026/6/22,Grass,R32,3,Jelena Ostapenko,Francesca Jones,6-2 6-2,35,103,1404,747
Eastbourne,WTA250,2026/6/22,Grass,R32,3,Mccartney Kessler,Daria Kasatkina,6-3 7-6,62,68,1038,1009
Eastbourne,WTA250,2026/6/23,Grass,R32,3,Jessica Bouzas Maneiro,Alicia Dudeney,6-0 6-3,48,246,1124,293
Eastbourne,WTA250,2026/6/23,Grass,R32,3,Caty Mcnally,Janice Tjen,7-5 6-7 6-3,50,41,1107,1247
Eastbourne,WTA250,2026/6/23,Grass,R32,3,Tatjana Maria,Jasmine Paolini,6-4 6-3,112,14,695,2617
Eastbourne,WTA250,2026/6/23,Grass,R32,3,Anastasia Zakharova,Yuliia Starodubtseva,6-4 3-6 6-3,91,55,828,1077
Eastbourne,WTA250,2026/6/23,Grass,R32,3,Sara Bejlek,Laura Siegemund,3-6 7-6 7-6,45,40,1179,1272
Eastbourne,WTA250,2026/6/23,Grass,R32,3,Madison Keys,Talia Gibson,6-4 6-4,27,57,1685,1056
Eastbourne,WTA250,2026/6/23,Grass,R32,3,Panna Udvardy,Anna Bondar,7-6 3-2 RET,71,75,967,936
Eastbourne,WTA250,2026/6/23,Grass,R32,3,Zeynep Sonmez,Harriet Dart,4-6 6-2 7-5,54,151,1077,512
Eastbourne,WTA250,2026/6/23,Grass,R32,3,Kimberly Birrell,Barbora Krejcikova,6-3 7-6,73,37,939,1373
Eastbourne,WTA250,2026/6/24,Grass,R16,3,Madison Keys,Jessica Bouzas Maneiro,6-0 6-1,27,48,1685,1124
Eastbourne,WTA250,2026/6/24,Grass,R16,3,Tatjana Maria,Anastasia Zakharova,6-2 6-1,112,91,695,828
Eastbourne,WTA250,2026/6/24,Grass,R16,3,Jelena Ostapenko,Panna Udvardy,3-6 6-1 6-2,35,71,1404,967
Eastbourne,WTA250,2026/6/24,Grass,R16,3,Mccartney Kessler,Anhelina Kalinina,6-4 6-3,62,70,1038,978
Eastbourne,WTA250,2026/6/24,Grass,R16,3,Tereza Valentova,Ajla Tomljanovic,6-2 5-7 6-4,61,98,1041,797
Eastbourne,WTA250,2026/6/24,Grass,R16,3,Caty Mcnally,Emiliana Arango,6-3 6-0,50,101,1107,773
Eastbourne,WTA250,2026/6/24,Grass,R16,3,Zeynep Sonmez,Sara Bejlek,W/O,54,45,1077,1179
Eastbourne,WTA250,2026/6/24,Grass,R16,3,Petra Marcinko,Kimberly Birrell,6-1 6-4,51,73,1101,939
Eastbourne,WTA250,2026/6/25,Grass,QF,3,Jelena Ostapenko,Zeynep Sonmez,6-3 6-0,35,54,1404,1077
Eastbourne,WTA250,2026/6/25,Grass,QF,3,Madison Keys,Mccartney Kessler,6-3 6-1,27,62,1685,1038
Eastbourne,WTA250,2026/6/25,Grass,QF,3,Tatjana Maria,Tereza Valentova,6-3 7-5,112,61,695,1041
Eastbourne,WTA250,2026/6/25,Grass,QF,3,Petra Marcinko,Caty Mcnally,6-3 4-6 6-4,51,50,1101,1107
Eastbourne,WTA250,2026/6/26,Grass,SF,3,Tatjana Maria,Jelena Ostapenko,6-1 1-2 RET,112,35,695,1404
Eastbourne,WTA250,2026/6/26,Grass,SF,3,Madison Keys,Petra Marcinko,6-1 RET,27,51,1685,1101
Eastbourne,WTA250,2026/6/27,Grass,F,3,Madison Keys,Tatjana Maria,7-5 6-4,27,112,1685,695
Wimbledon,Grand Slam,2026/6/29,Grass,R128,3,Iva Jovic,Jaqueline Cristian,7-6 6-0,16,37,2436,1324
Wimbledon,Grand Slam,2026/6/29,Grass,R128,3,Belinda Bencic,Mika Stojsavljevic,6-2 6-1,11,276,3385,258
Wimbledon,Grand Slam,2026/6/29,Grass,R128,3,Sara Sorribes Tormo,Victoria Jimenez Kasintseva,6-2 6-3,253,110,285,698
Wimbledon,Grand Slam,2026/6/29,Grass,R128,3,Jessica Pegula,Darja Vidmanova,7-5 6-3,4,92,5881,831
Wimbledon,Grand Slam,2026/6/29,Grass,R128,3,Mananchaya Sawangkaew,Maja Chwalinska,2-6 7-5 6-2,164,21,462,1996
Wimbledon,Grand Slam,2026/6/29,Grass,R128,3,Xinyu Wang,Elisabetta Cocciaretto,6-3 2-6 6-2,39,46,1276,1192
Wimbledon,Grand Slam,2026/6/29,Grass,R128,3,Zeynep Sonmez,Ann Li,7-5 1-6 6-4,51,29,1134,1625
Wimbledon,Grand Slam,2026/6/29,Grass,R128,3,Jelena Ostapenko,Harriet Dart,6-3 3-6 6-4,31,152,1472,512
Wimbledon,Grand Slam,2026/6/29,Grass,R128,3,Tatjana Maria,Yulia Putintseva,6-4 6-4,96,84,809,855
Wimbledon,Grand Slam,2026/6/29,Grass,R128,3,Shuai Zhang,Bianca Andreescu,7-6 7-6,64,180,1015,426
Wimbledon,Grand Slam,2026/6/29,Grass,R128,3,Alycia Parks,Alicia Dudeney,6-3 6-3,81,245,905,293
Wimbledon,Grand Slam,2026/6/29,Grass,R128,3,Antonia Ruzic,Darja Semenistaja,6-3 3-6 6-3,61,104,1041,755
Wimbledon,Grand Slam,2026/6/29,Grass,R128,3,Claire Liu,Hanne Vandewinkel,4-6 6-3 6-4,146,103,526,784
Wimbledon,Grand Slam,2026/6/29,Grass,R128,3,Naomi Osaka,Elsa Jacquemot,6-1 7-5,14,80,2846,908
Wimbledon,Grand Slam,2026/6/29,Grass,R128,3,Lanlana Tararudee,Lilli Tagger,7-6 5-7 6-4,99,82,799,866
Wimbledon,Grand Slam,2026/6/29,Grass,R128,3,Nikola Bartunkova,Peyton Stearns,6-4 3-6 7-5,48,63,1140,1017
Wimbledon,Grand Slam,2026/6/29,Grass,R128,3,Janice Tjen,Leylah Fernandez,6-1 7-6,42,24,1247,1844
Wimbledon,Grand Slam,2026/6/29,Grass,R128,3,Daria Kasatkina,Mingge Xu,6-2 3-6 6-2,65,326,1009,204
Wimbledon,Grand Slam,2026/6/29,Grass,R128,3,Barbora Krejcikova,Hannah Klugman,6-1 6-4,38,416,1320,148
Wimbledon,Grand Slam,2026/6/29,Grass,R128,3,Aryna Sabalenka,Teodora Kostovic,6-2 6-3,1,184,9090,415
Wimbledon,Grand Slam,2026/6/29,Grass,R128,3,Anna Kalinskaya,Magdalena Frech,7-6 6-4,20,44,2240,1208
Wimbledon,Grand Slam,2026/6/29,Grass,R128,3,Mccartney Kessler,Oleksandra Oliynykova,6-0 6-0,57,53,1065,1114
Wimbledon,Grand Slam,2026/6/29,Grass,R128,3,Dayana Yastremska,Aoi Ito,7-6 4-6 7-5,67,228,995,328
Wimbledon,Grand Slam,2026/6/29,Grass,R128,3,Solana Sierra,Anna Bondar,6-3 5-7 7-5,56,74,1067,936
Wimbledon,Grand Slam,2026/6/29,Grass,R128,3,Mirra Andreeva,Magda Linette,7-5 6-4,5,59,5653,1051
Wimbledon,Grand Slam,2026/6/29,Grass,R128,3,Katerina Siniakova,Qinwen Zheng,6-4 6-4,36,138,1338,556
Wimbledon,Grand Slam,2026/6/29,Grass,R128,3,Karolina Muchova,Anastasia Zakharova,6-3 6-2,9,85,3878,849
Wimbledon,Grand Slam,2026/6/29,Grass,R128,3,Ekaterina Alexandrova,Panna Udvardy,6-4 6-2,19,69,2411,970
Wimbledon,Grand Slam,2026/6/29,Grass,R128,3,Coco Gauff,Tamara Korpatsch,6-2 6-1,7,78,4879,919
Wimbledon,Grand Slam,2026/6/29,Grass,R128,3,Anastasia Gasanova,Emiliana Arango,6-3 6-1,225,97,332,808
Wimbledon,Grand Slam,2026/6/29,Grass,R128,3,Diane Parry,Francesca Jones,6-4 6-4,49,106,1139,718
Wimbledon,Grand Slam,2026/6/29,Grass,R128,3,Jessica Bouzas Maneiro,Anastasia Potapova,6-2 6-3,52,28,1124,1657
Wimbledon,Grand Slam,2026/6/30,Grass,R128,3,Katie Swan,Irina Camelia Begu,6-4 6-4,196,173,379,437
Wimbledon,Grand Slam,2026/6/30,Grass,R128,3,Marie Bouzkova,Talia Gibson,6-1 3-6 6-2,23,58,1849,1056
Wimbledon,Grand Slam,2026/6/30,Grass,R128,3,Kamilla Rakhimova,Anhelina Kalinina,4-6 6-4 7-5,70,66,966,1008
Wimbledon,Grand Slam,2026/6/30,Grass,R128,3,Maria Sakkari,Clara Tauson,6-3 6-3,43,25,1240,1804
Wimbledon,Grand Slam,2026/6/30,Grass,R128,3,Tyra Caterina Grant,Katie Boulter,6-4 6-2,172,60,438,1047
Wimbledon,Grand Slam,2026/6/30,Grass,R128,3,Sofia Kenin,Petra Marcinko,7-6 6-4,105,47,734,1184
Wimbledon,Grand Slam,2026/6/30,Grass,R128,3,Karolina Pliskova,Tereza Valentova,6-3 6-4,73,54,936,1094
Wimbledon,Grand Slam,2026/6/30,Grass,R128,3,Madison Keys,Kayla Day,6-7 6-4 6-3,22,137,1854,563
Wimbledon,Grand Slam,2026/6/30,Grass,R128,3,Amanda Anisimova,Lina Gjorcheska,6-3 6-2,6,222,5523,333
Wimbledon,Grand Slam,2026/6/30,Grass,R128,3,Jasmine Paolini,Robin Montgomery,0-6 6-4 7-5,17,195,2423,384
Wimbledon,Grand Slam,2026/6/30,Grass,R128,3,Viktorija Golubic,Iryna Shymanovich,6-2 2-6 6-1,62,215,1028,344
Wimbledon,Grand Slam,2026/6/30,Grass,R128,3,Iga Swiatek,Taylor Townsend,6-1 2-6 6-3,3,79,6409,911
Wimbledon,Grand Slam,2026/6/30,Grass,R128,3,Kimberly Birrell,Alina Korneeva,6-3 0-6 6-2,72,98,939,806
Wimbledon,Grand Slam,2026/6/30,Grass,R128,3,Maria Timofeeva,Beatriz Haddad Maia,6-3 6-2,95,134,810,567
Wimbledon,Grand Slam,2026/6/30,Grass,R128,3,Leolia Jeanjean,Veronika Erjavec,6-4 4-6 7-6,132,89,577,841
Wimbledon,Grand Slam,2026/6/30,Grass,R128,3,Elena Rybakina,Lois Boisson,6-4 1-6 6-3,2,154,8143,495
Wimbledon,Grand Slam,2026/6/30,Grass,R128,3,Anna Blinkova,Yuliia Starodubtseva,6-7 6-4 6-1,114,55,675,1077
Wimbledon,Grand Slam,2026/6/30,Grass,R128,3,Emma Navarro,Paula Badosa,4-6 6-3 7-5,26,141,1784,546
Wimbledon,Grand Slam,2026/6/30,Grass,R128,3,Caty Mcnally,Elena Gabriela Ruse,7-5 6-3,50,71,1136,941
Wimbledon,Grand Slam,2026/6/30,Grass,R128,3,Oksana Selekhmeteva,Sinja Kraus,6-1 7-5,91,93,835,818
Wimbledon,Grand Slam,2026/6/30,Grass,R128,3,Elise Mertens,Laura Siegemund,6-2 6-4,27,40,1758,1272
Wimbledon,Grand Slam,2026/6/30,Grass,R128,3,Daria Snigur,Elina Svitolina,7-5 6-2,77,8,928,4471
Wimbledon,Grand Slam,2026/6/30,Grass,R128,3,Mariam Bolkvadze,Ajla Tomljanovic,6-2 2-6 6-4,545,94,96,815
Wimbledon,Grand Slam,2026/6/30,Grass,R128,3,Alexandra Eala,Renata Zarazua,6-1 6-2,32,75,1436,935
Wimbledon,Grand Slam,2026/6/30,Grass,R128,3,Sorana Cirstea,Sara Bejlek,6-1 7-6,18,45,2415,1208
Wimbledon,Grand Slam,2026/6/30,Grass,R128,3,Ashlyn Krueger,Donna Vekic,3-6 7-6 6-4,102,34,787,1386
Wimbledon,Grand Slam,2026/6/30,Grass,R128,3,Diana Shnaider,Eva Lys,7-5 6-1,15,76,2458,931
Wimbledon,Grand Slam,2026/6/30,Grass,R128,3,Liudmila Samsonova,Polina Kudermetova,6-3 6-3,41,113,1270,678
Wimbledon,Grand Slam,2026/6/30,Grass,R128,3,Linda Noskova,Ella Seidel,6-4 6-3,12,100,3359,797
Wimbledon,Grand Slam,2026/6/30,Grass,R128,3,Marta Kostyuk,Nadia Podoroska,6-1 6-2,13,574,3156,89
Wimbledon,Grand Slam,2026/6/30,Grass,R128,3,Maya Joint,Venus Williams,6-3 6-7 6-3,87,471,847,124
Wimbledon,Grand Slam,2026/6/30,Grass,R128,3,Camila Osorio,Simona Waltert,6-2 6-1,68,90,988,836
Wimbledon,Grand Slam,2026/7/1,Grass,R64,3,Naomi Osaka,Anastasia Gasanova,6-3 6-2,14,225,2846,332
Wimbledon,Grand Slam,2026/7/1,Grass,R64,3,Mananchaya Sawangkaew,Alycia Parks,7-5 6-0,164,81,462,905
Wimbledon,Grand Slam,2026/7/1,Grass,R64,3,Daria Kasatkina,Janice Tjen,6-7 6-1 6-4,65,42,1009,1247
Wimbledon,Grand Slam,2026/7/1,Grass,R64,3,Jelena Ostapenko,Antonia Ruzic,6-2 6-0,31,61,1472,1041
Wimbledon,Grand Slam,2026/7/1,Grass,R64,3,Claire Liu,Zeynep Sonmez,7-5 6-3,146,51,526,1134
Wimbledon,Grand Slam,2026/7/1,Grass,R64,3,Aryna Sabalenka,Mccartney Kessler,6-1 7-6,1,57,9090,1065
Wimbledon,Grand Slam,2026/7/1,Grass,R64,3,Jessica Bouzas Maneiro,Dayana Yastremska,6-3 6-7 6-2,52,67,1124,995
Wimbledon,Grand Slam,2026/7/1,Grass,R64,3,Karolina Muchova,Shuai Zhang,6-3 6-2,9,64,3878,1015
Wimbledon,Grand Slam,2026/7/1,Grass,R64,3,Anna Kalinskaya,Diane Parry,6-4 3-6 7-6,20,49,2240,1139
Wimbledon,Grand Slam,2026/7/1,Grass,R64,3,Coco Gauff,Solana Sierra,6-3 3-6 7-6,7,56,4879,1067
Wimbledon,Grand Slam,2026/7/1,Grass,R64,3,Nikola Bartunkova,Katerina Siniakova,6-2 6-4,48,36,1140,1338
Wimbledon,Grand Slam,2026/7/1,Grass,R64,3,Barbora Krejcikova,Mirra Andreeva,4-6 7-5 6-4,38,5,1320,5653
Wimbledon,Grand Slam,2026/7/1,Grass,R64,3,Jessica Pegula,Sara Sorribes Tormo,7-6 6-1,4,253,5881,285
Wimbledon,Grand Slam,2026/7/1,Grass,R64,3,Iva Jovic,Tatjana Maria,6-1 6-2,16,96,2436,809
Wimbledon,Grand Slam,2026/7/1,Grass,R64,3,Belinda Bencic,Xinyu Wang,7-5 6-0,11,39,3385,1276
Wimbledon,Grand Slam,2026/7/1,Grass,R64,3,Ekaterina Alexandrova,Lanlana Tararudee,7-5 7-5,19,99,2411,799
Wimbledon,Grand Slam,2026/7/2,Grass,R64,3,Marie Bouzkova,Tyra Caterina Grant,7-5 6-3,23,172,1849,438
Wimbledon,Grand Slam,2026/7/2,Grass,R64,3,Liudmila Samsonova,Diana Shnaider,6-4 4-6 6-2,41,15,1270,2458
Wimbledon,Grand Slam,2026/7/2,Grass,R64,3,Daria Snigur,Leolia Jeanjean,6-4 6-3,77,132,928,577
Wimbledon,Grand Slam,2026/7/2,Grass,R64,3,Emma Navarro,Oksana Selekhmeteva,3-6 6-4 6-1,26,91,1784,835
Wimbledon,Grand Slam,2026/7/2,Grass,R64,3,Ashlyn Krueger,Mariam Bolkvadze,6-1 6-0,102,545,787,96
Wimbledon,Grand Slam,2026/7/2,Grass,R64,3,Madison Keys,Katie Swan,6-1 6-4,22,196,1854,379
Wimbledon,Grand Slam,2026/7/2,Grass,R64,3,Alexandra Eala,Maya Joint,3-6 6-2 6-0,32,87,1436,847
Wimbledon,Grand Slam,2026/7/2,Grass,R64,3,Iga Swiatek,Karolina Pliskova,6-1 6-3,3,73,6409,936
Wimbledon,Grand Slam,2026/7/2,Grass,R64,3,Marta Kostyuk,Anna Blinkova,6-7 6-3 6-3,13,114,3156,675
Wimbledon,Grand Slam,2026/7/2,Grass,R64,3,Amanda Anisimova,Sofia Kenin,6-2 4-6 7-6,6,105,5523,734
Wimbledon,Grand Slam,2026/7/2,Grass,R64,3,Maria Sakkari,Kamilla Rakhimova,6-3 0-6 7-6,43,70,1240,966
Wimbledon,Grand Slam,2026/7/2,Grass,R64,3,Elise Mertens,Maria Timofeeva,2-6 6-3 6-0,27,95,1758,810
Wimbledon,Grand Slam,2026/7/2,Grass,R64,3,Sorana Cirstea,Kimberly Birrell,6-3 6-4,18,72,2415,939
Wimbledon,Grand Slam,2026/7/2,Grass,R64,3,Jasmine Paolini,Viktorija Golubic,7-6 6-4,17,62,2423,1028
Wimbledon,Grand Slam,2026/7/2,Grass,R64,3,Elena Rybakina,Caty Mcnally,6-1 6-2,2,50,8143,1136
Wimbledon,Grand Slam,2026/7/2,Grass,R64,3,Linda Noskova,Camila Osorio,6-3 4-6 6-2,12,68,3359,988
Wimbledon,Grand Slam,2026/7/3,Grass,R32,3,Belinda Bencic,Anna Kalinskaya,6-4 4-6 7-6,11,20,3385,2240
Wimbledon,Grand Slam,2026/7/3,Grass,R32,3,Naomi Osaka,Daria Kasatkina,6-1 6-3,14,65,2846,1009
Wimbledon,Grand Slam,2026/7/3,Grass,R32,3,Iva Jovic,Ekaterina Alexandrova,6-3 3-6 6-4,16,19,2436,2411
Wimbledon,Grand Slam,2026/7/3,Grass,R32,3,Jessica Pegula,Jessica Bouzas Maneiro,6-1 6-3,4,52,5881,1124
Wimbledon,Grand Slam,2026/7/3,Grass,R32,3,Barbora Krejcikova,Nikola Bartunkova,6-3 7-5,38,48,1320,1140
Wimbledon,Grand Slam,2026/7/3,Grass,R32,3,Aryna Sabalenka,Jelena Ostapenko,6-4 6-4,1,31,9090,1472
Wimbledon,Grand Slam,2026/7/3,Grass,R32,3,Coco Gauff,Claire Liu,6-3 6-7 6-2,7,146,4879,526
Wimbledon,Grand Slam,2026/7/3,Grass,R32,3,Karolina Muchova,Mananchaya Sawangkaew,6-2 7-6,9,164,3878,462
Wimbledon,Grand Slam,2026/7/4,Grass,R32,3,Marta Kostyuk,Emma Navarro,6-2 4-6 6-1,13,26,3156,1784
Wimbledon,Grand Slam,2026/7/4,Grass,R32,3,Marie Bouzkova,Liudmila Samsonova,4-6 7-6 6-4,23,41,1849,1270
Wimbledon,Grand Slam,2026/7/4,Grass,R32,3,Ashlyn Krueger,Daria Snigur,6-3 6-2,102,77,787,928
Wimbledon,Grand Slam,2026/7/4,Grass,R32,3,Elise Mertens,Elena Rybakina,7-6 6-1,27,2,1758,8143
Wimbledon,Grand Slam,2026/7/4,Grass,R32,3,Alexandra Eala,Iga Swiatek,7-6 6-2,32,3,1436,6409
Wimbledon,Grand Slam,2026/7/4,Grass,R32,3,Jasmine Paolini,Maria Sakkari,6-1 6-2,17,43,2423,1240
Wimbledon,Grand Slam,2026/7/4,Grass,R32,3,Linda Noskova,Sorana Cirstea,2-6 6-3 7-6,12,18,3359,2415
Wimbledon,Grand Slam,2026/7/4,Grass,R32,3,Madison Keys,Amanda Anisimova,3-6 6-2 6-3,22,6,1854,5523
Wimbledon,Grand Slam,2026/7/5,Grass,R16,3,Jessica Pegula,Iva Jovic,4-6 6-3 6-1,4,16,5881,2436
Wimbledon,Grand Slam,2026/7/5,Grass,R16,3,Karolina Muchova,Barbora Krejcikova,7-5 5-7 6-3,9,38,3878,1320
Wimbledon,Grand Slam,2026/7/5,Grass,R16,3,Naomi Osaka,Aryna Sabalenka,6-2 7-6,14,1,2846,9090
Wimbledon,Grand Slam,2026/7/5,Grass,R16,3,Coco Gauff,Belinda Bencic,4-6 6-3 6-4,7,11,4879,3385
Wimbledon,Grand Slam,2026/7/6,Grass,R16,3,Marta Kostyuk,Ashlyn Krueger,6-4 6-4,13,102,3156,787
Wimbledon,Grand Slam,2026/7/6,Grass,R16,3,Elise Mertens,Marie Bouzkova,6-4 6-4,27,23,1758,1849
Wimbledon,Grand Slam,2026/7/6,Grass,R16,3,Jasmine Paolini,Alexandra Eala,6-4 4-6 6-3,17,32,2423,1436
Wimbledon,Grand Slam,2026/7/6,Grass,R16,3,Linda Noskova,Madison Keys,6-4 7-6,12,22,3359,1854
Wimbledon,Grand Slam,2026/7/7,Grass,QF,3,Coco Gauff,Jessica Pegula,4-6 6-3 6-3,7,4,4879,5881
Wimbledon,Grand Slam,2026/7/7,Grass,QF,3,Karolina Muchova,Naomi Osaka,7-6 6-4,9,14,3878,2846
Wimbledon,Grand Slam,2026/7/8,Grass,QF,3,Linda Noskova,Elise Mertens,6-3 7-5,12,27,3359,1758
Wimbledon,Grand Slam,2026/7/8,Grass,QF,3,Marta Kostyuk,Jasmine Paolini,6-3 6-2,13,17,3156,2423
Wimbledon,Grand Slam,2026/7/9,Grass,SF,3,Karolina Muchova,Coco Gauff,6-2 1-6 7-6,9,7,3878,4879
Wimbledon,Grand Slam,2026/7/9,Grass,SF,3,Linda Noskova,Marta Kostyuk,6-4 6-4,12,13,3359,3156
Wimbledon,Grand Slam,2026/7/11,Grass,F,3,Linda Noskova,Karolina Muchova,6-2 5-7 6-3,12,9,3359,3878
Athens,WTA250,2026/7/13,Hard,R32,3,Mai Hontama,Magda Linette,6-4 7-5,202,51,379,1051
Athens,WTA250,2026/7/13,Hard,R32,3,Lilli Tagger,Marianne Argyrokastriti,6-1 6-1,84,725,875,53
Athens,WTA250,2026/7/13,Hard,R32,3,Qinwen Zheng,Jessica Bouzas Maneiro,7-5 6-1,135,62,556,1014
Athens,WTA250,2026/7/13,Hard,R32,3,Sara Bejlek,Viktoria Morvayova,6-0 7-5,42,300,1217,229
Athens,WTA250,2026/7/13,Hard,R32,3,Harriet Dart,Mina Hodzic,6-3 3-6 7-6,152,334,512,196
Athens,WTA250,2026/7/13,Hard,R32,3,Maria Sakkari,Polina Kudermetova,6-0 7-6,37,109,1300,708
Athens,WTA250,2026/7/13,Hard,R32,3,Elena Micic,Martha Matoula,7-5 6-3,302,301,222,228
Athens,WTA250,2026/7/13,Hard,R32,3,Alycia Parks,Valentini Grammatikopoulou,7-6 6-4,70,500,965,113
Athens,WTA250,2026/7/14,Hard,R32,3,Alina Korneeva,Aoi Ito,6-2 6-1,90,246,840,296
Athens,WTA250,2026/7/14,Hard,R32,3,Barbora Krejcikova,Viktoriya Tomova,6-3 6-3,32,207,1430,367
Athens,WTA250,2026/7/14,Hard,R32,3,Carole Monnet,Rebeka Masarova,4-6 6-2 7-6,205,166,368,460
Athens,WTA250,2026/7/14,Hard,R32,3,Miriana Tona,Sapfo Sakellaridi,7-6 5-7 6-2,384,442,162,134
Athens,WTA250,2026/7/14,Hard,R32,3,Clara Tauson,Nao Hibino,7-5 6-4,30,235,1574,324
Athens,WTA250,2026/7/14,Hard,R32,3,Aliaksandra Sasnovich,Anna Blinkova,3-6 6-2 6-2,143,102,546,749
Athens,WTA250,2026/7/14,Hard,R32,3,Ann Li,Maria Timofeeva,6-2 6-1,31,79,1565,897
Athens,WTA250,2026/7/14,Hard,R32,3,Tereza Valentova,Sofia Costoulas,6-1 6-2,49,157,1074,489
Athens,WTA250,2026/7/15,Hard,R16,3,Qinwen Zheng,Elena Micic,6-4 6-1,135,302,556,222
Athens,WTA250,2026/7/15,Hard,R16,3,Maria Sakkari,Harriet Dart,6-1 6-2,37,152,1300,512
Athens,WTA250,2026/7/15,Hard,R16,3,Alycia Parks,Mai Hontama,6-7 6-2 7-5,70,202,965,379
Athens,WTA250,2026/7/15,Hard,R16,3,Sara Bejlek,Lilli Tagger,6-2 6-2,42,84,1217,875
Athens,WTA250,2026/7/16,Hard,R16,3,Alina Korneeva,Ann Li,6-2 6-2,90,31,840,1565
Athens,WTA250,2026/7/16,Hard,R16,3,Tereza Valentova,Aliaksandra Sasnovich,6-3 6-2,49,143,1074,546
Athens,WTA250,2026/7/16,Hard,R16,3,Barbora Krejcikova,Carole Monnet,6-0 6-2,32,205,1430,368
Athens,WTA250,2026/7/16,Hard,R16,3,Clara Tauson,Miriana Tona,6-4 6-0,30,384,1574,162
Athens,WTA250,2026/7/17,Hard,QF,3,Barbora Krejcikova,Qinwen Zheng,6-4 6-4,32,135,1430,556
Athens,WTA250,2026/7/17,Hard,QF,3,Alina Korneeva,Tereza Valentova,7-5 6-3,90,49,840,1074
Athens,WTA250,2026/7/17,Hard,QF,3,Maria Sakkari,Alycia Parks,6-4 6-3,37,70,1300,965
Athens,WTA250,2026/7/17,Hard,QF,3,Clara Tauson,Sara Bejlek,6-2 6-3,30,42,1574,1217
Athens,WTA250,2026/7/18,Hard,SF,3,Maria Sakkari,Alina Korneeva,6-1 7-5,37,90,1300,840
Athens,WTA250,2026/7/18,Hard,SF,3,Barbora Krejcikova,Clara Tauson,6-1 4-6 6-3,32,30,1430,1574
Athens,WTA250,2026/7/19,Hard,F,3,Barbora Krejcikova,Maria Sakkari,7-6 6-3,32,37,1430,1300
Iasi,WTA250,2026/7/13,Clay,R32,3,Alina Charaeva,Victoria Jimenez Kasintseva,6-0 6-1,118,114,640,674
Iasi,WTA250,2026/7/13,Clay,R32,3,Anna Bondar,Sara Sorribes Tormo,7-5 6-4,73,212,936,355
Iasi,WTA250,2026/7/13,Clay,R32,3,Petra Marcinko,Nadia Podoroska,6-2 3-6 6-4,45,533,1145,99
Iasi,WTA250,2026/7/13,Clay,R32,3,Clara Burel,Varvara Lepchenko,2-6 7-5 6-3,630,172,72,447
Iasi,WTA250,2026/7/14,Clay,R32,3,Tamara Zidansek,Emiliana Arango,5-7 6-2 6-3,148,96,525,808
Iasi,WTA250,2026/7/14,Clay,R32,3,Elina Avanesyan,Moyuka Uchijima,6-2 6-4,224,108,342,713
Iasi,WTA250,2026/7/14,Clay,R32,3,Kaitlin Quevedo,Elena Gabriela Ruse,6-3 6-1,100,72,757,941
Iasi,WTA250,2026/7/14,Clay,R32,3,Mayar Sherif,Dalma Galfi,6-2 6-0,97,137,787,552
Iasi,WTA250,2026/7/14,Clay,R32,3,Yulia Putintseva,Claire Liu,7-5 6-2,82,111,877,695
Iasi,WTA250,2026/7/14,Clay,R32,3,Alevtina Ibragimova,Dominika Salkova,6-2 7-5,275,127,262,590
Iasi,WTA250,2026/7/14,Clay,R32,3,Oleksandra Oliynykova,Ipek Oz,7-6 7-6,52,424,1049,145
Iasi,WTA250,2026/7/14,Clay,R32,3,Elena Pridankina,Miriam Bianca Bulgaru,7-5 6-1,201,248,379,296
Iasi,WTA250,2026/7/14,Clay,R32,3,Panna Udvardy,Leyre Romero Gormaz,6-3 4-6 6-3,71,146,950,536
Iasi,WTA250,2026/7/14,Clay,R32,3,Paula Badosa,Anhelina Kalinina,6-3 6-1,115,59,670,1018
Iasi,WTA250,2026/7/14,Clay,R32,3,Elsa Jacquemot,Ilinca Dalina Amariei,6-4 7-6,107,586,728,83
Iasi,WTA250,2026/7/14,Clay,R32,3,Katarzyna Kawa,Simona Waltert,6-1 6-4,142,81,547,880
Iasi,WTA250,2026/7/15,Clay,R16,3,Yulia Putintseva,Alina Charaeva,6-3 6-3,82,118,877,640
Iasi,WTA250,2026/7/15,Clay,R16,3,Tamara Zidansek,Anna Bondar,7-6 6-7 7-5,148,73,525,936
Iasi,WTA250,2026/7/15,Clay,R16,3,Clara Burel,Elsa Jacquemot,6-1 6-1,630,107,72,728
Iasi,WTA250,2026/7/15,Clay,R16,3,Petra Marcinko,Elina Avanesyan,7-6 7-6,45,224,1145,342
Iasi,WTA250,2026/7/16,Clay,R16,3,Mayar Sherif,Kaitlin Quevedo,6-3 7-6,97,100,787,757
Iasi,WTA250,2026/7/16,Clay,R16,3,Oleksandra Oliynykova,Elena Pridankina,6-1 6-2,52,201,1049,379
Iasi,WTA250,2026/7/16,Clay,R16,3,Paula Badosa,Alevtina Ibragimova,7-6 1-6 6-4,115,275,670,262
Iasi,WTA250,2026/7/16,Clay,R16,3,Panna Udvardy,Katarzyna Kawa,1-6 7-5 6-2,71,142,950,547
Iasi,WTA250,2026/7/17,Clay,QF,3,Mayar Sherif,Yulia Putintseva,6-2 3-6 7-6,97,82,787,877
Iasi,WTA250,2026/7/17,Clay,QF,3,Oleksandra Oliynykova,Clara Burel,6-4 7-5,52,630,1049,72
Iasi,WTA250,2026/7/17,Clay,QF,3,Paula Badosa,Panna Udvardy,6-4 7-6,115,71,670,950
Iasi,WTA250,2026/7/17,Clay,QF,3,Tamara Zidansek,Petra Marcinko,6-3 7-5,148,45,525,1145
Iasi,WTA250,2026/7/18,Clay,SF,3,Mayar Sherif,Oleksandra Oliynykova,6-3 6-1,97,52,787,1049
Iasi,WTA250,2026/7/18,Clay,SF,3,Paula Badosa,Tamara Zidansek,3-6 7-5 7-6,115,148,670,525
Iasi,WTA250,2026/7/20,Clay,F,3,Mayar Sherif,Paula Badosa,6-4 4-0 RET,97,115,787,670
Hamburg,WTA250,2026/7/20,Clay,R32,3,Anhelina Kalinina,Kaitlin Quevedo,7-5 6-4,56,101,1019,771
Hamburg,WTA250,2026/7/20,Clay,R32,3,Julia Stusek,Nadia Podoroska,4-6 6-3 6-4,435,537,138,100
Hamburg,WTA250,2026/7/20,Clay,R32,3,Anna Bondar,Moyuka Uchijima,7-5 6-4,97,110,803,713
Hamburg,WTA250,2026/7/21,Clay,R32,3,Panna Udvardy,Elena Pridankina,6-4 6-2,71,184,950,419
Hamburg,WTA250,2026/7/21,Clay,R32,3,Sinja Kraus,Darja Semenistaja,3-6 6-3 6-2,80,109,904,714
Hamburg,WTA250,2026/7/21,Clay,R32,3,Yulia Putintseva,Mona Barthel,6-2 7-6,79,223,904,345
Hamburg,WTA250,2026/7/21,Clay,R32,3,Leyre Romero Gormaz,Veronika Erjavec,6-2 6-2,153,100,500,775
Hamburg,WTA250,2026/7/21,Clay,R32,3,Noma Noha Akugue,Valentina Steiner,6-3 2-6 6-2,144,544,539,97
Hamburg,WTA250,2026/7/21,Clay,R32,3,Maria Lourdes Carle,Jule Niemeier,7-5 6-2,231,566,319,87
Hamburg,WTA250,2026/7/21,Clay,R32,3,Alina Charaeva,Sara Sorribes Tormo,3-6 7-5 6-1,117,212,655,356
Hamburg,WTA250,2026/7/21,Clay,R32,3,Tamara Korpatsch,Victoria Jimenez Kasintseva,4-6 7-5 1-0 RET,81,119,899,645
Hamburg,WTA250,2026/7/21,Clay,R32,3,Elina Avanesyan,Arantxa Rus,6-2 6-1,208,187,360,412
Hamburg,WTA250,2026/7/21,Clay,R32,3,Oleksandra Oliynykova,Nastasja Schunk,6-2 3-6 7-5,45,418,1132,147
Hamburg,WTA250,2026/7/22,Clay,R32,3,Mayar Sherif,Simona Waltert,5-7 6-4 7-6,73,91,935,846
Hamburg,WTA250,2026/7/22,Clay,R32,3,Elsa Jacquemot,Tessa Johanna Brockmann,7-5 6-1,104,267,757,270
Hamburg,WTA250,2026/7/22,Clay,R32,3,Paula Badosa,Katarzyna Kawa,7-5 6-4,93,131,832,576
Hamburg,WTA250,2026/7/22,Clay,R16,3,Anhelina Kalinina,Maria Lourdes Carle,6-1 6-3,56,231,1019,319
Hamburg,WTA250,2026/7/22,Clay,R16,3,Alina Charaeva,Sinja Kraus,5-7 7-5 7-5,117,80,655,904
Hamburg,WTA250,2026/7/22,Clay,R16,3,Tamara Korpatsch,Julia Stusek,6-0 3-6 6-3,81,435,899,138
Hamburg,WTA250,2026/7/22,Clay,R16,3,Anna Bondar,Noma Noha Akugue,6-1 3-6 7-5,97,144,803,539
Hamburg,WTA250,2026/7/23,Clay,R16,3,Mayar Sherif,Elsa Jacquemot,6-2 6-3,73,104,935,757
Hamburg,WTA250,2026/7/23,Clay,R16,3,Oleksandra Oliynykova,Leyre Romero Gormaz,7-6 3-6 6-2,45,153,1132,500
Hamburg,WTA250,2026/7/23,Clay,R16,3,Paula Badosa,Panna Udvardy,6-4 6-1,93,71,832,950
Hamburg,WTA250,2026/7/23,Clay,R16,3,Elina Avanesyan,Yulia Putintseva,6-3 2-6 6-2,208,79,360,904
Hamburg,WTA250,2026/7/24,Clay,QF,3,Anna Bondar,Alina Charaeva,6-1 7-6,97,117,803,655
Hamburg,WTA250,2026/7/24,Clay,QF,3,Mayar Sherif,Paula Badosa,7-6 6-7 6-4,73,93,935,832
Hamburg,WTA250,2026/7/24,Clay,QF,3,Elina Avanesyan,Oleksandra Oliynykova,W/O,208,45,360,1132
Hamburg,WTA250,2026/7/24,Clay,QF,3,Tamara Korpatsch,Anhelina Kalinina,6-3 1-6 6-1,81,56,899,1019
Hamburg,WTA250,2026/7/25,Clay,SF,3,Anna Bondar,Elina Avanesyan,7-6 4-6 7-6,97,208,803,360
Hamburg,WTA250,2026/7/25,Clay,SF,3,Tamara Korpatsch,Mayar Sherif,6-1 2-0 RET,81,73,899,935
Hamburg,WTA250,2026/7/26,Clay,F,3,Tamara Korpatsch,Anna Bondar,6-3 6-3,81,97,899,803
Prague,WTA250,2026/7/20,Hard,R32,3,Oceane Dodin,Alisa Oktiabreva,6-3 6-3,362,403,175,155
Prague,WTA250,2026/7/20,Hard,R32,3,Daria Snigur,Ella Seidel,7-5 3-6 6-3,54,103,1027,767
Prague,WTA250,2026/7/20,Hard,R32,3,Marie Bouzkova,Jessica Bouzas Maneiro,7-5 7-5,21,59,2019,1014
Prague,WTA250,2026/7/20,Hard,R32,3,Carol Young Suh Lee,Veronika Podrez,6-1 5-7 6-2,179,140,428,553
Prague,WTA250,2026/7/20,Hard,R32,3,Lucie Havlickova,Alycia Parks,6-2 6-4,226,66,338,989
Prague,WTA250,2026/7/20,Hard,R32,3,Ayla Aksu,Sofia Costoulas,2-6 6-3 6-4,216,155,352,489
Prague,WTA250,2026/7/20,Hard,R32,3,Dominika Salkova,Antonia Ruzic,7-6 6-4,127,50,590,1062
Prague,WTA250,2026/7/21,Hard,R32,3,Mai Hontama,Diane Parry,6-4 6-0,203,60,382,1011
Prague,WTA250,2026/7/21,Hard,R32,3,Maria Timofeeva,Aliaksandra Sasnovich,6-3 6-4,84,133,881,574
Prague,WTA250,2026/7/21,Hard,R32,3,Nikola Bartunkova,Yue Yuan,3-6 6-4 6-1,44,121,1202,621
Prague,WTA250,2026/7/21,Hard,R32,3,Maya Joint,Laura Samson,6-4 3-6 6-2,77,150,907,503
Prague,WTA250,2026/7/21,Hard,R32,3,Lilli Tagger,Xinyu Gao,6-2 6-4,74,244,922,298
Prague,WTA250,2026/7/21,Hard,R32,3,Tereza Valentova,Priscilla Hon,6-3 6-1,63,158,1003,477
Prague,WTA250,2026/7/21,Hard,R32,3,Lanlana Tararudee,Jana Kovackova,6-3 5-7 6-2,82,553,883,92
Prague,WTA250,2026/7/21,Hard,R32,3,Sara Bejlek,Anna Blinkova,7-6 3-6 6-1,40,105,1269,749
Prague,WTA250,2026/7/21,Hard,R32,3,Barbora Krejcikova,Linda Fruhvirtova,6-2 6-4,26,180,1679,426
Prague,WTA250,2026/7/22,Hard,R16,3,Daria Snigur,Ayla Aksu,6-3 6-2,54,216,1027,352
Prague,WTA250,2026/7/22,Hard,R16,3,Marie Bouzkova,Carol Young Suh Lee,7-5 6-4,21,179,2019,428
Prague,WTA250,2026/7/22,Hard,R16,3,Tereza Valentova,Maya Joint,1-6 6-0 6-3,63,77,1003,907
Prague,WTA250,2026/7/22,Hard,R16,3,Dominika Salkova,Oceane Dodin,6-1 6-1,127,362,590,175
Prague,WTA250,2026/7/23,Hard,R16,3,Lanlana Tararudee,Nikola Bartunkova,7-6 3-6 7-6,82,44,883,1202
Prague,WTA250,2026/7/23,Hard,R16,3,Lilli Tagger,Mai Hontama,6-4 6-4,74,203,922,382
Prague,WTA250,2026/7/23,Hard,R16,3,Sara Bejlek,Maria Timofeeva,6-1 6-1,40,84,1269,881
Prague,WTA250,2026/7/23,Hard,R16,3,Barbora Krejcikova,Lucie Havlickova,6-4 6-2,26,226,1679,338
Prague,WTA250,2026/7/24,Hard,QF,3,Daria Snigur,Lanlana Tararudee,6-0 6-3,54,82,1027,883
Prague,WTA250,2026/7/24,Hard,QF,3,Tereza Valentova,Marie Bouzkova,2-6 6-4 7-6,63,21,1003,2019
Prague,WTA250,2026/7/24,Hard,QF,3,Lilli Tagger,Sara Bejlek,6-3 6-4,74,40,922,1269
Prague,WTA250,2026/7/24,Hard,QF,3,Barbora Krejcikova,Dominika Salkova,6-3 6-3,26,127,1679,590
Prague,WTA250,2026/7/25,Hard,SF,3,Daria Snigur,Tereza Valentova,7-6 6-3,54,63,1027,1003
Prague,WTA250,2026/7/25,Hard,SF,3,Lilli Tagger,Barbora Krejcikova,6-7 6-3 7-6,74,26,922,1679
Prague,WTA250,2026/7/26,Hard,F,3,Lilli Tagger,Daria Snigur,7-6 6-2,74,54,922,1027
Memphis,WTA250,2026/7/27,Hard,R32,3,Maya Joint,Whitney Osuigwe,6-4 6-1,76,197,936,388
Memphis,WTA250,2026/7/27,Hard,R32,3,Katie Volynets,Viktorija Golubic,7-5 2-6 7-6,93,51,814,1088
Memphis,WTA250,2026/7/27,Hard,R32,3,Anastasia Zakharova,Linda Fruhvirtova,7-6 6-1,101,176,768,437
Memphis,WTA250,2026/7/27,Hard,R32,3,Tatjana Maria,Talia Gibson,6-0 6-3,79,72,913,958
Memphis,WTA250,2026/7/27,Hard,R32,3,Iryna Shymanovich,Reese Brantmeier,6-4 6-3,205,486,378,118
Memphis,WTA250,2026/7/28,Hard,R32,3,Tatiana Prozorova,Solana Sierra,6-1 5-7 6-2,181,86,433,867
Memphis,WTA250,2026/7/28,Hard,R32,3,Camila Osorio,Storm Hunter,7-5 7-5,56,180,1048,433
Memphis,WTA250,2026/7/28,Hard,R32,3,Elvina Kalieva,Katherine Sebov,6-1 7-6,132,231,568,331
Memphis,WTA250,2026/7/28,Hard,R32,3,Kristina Liutova,Ekaterina Alexandrova,7-6 4-6 5-4 RET,229,19,336,2301
Memphis,WTA250,2026/7/28,Hard,R32,3,Zeynep Sonmez,Cadence Brace,6-4 3-6 6-3,52,254,1074,286
Memphis,WTA250,2026/7/28,Hard,R32,3,Caty Mcnally,Xiyu Wang,4-6 6-3 7-6,73,94,954,808
Memphis,WTA250,2026/7/28,Hard,R32,3,Peyton Stearns,Mary Stoiana,6-7 6-0 6-4,58,124,1017,603
Memphis,WTA250,2026/7/28,Hard,R32,3,Sloane Stephens,Yuliia Starodubtseva,6-4 5-7 6-2,320,62,213,1008
Memphis,WTA250,2026/7/28,Hard,R32,3,Darja Vidmanova,Marina Bassols Ribera,6-2 3-6 6-4,114,130,691,579
Memphis,WTA250,2026/7/29,Hard,R32,3,Yinong Ma,Kimberly Birrell,7-6 6-4,194,66,395,999
Memphis,WTA250,2026/7/29,Hard,R32,3,Renata Zarazua,Mccartney Kessler,6-4 6-1,83,47,894,1125
Memphis,WTA250,2026/7/29,Hard,R16,3,Katie Volynets,Iryna Shymanovich,6-4 6-2,93,205,814,378
Memphis,WTA250,2026/7/29,Hard,R16,3,Anastasia Zakharova,Camila Osorio,6-4 6-3,101,56,768,1048
Memphis,WTA250,2026/7/29,Hard,R16,3,Elvina Kalieva,Zeynep Sonmez,3-6 7-5 7-5,132,52,568,1074
Memphis,WTA250,2026/7/30,Hard,R16,3,Renata Zarazua,Tatjana Maria,6-4 6-4,83,79,894,913
Memphis,WTA250,2026/7/30,Hard,R16,3,Kristina Liutova,Maya Joint,3-6 6-3 6-3,229,76,336,936
Memphis,WTA250,2026/7/30,Hard,R16,3,Caty Mcnally,Yinong Ma,6-2 6-3,73,194,954,395
Memphis,WTA250,2026/7/30,Hard,R16,3,Peyton Stearns,Tatiana Prozorova,6-1 6-2,58,181,1017,433
Memphis,WTA250,2026/7/31,Hard,R16,3,Darja Vidmanova,Sloane Stephens,6-2 6-4,114,320,691,213
Memphis,WTA250,2026/7/31,Hard,QF,3,Kristina Liutova,Caty Mcnally,6-3 6-4,229,73,336,954
Memphis,WTA250,2026/7/31,Hard,QF,3,Elvina Kalieva,Peyton Stearns,6-1 2-6 6-3,132,58,568,1017
Memphis,WTA250,2026/8/1,Hard,QF,3,Renata Zarazua,Anastasia Zakharova,6-4 6-0,83,101,894,768
Memphis,WTA250,2026/8/1,Hard,QF,3,Darja Vidmanova,Katie Volynets,6-4 6-7 6-1,114,93,691,814
Memphis,WTA250,2026/8/1,Hard,SF,3,Kristina Liutova,Elvina Kalieva,7-5 6-1,229,132,336,568
Memphis,WTA250,2026/8/1,Hard,SF,3,Darja Vidmanova,Renata Zarazua,6-3 6-3,114,83,691,894
Memphis,WTA250,2026/8/2,Hard,F,3,Kristina Liutova,Darja Vidmanova,1-6 6-1 6-3,229,114,336,691
Washington,WTA500,2026/7/27,Hard,R32,3,Elisabetta Cocciaretto,Clara Tauson,4-6 7-6 7-6,71,30,967,1564
Washington,WTA500,2026/7/27,Hard,R32,3,Leylah Fernandez,Magda Linette,6-1 6-4,34,65,1344,1001
Washington,WTA500,2026/7/27,Hard,R32,3,Emma Navarro,Sofia Kenin,6-0 7-5,26,116,1674,684
Washington,WTA500,2026/7/27,Hard,R32,3,Liudmila Samsonova,Madison Keys,3-6 6-4 6-4,70,22,970,1964
Washington,WTA500,2026/7/28,Hard,R32,3,Janice Tjen,Rebecca Sramkova,6-4 6-2,37,141,1282,549
Washington,WTA500,2026/7/28,Hard,R32,3,Ashlyn Krueger,Katie Boulter,3-6 6-2 6-2,67,69,997,987
Washington,WTA500,2026/7/28,Hard,R32,3,Polina Kudermetova,Cristina Bucsa,5-7 7-6 6-0,108,40,708,1244
Washington,WTA500,2026/7/28,Hard,R32,3,Xinyu Wang,Julieta Pareja,7-6 6-3,42,308,1193,224
Washington,WTA500,2026/7/28,Hard,R32,3,Alexandra Eala,Qinwen Zheng,4-6 6-4 6-1,28,123,1666,610
Washington,WTA500,2026/7/28,Hard,R32,3,Anna Kalinskaya,Daria Kasatkina,6-4 6-1,20,61,2007,1009
Washington,WTA500,2026/7/28,Hard,R32,3,Magdalena Frech,Ann Li,6-4 6-3,48,31,1120,1541
Washington,WTA500,2026/7/29,Hard,R32,3,Anastasia Potapova,Venus Williams,6-3 6-3,27,664,1667,64
Washington,WTA500,2026/7/29,Hard,R16,3,Alexandra Eala,Leylah Fernandez,6-2 7-6,28,34,1666,1344
Washington,WTA500,2026/7/29,Hard,R16,3,Liudmila Samsonova,Xinyu Wang,6-2 6-2,70,42,970,1193
Washington,WTA500,2026/7/29,Hard,R16,3,Elisabetta Cocciaretto,Emma Navarro,6-3 4-6 6-3,71,26,967,1674
Washington,WTA500,2026/7/29,Hard,R16,3,Naomi Osaka,Ashlyn Krueger,6-3 3-1 RET,13,67,3086,997
Washington,WTA500,2026/7/30,Hard,R16,3,Anna Kalinskaya,Janice Tjen,1-6 6-3 7-6,20,37,2007,1282
Washington,WTA500,2026/7/30,Hard,R16,3,Jessica Pegula,Magdalena Frech,3-6 6-3 6-0,3,48,6300,1120
Washington,WTA500,2026/7/31,Hard,R16,3,Diana Shnaider,Anastasia Potapova,6-1 6-2,18,27,2458,1667
Washington,WTA500,2026/7/31,Hard,R16,3,Elina Svitolina,Polina Kudermetova,7-6 6-4,10,108,4351,708
Washington,WTA500,2026/7/31,Hard,QF,3,Jessica Pegula,Anna Kalinskaya,6-3 7-5,3,20,6300,2007
Washington,WTA500,2026/7/31,Hard,QF,3,Naomi Osaka,Elisabetta Cocciaretto,4-6 6-4 6-3,13,71,3086,967
Washington,WTA500,2026/7/31,Hard,QF,3,Diana Shnaider,Liudmila Samsonova,6-3 6-4,18,70,2458,970
Washington,WTA500,2026/8/1,Hard,QF,3,Alexandra Eala,Elina Svitolina,6-3 6-4,28,10,1666,4351
Washington,WTA500,2026/8/1,Hard,SF,3,Jessica Pegula,Diana Shnaider,7-5 6-4,3,18,6300,2458
Washington,WTA500,2026/8/1,Hard,SF,3,Alexandra Eala,Naomi Osaka,6-4 6-2,28,13,1666,3086
Washington,WTA500,2026/8/3,Hard,F,3,Alexandra Eala,Jessica Pegula,4-6 6-4 6-0,28,3,1666,6300
Toronto,WTA1000,2026/8/2,Hard,R128,3,Kamilla Rakhimova,Venus Williams,6-4 6-1,82,664,894,64
Toronto,WTA1000,2026/8/2,Hard,R128,3,Viktorija Golubic,Kimberly Birrell,7-6 6-4,51,66,1088,999
Toronto,WTA1000,2026/8/2,Hard,R128,3,Jessica Bouzas Maneiro,Ariana Arseneault,6-2 6-4,59,407,1014,154
Toronto,WTA1000,2026/8/2,Hard,R128,3,Sara Bejlek,Xiyu Wang,6-3 4-6 7-5,38,94,1269,808
Toronto,WTA1000,2026/8/2,Hard,R128,3,Katherine Sebov,Aoi Ito,6-3 6-4,231,235,331,313
Toronto,WTA1000,2026/8/2,Hard,R128,3,Moyuka Uchijima,Cristina Bucsa,6-3 6-4,107,40,713,1244
Toronto,WTA1000,2026/8/2,Hard,R128,3,Camila Osorio,Lucrezia Stefanini,7-6 6-3,56,144,1048,539
Toronto,WTA1000,2026/8/3,Hard,R128,3,Anna Bondar,Anhelina Kalinina,6-4 7-5,77,54,936,1072
Toronto,WTA1000,2026/8/3,Hard,R128,3,Alina Korneeva,Polina Kudermetova,6-0 3-0 RET,89,108,849,708
Toronto,WTA1000,2026/8/3,Hard,R128,3,Karolina Pliskova,Oleksandra Oliynykova,6-4 6-4,63,44,1006,1171
Toronto,WTA1000,2026/8/3,Hard,R128,3,Kayla Day,Diane Parry,3-6 6-3 7-5,127,60,591,1011
Toronto,WTA1000,2026/8/3,Hard,R128,3,Kayla Cross,Katie Boulter,7-6 7-5,172,69,449,987
Toronto,WTA1000,2026/8/3,Hard,R128,3,Talia Gibson,Elisabetta Cocciaretto,6-2 3-2 RET,72,71,958,967
Toronto,WTA1000,2026/8/3,Hard,R128,3,Mccartney Kessler,Cadence Brace,6-3 6-3,47,254,1125,286
Toronto,WTA1000,2026/8/3,Hard,R128,3,Rebecca Sramkova,Anna Blinkova,6-3 6-3,141,104,549,749
Toronto,WTA1000,2026/8/3,Hard,R128,3,Elena Gabriela Ruse,Peyton Stearns,6-0 7-5,75,58,941,1017
Toronto,WTA1000,2026/8/3,Hard,R128,3,Shuai Zhang,Yulia Putintseva,6-4 6-1,57,81,1020,904
Toronto,WTA1000,2026/8/3,Hard,R128,3,Magdalena Frech,Leolia Jeanjean,7-5 6-3,48,117,1120,677
Toronto,WTA1000,2026/8/3,Hard,R128,3,Nikola Bartunkova,Bianca Andreescu,7-5 6-4,41,174,1231,446
Toronto,WTA1000,2026/8/3,Hard,R128,3,Lanlana Tararudee,Emerson Jones,7-6 6-2,78,139,916,557
Toronto,WTA1000,2026/8/3,Hard,R128,3,Liudmila Samsonova,Janice Tjen,7-6 7-5,70,37,970,1282
Toronto,WTA1000,2026/8/3,Hard,R128,3,Antonia Ruzic,Lois Boisson,4-6 6-1 6-3,55,292,1062,238
Toronto,WTA1000,2026/8/3,Hard,R128,3,Magda Linette,Carol Zhao,4-6 6-1 6-4,65,620,1001,74
Toronto,WTA1000,2026/8/3,Hard,R128,3,Alycia Parks,Victoria Jimenez Kasintseva,6-4 6-4,68,120,989,645
Toronto,WTA1000,2026/8/3,Hard,R128,3,Maya Joint,Yuliia Starodubtseva,4-6 6-1 6-3,76,62,936,1008
Toronto,WTA1000,2026/8/3,Hard,R128,3,Taylor Townsend,Tereza Valentova,6-4 7-5,105,64,748,1003
Toronto,WTA1000,2026/8/3,Hard,R128,3,Panna Udvardy,Eva Lys,2-6 7-6 2-0 RET,74,85,953,871
Toronto,WTA1000,2026/8/3,Hard,R128,3,Renata Zarazua,Tamara Korpatsch,6-4 0-6 6-1,83,46,894,1134
Toronto,WTA1000,2026/8/4,Hard,R128,3,Zeynep Sonmez,Rebecca Marino,7-5 6-4,52,339,1074,193
Toronto,WTA1000,2026/8/4,Hard,R128,3,Caty Mcnally,Tatjana Maria,4-6 7-6 6-1,73,79,954,913
Toronto,WTA1000,2026/8/4,Hard,R128,3,Sloane Stephens,Solana Sierra,6-3 6-4,307,86,225,867
Toronto,WTA1000,2026/8/4,Hard,R128,3,Daria Kasatkina,Xinyu Wang,1-6 7-6 7-5,61,42,1009,1193
Toronto,WTA1000,2026/8/4,Hard,R64,3,Elina Svitolina,Jessica Bouzas Maneiro,6-7 7-6 6-4,10,59,4351,1014
Toronto,WTA1000,2026/8/4,Hard,R64,3,Iga Swiatek,Sara Bejlek,6-0 6-3,8,38,4539,1269
Toronto,WTA1000,2026/8/4,Hard,R64,3,Ekaterina Alexandrova,Camila Osorio,6-3 7-6,19,56,2301,1048
Toronto,WTA1000,2026/8/4,Hard,R64,3,Viktorija Golubic,Donna Vekic,5-7 6-2 6-3,51,35,1088,1326
Toronto,WTA1000,2026/8/4,Hard,R64,3,Diana Shnaider,Rebecca Sramkova,6-2 4-6 6-1,18,141,2458,549
Toronto,WTA1000,2026/8/4,Hard,R64,3,Marta Kostyuk,Katherine Sebov,7-6 6-0,11,231,3925,331
Toronto,WTA1000,2026/8/4,Hard,R64,3,Talia Gibson,Maja Chwalinska,7-5 6-1,72,21,958,1975
Toronto,WTA1000,2026/8/4,Hard,R64,3,Anastasia Potapova,Elena Gabriela Ruse,6-4 6-2,27,75,1667,941
Toronto,WTA1000,2026/8/4,Hard,R64,3,Madison Keys,Antonia Ruzic,6-1 6-2,22,55,1964,1062
Toronto,WTA1000,2026/8/4,Hard,R64,3,Shuai Zhang,Jelena Ostapenko,6-0 4-0 RET,57,29,1020,1592
Toronto,WTA1000,2026/8/4,Hard,R64,3,Anna Kalinskaya,Mccartney Kessler,6-2 6-7 6-4,20,47,2007,1125
Toronto,WTA1000,2026/8/4,Hard,R64,3,Kamilla Rakhimova,Katerina Siniakova,6-7 6-0 5-2 RET,82,36,894,1285
Toronto,WTA1000,2026/8/5,Hard,R64,3,Aryna Sabalenka,Moyuka Uchijima,6-3 6-3,1,107,8550,713
Toronto,WTA1000,2026/8/5,Hard,R64,3,Amanda Anisimova,Lanlana Tararudee,W/O,9,78,4353,916
Toronto,WTA1000,2026/8/5,Hard,R64,3,Nikola Bartunkova,Clara Tauson,6-3 6-4,41,30,1231,1564
Toronto,WTA1000,2026/8/5,Hard,R64,3,Ann Li,Kayla Cross,7-6 6-3,31,172,1541,449
Toronto,WTA1000,2026/8/5,Hard,R64,3,Taylor Townsend,Marie Bouzkova,7-6 7-5,105,24,748,1829
Toronto,WTA1000,2026/8/5,Hard,R64,3,Elena Rybakina,Daria Kasatkina,6-3 5-7 6-4,2,61,8056,1009
Toronto,WTA1000,2026/8/5,Hard,R64,3,Belinda Bencic,Sloane Stephens,6-3 6-1,14,307,2845,225
Toronto,WTA1000,2026/8/5,Hard,R64,3,Jessica Pegula,Magdalena Frech,3-6 6-3 6-2,3,48,6300,1120
Toronto,WTA1000,2026/8/5,Hard,R64,3,Iva Jovic,Magda Linette,6-3 7-5,16,65,2636,1001
Toronto,WTA1000,2026/8/5,Hard,R64,3,Alina Korneeva,Emma Navarro,6-2 6-2,89,26,849,1674
Toronto,WTA1000,2026/8/5,Hard,R64,3,Mirra Andreeva,Karolina Pliskova,6-0 6-2,5,63,5293,1006
Toronto,WTA1000,2026/8/5,Hard,R64,3,Coco Gauff,Kayla Day,6-2 7-5,4,127,5649,591
Toronto,WTA1000,2026/8/5,Hard,R64,3,Maria Sakkari,Zeynep Sonmez,6-3 6-2,33,52,1355,1074
Toronto,WTA1000,2026/8/5,Hard,R64,3,Elise Mertens,Anna Bondar,3-6 6-4 6-4,23,77,1948,936
Toronto,WTA1000,2026/8/5,Hard,R64,3,Naomi Osaka,Panna Udvardy,6-2 6-4,13,74,3086,953
Toronto,WTA1000,2026/8/5,Hard,R64,3,Liudmila Samsonova,Barbora Krejcikova,6-1 7-5,70,25,970,1776
Toronto,WTA1000,2026/8/5,Hard,R64,3,Caty Mcnally,Linda Noskova,7-6 6-1,73,7,954,5016
Toronto,WTA1000,2026/8/6,Hard,R64,3,Leylah Fernandez,Renata Zarazua,6-2 6-2,34,83,1344,894
Toronto,WTA1000,2026/8/6,Hard,R64,3,Maya Joint,Sorana Cirstea,6-4 6-4,76,17,936,2502
Toronto,WTA1000,2026/8/6,Hard,R64,3,Alexandra Eala,Alycia Parks,6-1 4-6 6-2,28,68,1666,989
Toronto,WTA1000,2026/8/6,Hard,R32,3,Ekaterina Alexandrova,Talia Gibson,5-7 6-1 6-3,19,72,2301,958
Toronto,WTA1000,2026/8/6,Hard,R32,3,Iga Swiatek,Viktorija Golubic,6-2 6-1,8,51,4539,1088
Toronto,WTA1000,2026/8/6,Hard,R32,3,Diana Shnaider,Anna Kalinskaya,6-3 6-3,18,20,2458,2007
Toronto,WTA1000,2026/8/6,Hard,R32,3,Jessica Pegula,Kamilla Rakhimova,6-4 6-0,3,82,6300,894
Toronto,WTA1000,2026/8/6,Hard,R32,3,Marta Kostyuk,Madison Keys,6-3 6-1,11,22,3925,1964
Toronto,WTA1000,2026/8/6,Hard,R32,3,Amanda Anisimova,Nikola Bartunkova,3-6 6-0 6-4,9,41,4353,1231
Toronto,WTA1000,2026/8/7,Hard,R32,3,Aryna Sabalenka,Shuai Zhang,6-3 6-4,1,57,8550,1020
Toronto,WTA1000,2026/8/7,Hard,R32,3,Elina Svitolina,Anastasia Potapova,6-1 6-1,10,27,4351,1667
Toronto,WTA1000,2026/8/7,Hard,R32,3,Alina Korneeva,Iva Jovic,6-3 6-4,89,16,849,2636
Toronto,WTA1000,2026/8/7,Hard,R32,3,Elena Rybakina,Ann Li,6-2 7-5,2,31,8056,1541
Toronto,WTA1000,2026/8/7,Hard,R32,3,Leylah Fernandez,Mirra Andreeva,6-1 6-4,34,5,1344,5293
Toronto,WTA1000,2026/8/7,Hard,R32,3,Liudmila Samsonova,Maya Joint,7-5 6-7 6-2,70,76,970,936
Toronto,WTA1000,2026/8/7,Hard,R32,3,Naomi Osaka,Elise Mertens,6-1 6-2,13,23,3086,1948
Toronto,WTA1000,2026/8/8,Hard,R32,3,Coco Gauff,Maria Sakkari,6-1 6-4,4,33,5649,1355
Toronto,WTA1000,2026/8/8,Hard,R32,3,Belinda Bencic,Taylor Townsend,6-7 7-6 6-4,14,105,2845,748
Toronto,WTA1000,2026/8/8,Hard,R32,3,Alexandra Eala,Caty Mcnally,6-3 5-7 6-4,28,73,1666,954
Toronto,WTA1000,2026/8/8,Hard,R16,3,Iga Swiatek,Marta Kostyuk,3-6 6-1 6-2,8,11,4539,3925
Toronto,WTA1000,2026/8/8,Hard,R16,3,Diana Shnaider,Jessica Pegula,6-3 6-3,18,3,2458,6300
Toronto,WTA1000,2026/8/9,Hard,R16,3,Ekaterina Alexandrova,Aryna Sabalenka,7-6 4-6 6-4,19,1,2301,8550
Toronto,WTA1000,2026/8/9,Hard,R16,3,Elina Svitolina,Amanda Anisimova,6-2 6-4,10,9,4351,4353
Toronto,WTA1000,2026/8/9,Hard,R16,3,Elena Rybakina,Liudmila Samsonova,6-4 4-6 6-4,2,70,8056,970
Toronto,WTA1000,2026/8/9,Hard,R16,3,Coco Gauff,Alina Korneeva,6-3 6-1,4,89,5649,849
Toronto,WTA1000,2026/8/10,Hard,R16,3,Naomi Osaka,Leylah Fernandez,6-4 6-4,13,34,3086,1344
Toronto,WTA1000,2026/8/10,Hard,R16,3,Belinda Bencic,Alexandra Eala,6-4 6-0,14,28,2845,1666
Toronto,WTA1000,2026/8/11,Hard,QF,3,Iga Swiatek,Diana Shnaider,6-2 6-1,8,18,4539,2458
Toronto,WTA1000,2026/8/11,Hard,QF,3,Elina Svitolina,Ekaterina Alexandrova,3-6 6-0 6-3,10,19,4351,2301
Toronto,WTA1000,2026/8/12,Hard,QF,3,Coco Gauff,Belinda Bencic,W/O,4,14,5649,2845
Toronto,WTA1000,2026/8/12,Hard,QF,3,Elena Rybakina,Naomi Osaka,4-6 7-6 6-4,2,13,8056,3086
Toronto,WTA1000,2026/8/13,Hard,SF,3,Iga Swiatek,Elina Svitolina,6-3 1-6 6-3,8,10,4539,4351
Toronto,WTA1000,2026/8/13,Hard,SF,3,Elena Rybakina,Coco Gauff,5-7 6-2 6-2,2,4,8056,5649
Toronto,WTA1000,2026/8/13,Hard,F,3,Iga Swiatek,Elena Rybakina,6-2 6-3,8,2,4539,8056
Cincinnati,WTA1000,2026/8/13,Hard,R128,3,Zeynep Sonmez,Daria Kasatkina,2-6 7-6 6-3,50,68,1082,1003
Cincinnati,WTA1000,2026/8/13,Hard,R128,3,Anhelina Kalinina,Darja Vidmanova,4-6 6-4 6-2,51,88,1081,842
Cincinnati,WTA1000,2026/8/13,Hard,R128,3,Kamilla Rakhimova,Kimberly Birrell,6-2 6-2,83,69,894,999
Cincinnati,WTA1000,2026/8/13,Hard,R128,3,Taylor Townsend,Camila Osorio,3-6 6-3 6-3,94,55,813,1048
Cincinnati,WTA1000,2026/8/13,Hard,R128,3,Simona Waltert,Petra Marcinko,5-7 6-4 6-2,87,72,846,974
Cincinnati,WTA1000,2026/8/13,Hard,R128,3,Lois Boisson,Ashlyn Krueger,6-3 6-2,281,56,258,1047
Cincinnati,WTA1000,2026/8/13,Hard,R128,3,Magdalena Frech,Antonia Ruzic,6-2 7-5,41,61,1185,1032
Cincinnati,WTA1000,2026/8/13,Hard,R128,3,Elena Gabriela Ruse,Magda Linette,6-0 6-3,74,62,966,1026
Cincinnati,WTA1000,2026/8/13,Hard,R128,3,Diane Parry,Caroline Dolehide,6-4 7-6,66,246,1006,302
Cincinnati,WTA1000,2026/8/13,Hard,R128,3,Tatjana Maria,Dayana Yastremska,6-1 6-2,80,107,923,747
Cincinnati,WTA1000,2026/8/13,Hard,R128,3,Cristina Bucsa,Panna Udvardy,6-2 1-6 7-5,38,77,1224,961
Cincinnati,WTA1000,2026/8/14,Hard,R128,3,Katie Boulter,Katie Volynets,7-5 0-6 6-4,71,89,987,838
Cincinnati,WTA1000,2026/8/14,Hard,R128,3,Caty Mcnally,Mccartney Kessler,6-3 6-4,70,58,990,1040
Cincinnati,WTA1000,2026/8/14,Hard,R128,3,Lucrezia Stefanini,Elisabetta Cocciaretto,5-3 RET,142,60,557,1035
Cincinnati,WTA1000,2026/8/14,Hard,R128,3,Sara Bejlek,Karolina Pliskova,6-0 6-2,35,57,1289,1041
Cincinnati,WTA1000,2026/8/14,Hard,R128,3,Jessica Bouzas Maneiro,Anna Bondar,6-3 7-6,90,76,834,961
Cincinnati,WTA1000,2026/8/14,Hard,R128,3,Daria Snigur,Yuliia Starodubtseva,6-4 6-3,45,78,1163,953
Cincinnati,WTA1000,2026/8/14,Hard,R128,3,Nikola Bartunkova,Alina Charaeva,4-6 6-4 6-3,39,113,1203,694
Cincinnati,WTA1000,2026/8/14,Hard,R128,3,Anna Blinkova,Mananchaya Sawangkaew,1-6 6-2 6-3,111,105,734,750
Cincinnati,WTA1000,2026/8/14,Hard,R128,3,Tamara Korpatsch,Maya Joint,0-6 6-3 6-4,47,67,1128,1006
Cincinnati,WTA1000,2026/8/14,Hard,R128,3,Peyton Stearns,Harriet Dart,6-1 7-6,53,143,1061,557
Cincinnati,WTA1000,2026/8/14,Hard,R128,3,Emiliana Arango,Venus Williams,6-2 6-2,95,615,813,75
Cincinnati,WTA1000,2026/8/14,Hard,R128,3,Talia Gibson,Lilli Tagger,4-6 6-1 7-5,65,48,1010,1123
Cincinnati,WTA1000,2026/8/14,Hard,R128,3,Viktorija Golubic,Alycia Parks,6-2 6-2,52,63,1072,1014
Cincinnati,WTA1000,2026/8/14,Hard,R128,3,Oleksandra Oliynykova,Elvina Kalieva,6-4 6-1,46,120,1154,640
Cincinnati,WTA1000,2026/8/14,Hard,R128,3,Xiyu Wang,Maria Timofeeva,6-0 3-0 RET,108,96,743,806
Cincinnati,WTA1000,2026/8/14,Hard,R128,3,Xinyu Wang,Hanne Vandewinkel,6-4 6-3,36,82,1248,904
Cincinnati,WTA1000,2026/8/14,Hard,R128,3,Liudmila Samsonova,Yulia Putintseva,7-6 5-7 7-5,43,81,1178,904
Cincinnati,WTA1000,2026/8/14,Hard,R128,3,Tereza Valentova,Mary Stoiana,6-2 7-6,64,130,1012,602
Cincinnati,WTA1000,2026/8/15,Hard,R128,3,Sloane Stephens,Sinja Kraus,7-5 6-3,240,85,310,855
Cincinnati,WTA1000,2026/8/15,Hard,R128,3,Sofia Kenin,Eva Lys,1-6 6-3 6-3,115,92,684,816
Cincinnati,WTA1000,2026/8/15,Hard,R128,3,Shuai Zhang,Kayla Day,2-6 6-2 6-2,54,121,1060,630
Cincinnati,WTA1000,2026/8/15,Hard,R64,3,Maja Chwalinska,Cristina Bucsa,6-2 6-2,23,38,1984,1224
Cincinnati,WTA1000,2026/8/15,Hard,R64,3,Amanda Anisimova,Zeynep Sonmez,6-2 6-3,10,50,4353,1082
Cincinnati,WTA1000,2026/8/15,Hard,R64,3,Alexandra Eala,Elena Gabriela Ruse,6-1 3-0 RET,20,74,2216,966
Cincinnati,WTA1000,2026/8/15,Hard,R64,3,Anna Kalinskaya,Caty Mcnally,6-3 6-4,21,70,2083,990
Cincinnati,WTA1000,2026/8/15,Hard,R64,3,Diana Shnaider,Tatjana Maria,6-2 7-5,14,80,2798,923
Cincinnati,WTA1000,2026/8/15,Hard,R64,3,Magdalena Frech,Jelena Ostapenko,6-1 6-3,41,30,1185,1537
Cincinnati,WTA1000,2026/8/15,Hard,R64,3,Linda Noskova,Katie Boulter,6-3 6-3,8,71,5016,987
Cincinnati,WTA1000,2026/8/15,Hard,R64,3,Sorana Cirstea,Nikola Bartunkova,7-6 6-3,19,39,2502,1203
Cincinnati,WTA1000,2026/8/15,Hard,R64,3,Jessica Pegula,Simona Waltert,6-3 6-2,3,87,6680,846
Cincinnati,WTA1000,2026/8/15,Hard,R64,3,Maria Sakkari,Kamilla Rakhimova,6-2 5-7 6-1,32,83,1385,894
Cincinnati,WTA1000,2026/8/15,Hard,R64,3,Emma Navarro,Anhelina Kalinina,3-6 6-4 6-2,28,51,1669,1081
Cincinnati,WTA1000,2026/8/16,Hard,R64,3,Diane Parry,Elise Mertens,2-6 6-2 6-2,66,22,1006,2003
Cincinnati,WTA1000,2026/8/16,Hard,R64,3,Clara Tauson,Peyton Stearns,7-6 1-6 7-5,42,53,1184,1061
Cincinnati,WTA1000,2026/8/16,Hard,R64,3,Lois Boisson,Belinda Bencic,6-3 RET,281,12,258,2995
Cincinnati,WTA1000,2026/8/16,Hard,R64,3,Sara Bejlek,Barbora Krejcikova,7-6 6-4,35,26,1289,1776
Cincinnati,WTA1000,2026/8/16,Hard,R64,3,Mirra Andreeva,Oleksandra Oliynykova,6-1 6-0,6,46,5323,1154
Cincinnati,WTA1000,2026/8/16,Hard,R64,3,Elena Rybakina,Taylor Townsend,6-3 6-4,2,94,8316,813
Cincinnati,WTA1000,2026/8/16,Hard,R64,3,Janice Tjen,Viktorija Golubic,7-6 5-7 7-5,37,52,1238,1072
Cincinnati,WTA1000,2026/8/16,Hard,R64,3,Xinyu Wang,Donna Vekic,3-6 6-1 6-4,36,34,1248,1336
Cincinnati,WTA1000,2026/8/16,Hard,R64,3,Madison Keys,Daria Snigur,4-6 6-3 6-3,24,45,1814,1163
Cincinnati,WTA1000,2026/8/16,Hard,R64,3,Iga Swiatek,Emiliana Arango,6-3 6-0,5,95,5419,813
Cincinnati,WTA1000,2026/8/16,Hard,R64,3,Marie Bouzkova,Lucrezia Stefanini,6-2 6-4,27,142,1774,557
Cincinnati,WTA1000,2026/8/16,Hard,R64,3,Ann Li,Shuai Zhang,7-5 6-3,29,54,1596,1060
Cincinnati,WTA1000,2026/8/16,Hard,R64,3,Aryna Sabalenka,Talia Gibson,6-2 7-6,1,65,8670,1010
Cincinnati,WTA1000,2026/8/16,Hard,R64,3,Marta Kostyuk,Sofia Kenin,4-6 6-3 7-5,11,115,3830,684
Cincinnati,WTA1000,2026/8/16,Hard,R64,3,Katerina Siniakova,Jessica Bouzas Maneiro,6-7 6-1 6-1,44,90,1170,834
Cincinnati,WTA1000,2026/8/16,Hard,R64,3,Ekaterina Alexandrova,Anna Blinkova,6-7 6-4 7-5,18,111,2506,734
Cincinnati,WTA1000,2026/8/16,Hard,R64,3,Xiyu Wang,Leylah Fernandez,3-6 6-2 6-2,108,31,743,1454
Cincinnati,WTA1000,2026/8/16,Hard,R64,3,Iva Jovic,Tamara Korpatsch,6-4 6-3,16,47,2691,1128
Cincinnati,WTA1000,2026/8/16,Hard,R64,3,Sloane Stephens,Anastasia Potapova,6-2 6-4,240,25,310,1781
Cincinnati,WTA1000,2026/8/17,Hard,R64,3,Coco Gauff,Liudmila Samsonova,2-6 6-4 6-1,4,43,5919,1178
Cincinnati,WTA1000,2026/8/17,Hard,R64,3,Elina Svitolina,Tereza Valentova,3-6 7-6 6-0,9,64,4634,1012
Cincinnati,WTA1000,2026/8/17,Hard,R32,3,Diane Parry,Lois Boisson,4-6 6-4 6-3,66,281,1006,258
Cincinnati,WTA1000,2026/8/17,Hard,R32,3,Iga Swiatek,Maria Sakkari,4-6 6-1 6-1,5,32,5419,1385
Cincinnati,WTA1000,2026/8/17,Hard,R32,3,Elena Rybakina,Magdalena Frech,6-4 7-6,2,41,8316,1185
Cincinnati,WTA1000,2026/8/17,Hard,R32,3,Sorana Cirstea,Anna Kalinskaya,6-7 6-1 5-0 RET,19,21,2502,2083
Cincinnati,WTA1000,2026/8/17,Hard,R32,3,Diana Shnaider,Maja Chwalinska,6-2 7-6,14,23,2798,1984
Cincinnati,WTA1000,2026/8/17,Hard,R32,3,Linda Noskova,Clara Tauson,7-6 6-2,8,42,5016,1184
Cincinnati,WTA1000,2026/8/18,Hard,R32,3,Jessica Pegula,Emma Navarro,7-5 6-2,3,28,6680,1669
Cincinnati,WTA1000,2026/8/18,Hard,R32,3,Amanda Anisimova,Alexandra Eala,4-6 6-4 6-2,10,20,4353,2216
Cincinnati,WTA1000,2026/8/18,Hard,R32,3,Madison Keys,Katerina Siniakova,6-1 6-3,24,44,1814,1170
Cincinnati,WTA1000,2026/8/18,Hard,R32,3,Mirra Andreeva,Janice Tjen,6-1 7-6,6,37,5323,1238
Cincinnati,WTA1000,2026/8/18,Hard,R32,3,Xiyu Wang,Elina Svitolina,W/O,108,9,743,4634
Cincinnati,WTA1000,2026/8/18,Hard,R32,3,Coco Gauff,Ann Li,6-1 7-6,4,29,5919,1596
Cincinnati,WTA1000,2026/8/18,Hard,R32,3,Marta Kostyuk,Sloane Stephens,7-5 7-5,11,240,3830,310
Cincinnati,WTA1000,2026/8/18,Hard,R32,3,Sara Bejlek,Ekaterina Alexandrova,4-6 6-1 6-2,35,18,1289,2506
Cincinnati,WTA1000,2026/8/19,Hard,R32,3,Aryna Sabalenka,Xinyu Wang,6-1 6-3,1,36,8670,1248
Cincinnati,WTA1000,2026/8/19,Hard,R32,3,Marie Bouzkova,Iva Jovic,7-6 7-6,27,16,1774,2691
Cincinnati,WTA1000,2026/8/19,Hard,R16,3,Iga Swiatek,Diane Parry,6-3 6-3,5,66,5419,1006
Cincinnati,WTA1000,2026/8/19,Hard,R16,3,Jessica Pegula,Sorana Cirstea,6-2 4-6 7-5,3,19,6680,2502
Cincinnati,WTA1000,2026/8/19,Hard,R16,3,Marta Kostyuk,Mirra Andreeva,4-6 6-0 6-2,11,6,3830,5323
Cincinnati,WTA1000,2026/8/19,Hard,R16,3,Amanda Anisimova,Linda Noskova,6-1 6-4,10,8,4353,5016
Cincinnati,WTA1000,2026/8/19,Hard,R16,3,Elena Rybakina,Diana Shnaider,6-4 6-4,2,14,8316,2798
Cincinnati,WTA1000,2026/8/19,Hard,R16,3,Coco Gauff,Marie Bouzkova,6-3 6-2,4,27,5919,1774
Cincinnati,WTA1000,2026/8/20,Hard,R16,3,Madison Keys,Xiyu Wang,7-6 6-4,24,108,1814,743
Cincinnati,WTA1000,2026/8/20,Hard,R16,3,Sara Bejlek,Aryna Sabalenka,7-6 6-4,35,1,1289,8670
Cincinnati,WTA1000,2026/8/20,Hard,QF,3,Jessica Pegula,Amanda Anisimova,6-4 2-6 7-6,3,10,6680,4353
Cincinnati,WTA1000,2026/8/21,Hard,QF,3,Iga Swiatek,Elena Rybakina,4-1 RET,5,2,5419,8316
Cincinnati,WTA1000,2026/8/21,Hard,QF,3,Sara Bejlek,Madison Keys,3-6 6-4 7-6,35,24,1289,1814
Cincinnati,WTA1000,2026/8/22,Hard,QF,3,Coco Gauff,Marta Kostyuk,6-2 6-2,4,11,5919,3830
Cincinnati,WTA1000,2026/8/22,Hard,SF,3,Jessica Pegula,Iga Swiatek,7-5 4-6 6-4,3,5,6680,5419
Cincinnati,WTA1000,2026/8/23,Hard,SF,3,Coco Gauff,Sara Bejlek,6-4 6-1,4,35,5919,1289
Cincinnati,WTA1000,2026/8/24,Hard,F,3,Coco Gauff,Jessica Pegula,6-2 6-4,4,3,5919,6680
